ExpeditingContractLineItemId,ExpeditingContractId,LineItemNumber,AddedBy,AddedOn,UpdatedBy,UpdatedOn,Incoterm,BOLNumber,LineItemSource,Qty,ReceivedQty,RevAdded,ShippedQty,ShippingOrigin,SplitShipmentId,UoM,MainMaterialReceivedForecasted,MainMaterialReceivedScheduled,OrderedForecasted,ReceivedActual,ReceivedForecasted,UserComments,ParentExpeditingContractLineItemId,DeliveryFromFactoryScheduled,FinalInspectionActual,FinalInspectionCommitted,FinalInspectionForecasted,FinalInspectionScheduled,FabricationStartActual,FirstDocumentsReceivedActual,FirstDocumentsReceivedCommitted,FirstDocumentsReceivedForecasted,MainMaterialReceivedCommitted,FabricationStartCommitted,FabricationStartForecasted,FabricationStartScheduled,OrderedActual,FirstDocumentsReceivedScheduled,MainMaterialReceivedActual,IsActive,VersionNumber,DeliveryLocation,RequisitionLineItemNumber,RequisitionNumber,ArrivalAtSiteActual,ArrivalAtSiteCommitted,ArrivalAtSiteForecasted,ArrivalAtSiteScheduled,AwardActual,AwardCommitted,AwardForecasted,AwardScheduled,DeliveryFromFactoryActual,DeliveryFromFactoryCommitted,DeliveryFromFactoryForecasted,DelayReason,ROSDate,P6ActivityId,Description,TagNumber,ParentTagNumber,SpoolTag
5577,419,1,kd.warren@kiewit.com,2026-06-16 12:10:52,kd.warren@kiewit.com,2026-06-16 12:48:13,DDP,,Manual,1,0,0,0,,,EA,null,null,null,null,null,PHASE A,null,null,null,null,null,null,null,2026-04-29,null,null,null,null,null,null,null,2026-04-24,null,TRUE,3,SITE,,,null,null,2026-12-04,null,null,null,null,null,null,null,null,,2026-12-04,PRO.FGS.1280,High Pressure Fuel Gas Regulating Stations,05-FGS-SKD-01,0X-FGS-SKD-01,null
5578,419,2,kd.warren@kiewit.com,2026-06-16 12:10:52,kd.warren@kiewit.com,2026-06-16 12:48:13,DDP,,Manual,1,0,0,0,,,EA,null,null,null,null,null,PHASE A,null,null,null,null,null,null,null,2026-04-29,null,null,null,null,null,null,null,2026-04-24,null,TRUE,3,SITE,,,null,null,2026-12-04,null,null,null,null,null,null,null,null,,2026-12-04,PRO.FGS.1170,High Pressure Fuel Gas Regulating Stations,06-FGS-SKD-01,0X-FGS-SKD-01,null
5579,419,3,kd.warren@kiewit.com,2026-06-16 12:10:52,kd.warren@kiewit.com,2026-06-16 12:48:13,DDP,,Manual,1,0,0,0,,,EA,null,null,null,null,null,PHASE B,null,null,null,null,null,null,null,2026-04-29,null,null,null,null,null,null,null,2026-04-24,null,TRUE,3,SITE,,,null,null,2027-01-18,null,null,null,null,null,null,null,null,,2027-01-18,PRO.FGS.1040,High Pressure Fuel Gas Regulating Stations,02-FGS-SKD-01,0X-FGS-SKD-01,null
5580,419,4,kd.warren@kiewit.com,2026-06-16 12:10:52,kd.warren@kiewit.com,2026-06-16 12:48:13,DDP,,Manual,1,0,0,0,,,EA,null,null,null,null,null,PHASE B,null,null,null,null,null,null,null,2026-04-29,null,null,null,null,null,null,null,2026-04-24,null,TRUE,3,SITE,,,null,null,2027-01-18,null,null,null,null,null,null,null,null,,2027-01-18,PRO.FGS.1270,High Pressure Fuel Gas Regulating Stations,03-FGS-SKD-01,0X-FGS-SKD-01,null
5581,419,5,kd.warren@kiewit.com,2026-06-16 12:10:52,kd.warren@kiewit.com,2026-06-16 12:48:13,DDP,,Manual,1,0,0,0,,,EA,null,null,null,null,null,PHASE C,null,null,null,null,null,null,null,2026-04-29,null,null,null,null,null,null,null,2026-04-24,null,TRUE,3,SITE,,,null,null,2027-03-04,null,null,null,null,null,null,null,null,,2027-03-04,PRO.FGS.1050,High Pressure Fuel Gas Regulating Stations,07-FGS-SKD-01,0X-FGS-SKD-01,null
5582,419,6,kd.warren@kiewit.com,2026-06-16 12:10:52,kd.warren@kiewit.com,2026-06-16 12:48:13,DDP,,Manual,1,0,0,0,,,EA,null,null,null,null,null,PHASE D,null,null,null,null,null,null,null,2026-04-29,null,null,null,null,null,null,null,2026-04-24,null,TRUE,3,SITE,,,null,null,2027-04-18,null,null,null,null,null,null,null,null,,2027-04-18,PRO.FGS.1060,High Pressure Fuel Gas Regulating Stations,04-FGS-SKD-01,0X-FGS-SKD-01,null
5583,419,7,kd.warren@kiewit.com,2026-06-16 12:10:52,kd.warren@kiewit.com,2026-06-16 12:48:13,DDP,,Manual,1,0,0,0,,,EA,null,null,null,null,null,PHASE E,null,null,null,null,null,null,null,2026-04-29,null,null,null,null,null,null,null,2026-04-24,null,TRUE,3,SITE,,,null,null,2027-06-02,null,null,null,null,null,null,null,null,,2027-06-02,PRO.FGS.1070,High Pressure Fuel Gas Regulating Stations,01-FGS-SKD-01,0X-FGS-SKD-01,null
5584,419,8,kd.warren@kiewit.com,2026-06-16 12:10:52,kd.warren@kiewit.com,2026-06-16 12:48:13,DDP,,Manual,1,0,0,0,,,EA,null,null,null,null,null,PHASE A,null,null,null,null,null,null,null,null,null,null,null,null,null,null,null,2026-04-24,null,TRUE,3,SITE,,,null,null,2026-12-04,null,null,null,null,null,null,null,null,,2026-12-04,PRO.FGS.1280,Low Pressure Fuel Gas Electric Heating Stations,05-FGS-HTR-06,0X-FGS-HTR-06,null
5585,419,9,kd.warren@kiewit.com,2026-06-16 12:10:52,kd.warren@kiewit.com,2026-06-16 12:48:13,DDP,,Manual,1,0,0,0,,,EA,null,null,null,null,null,PHASE A,null,null,null,null,null,null,null,null,null,null,null,null,null,null,null,2026-04-24,null,TRUE,3,SITE,,,null,null,2026-12-04,null,null,null,null,null,null,null,null,,2026-12-04,PRO.FGS.1170,Low Pressure Fuel Gas Electric Heating Stations,06-FGS-HTR-06,0X-FGS-HTR-06,null
5586,419,10,kd.warren@kiewit.com,2026-06-16 12:10:52,kd.warren@kiewit.com,2026-06-16 12:48:13,DDP,,Manual,1,0,0,0,,,EA,null,null,null,null,null,PHASE B,null,null,null,null,null,null,null,null,null,null,null,null,null,null,null,2026-04-24,null,TRUE,3,SITE,,,null,null,2027-01-18,null,null,null,null,null,null,null,null,,2027-01-18,PRO.FGS.1040,Low Pressure Fuel Gas Electric Heating Stations,02-FGS-HTR-06,0X-FGS-HTR-06,null
5587,419,11,kd.warren@kiewit.com,2026-06-16 12:10:52,kd.warren@kiewit.com,2026-06-16 12:48:13,DDP,,Manual,1,0,0,0,,,EA,null,null,null,null,null,PHASE B,null,null,null,null,null,null,null,null,null,null,null,null,null,null,null,2026-04-24,null,TRUE,3,SITE,,,null,null,2027-01-18,null,null,null,null,null,null,null,null,,2027-01-18,PRO.FGS.1270,Low Pressure Fuel Gas Electric Heating Stations,03-FGS-HTR-06,0X-FGS-HTR-06,null
5588,419,12,kd.warren@kiewit.com,2026-06-16 12:10:52,kd.warren@kiewit.com,2026-06-16 12:48:13,DDP,,Manual,1,0,0,0,,,EA,null,null,null,null,null,PHASE C,null,null,null,null,null,null,null,null,null,null,null,null,null,null,null,2026-04-24,null,TRUE,3,SITE,,,null,null,2027-03-04,null,null,null,null,null,null,null,null,,2027-03-04,PRO.FGS.1050,Low Pressure Fuel Gas Electric Heating Stations,07-FGS-HTR-06,0X-FGS-HTR-06,null
5589,419,13,kd.warren@kiewit.com,2026-06-16 12:10:52,kd.warren@kiewit.com,2026-06-16 12:48:13,DDP,,Manual,1,0,0,0,,,EA,null,null,null,null,null,PHASE D,null,null,null,null,null,null,null,null,null,null,null,null,null,null,null,2026-04-24,null,TRUE,3,SITE,,,null,null,2027-04-18,null,null,null,null,null,null,null,null,,2027-04-18,PRO.FGS.1060,Low Pressure Fuel Gas Electric Heating Stations,04-FGS-HTR-06,0X-FGS-HTR-06,null
5590,419,14,kd.warren@kiewit.com,2026-06-16 12:10:52,kd.warren@kiewit.com,2026-06-16 12:48:13,DDP,,Manual,1,0,0,0,,,EA,null,null,null,null,null,PHASE E,null,null,null,null,null,null,null,null,null,null,null,null,null,null,null,2026-04-24,null,TRUE,3,SITE,,,null,null,2027-06-02,null,null,null,null,null,null,null,null,,2027-06-02,PRO.FGS.1070,Low Pressure Fuel Gas Electric Heating Stations,01-FGS-HTR-06,0X-FGS-HTR-06,null
5591,419,15,kd.warren@kiewit.com,2026-06-16 12:10:52,kd.warren@kiewit.com,2026-06-16 12:48:13,DDP,,Manual,1,0,0,0,,,EA,null,null,null,null,null,PHASE A,null,null,null,null,null,null,null,2026-04-30,null,null,null,null,null,null,null,2026-04-24,null,TRUE,3,SITE,,,null,null,2026-12-04,null,null,null,null,null,null,null,null,,2026-12-04,PRO.FGS.1280,Low Pressure Fuel Gas Regulating Stations,05-FGS-SKD-06,0X-FGS-SKD-06,null
5592,419,16,kd.warren@kiewit.com,2026-06-16 12:10:52,kd.warren@kiewit.com,2026-06-16 12:48:13,DDP,,Manual,1,0,0,0,,,EA,null,null,null,null,null,PHASE A,null,null,null,null,null,null,null,2026-04-30,null,null,null,null,null,null,null,2026-04-24,null,TRUE,3,SITE,,,null,null,2026-12-04,null,null,null,null,null,null,null,null,,2026-12-04,PRO.FGS.1170,Low Pressure Fuel Gas Regulating Stations,06-FGS-SKD-06,0X-FGS-SKD-06,null
5593,419,17,kd.warren@kiewit.com,2026-06-16 12:10:52,kd.warren@kiewit.com,2026-06-16 12:48:13,DDP,,Manual,1,0,0,0,,,EA,null,null,null,null,null,PHASE B,null,null,null,null,null,null,null,2026-04-30,null,null,null,null,null,null,null,2026-04-24,null,TRUE,3,SITE,,,null,null,2027-01-18,null,null,null,null,null,null,null,null,,2027-01-18,PRO.FGS.1040,Low Pressure Fuel Gas Regulating Stations,02-FGS-SKD-06,0X-FGS-SKD-06,null
5594,419,18,kd.warren@kiewit.com,2026-06-16 12:10:52,kd.warren@kiewit.com,2026-06-16 12:48:13,DDP,,Manual,1,0,0,0,,,EA,null,null,null,null,null,PHASE B,null,null,null,null,null,null,null,2026-04-30,null,null,null,null,null,null,null,2026-04-24,null,TRUE,3,SITE,,,null,null,2027-01-18,null,null,null,null,null,null,null,null,,2027-01-18,PRO.FGS.1270,Low Pressure Fuel Gas Regulating Stations,03-FGS-SKD-06,0X-FGS-SKD-06,null
5595,419,19,kd.warren@kiewit.com,2026-06-16 12:10:52,kd.warren@kiewit.com,2026-06-16 12:48:13,DDP,,Manual,1,0,0,0,,,EA,null,null,null,null,null,PHASE C,null,null,null,null,null,null,null,2026-04-30,null,null,null,null,null,null,null,2026-04-24,null,TRUE,3,SITE,,,null,null,2027-03-04,null,null,null,null,null,null,null,null,,2027-03-04,PRO.FGS.1050,Low Pressure Fuel Gas Regulating Stations,07-FGS-SKD-06,0X-FGS-SKD-06,null
5596,419,20,kd.warren@kiewit.com,2026-06-16 12:10:52,kd.warren@kiewit.com,2026-06-16 12:48:13,DDP,,Manual,1,0,0,0,,,EA,null,null,null,null,null,PHASE D,null,null,null,null,null,null,null,2026-04-30,null,null,null,null,null,null,null,2026-04-24,null,TRUE,3,SITE,,,null,null,2027-04-18,null,null,null,null,null,null,null,null,,2027-04-18,PRO.FGS.1060,Low Pressure Fuel Gas Regulating Stations,04-FGS-SKD-06,0X-FGS-SKD-06,null
5597,419,21,kd.warren@kiewit.com,2026-06-16 12:10:52,kd.warren@kiewit.com,2026-06-16 12:48:13,DDP,,Manual,1,0,0,0,,,EA,null,null,null,null,null,PHASE E,null,null,null,null,null,null,null,2026-04-30,null,null,null,null,null,null,null,2026-04-24,null,TRUE,3,SITE,,,null,null,2027-06-02,null,null,null,null,null,null,null,null,,2027-06-02,PRO.FGS.1070,Low Pressure Fuel Gas Regulating Stations,01-FGS-SKD-06,0X-FGS-SKD-06,null
5598,419,22,kd.warren@kiewit.com,2026-06-16 12:10:52,oranda.barter@kiewit.com,2026-07-29 14:58:37,DDP,,Manual,1,0,0,0,,,EA,2026-09-28,2026-09-28,null,null,null,PHASE A,null,2026-11-09,null,null,2026-11-04,2026-11-04,null,null,null,null,null,null,2026-08-11,2026-08-11,null,null,null,TRUE,3,SITE,,,null,null,2026-12-04,2026-12-04,null,null,null,null,null,null,2026-11-09,,2026-12-04,PRO.FGS.1280,Building Heat Regulator Skid,05-FGS-SKD-07,0X-FGS-SKD-07,null
5599,419,23,kd.warren@kiewit.com,2026-06-16 12:10:52,oranda.barter@kiewit.com,2026-07-29 14:58:37,DDP,,Manual,1,0,0,0,,,EA,2026-09-28,2026-09-28,null,null,null,PHASE A,null,2026-11-30,null,null,2026-11-25,2026-11-25,null,null,null,null,null,null,2026-09-01,2026-09-01,null,null,null,TRUE,3,SITE,,,null,null,2026-12-04,2026-12-04,null,null,null,null,null,null,2026-11-30,,2026-12-04,PRO.FGS.1170,Building Heat Regulator Skid,06-FGS-SKD-07,0X-FGS-SKD-07,null
5600,419,24,kd.warren@kiewit.com,2026-06-16 12:10:52,oranda.barter@kiewit.com,2026-07-29 14:58:37,DDP,,Manual,1,0,0,0,,,EA,2026-09-28,2026-09-28,null,null,null,PHASE B,null,2027-01-04,null,null,2026-12-30,2026-12-30,null,null,null,null,null,null,2026-10-06,2026-10-06,null,null,null,TRUE,3,SITE,,,null,null,2027-01-18,2027-01-18,null,null,null,null,null,null,2027-01-04,,2027-01-18,PRO.FGS.1040,Building Heat Regulator Skid,02-FGS-SKD-07,0X-FGS-SKD-07,null
5601,419,25,kd.warren@kiewit.com,2026-06-16 12:10:52,oranda.barter@kiewit.com,2026-07-29 14:58:37,DDP,,Manual,1,0,0,0,,,EA,2026-09-28,2026-09-28,null,null,null,PHASE B,null,2027-01-11,null,null,2027-01-06,2027-01-06,null,null,null,null,null,null,2026-10-13,2026-10-13,null,null,null,TRUE,3,SITE,,,null,null,2027-01-18,2027-01-18,null,null,null,null,null,null,2027-01-11,,2027-01-18,PRO.FGS.1270,Building Heat Regulator Skid,03-FGS-SKD-07,0X-FGS-SKD-07,null
5602,419,26,kd.warren@kiewit.com,2026-06-16 12:10:52,oranda.barter@kiewit.com,2026-07-29 14:58:37,DDP,,Manual,1,0,0,0,,,EA,2026-09-28,2026-09-28,null,null,null,PHASE C,null,2027-02-22,null,null,2027-02-17,2027-02-17,null,null,null,null,null,null,2026-11-24,2026-11-24,null,null,null,TRUE,3,SITE,,,null,null,2027-03-04,2027-03-04,null,null,null,null,null,null,2027-02-22,,2027-03-04,PRO.FGS.1050,Building Heat Regulator Skid,07-FGS-SKD-07,0X-FGS-SKD-07,null
5603,419,27,kd.warren@kiewit.com,2026-06-16 12:10:52,oranda.barter@kiewit.com,2026-07-29 14:58:37,DDP,,Manual,1,0,0,0,,,EA,2026-09-28,2026-09-28,null,null,null,PHASE D,null,2027-04-12,null,null,2027-04-07,2027-04-07,null,null,null,null,null,null,2027-01-12,2027-01-12,null,null,null,TRUE,3,SITE,,,null,null,2027-04-18,2027-04-18,null,null,null,null,null,null,2027-04-12,,2027-04-18,PRO.FGS.1060,Building Heat Regulator Skid,04-FGS-SKD-07,0X-FGS-SKD-07,null
5604,419,28,kd.warren@kiewit.com,2026-06-16 12:10:52,oranda.barter@kiewit.com,2026-07-29 14:58:37,DDP,,Manual,1,0,0,0,,,EA,2026-09-28,2026-09-28,null,null,null,PHASE E,null,2027-05-24,null,null,2027-05-19,2027-05-19,null,null,null,null,null,null,2027-02-23,2027-02-23,null,null,null,TRUE,3,SITE,,,null,null,2027-06-02,2027-06-02,null,null,null,null,null,null,2027-05-24,,2027-06-02,PRO.FGS.1070,Building Heat Regulator Skid,01-FGS-SKD-07,0X-FGS-SKD-07,null
5835,421,1,kd.warren@kiewit.com,2026-06-22 19:26:46,oranda.barter@kiewit.com,2026-07-29 13:32:30,DDP,,Manual,1,0,0,0,Indonesia,,EA,2026-10-12,2026-10-12,null,null,null,,null,2027-04-07,null,null,2027-03-23,2027-03-23,null,2026-02-06,null,null,null,null,2026-10-13,2026-10-13,null,null,null,TRUE,3,SITE,,,null,null,2027-07-20,2027-07-20,null,null,null,null,null,null,2027-04-07,,2027-05-03,PRO.CST.1030,Common Services XFRMR,00-MVA-XFR-01,00-MVA-XFR-01,null
11199,389,1,kd.warren@kiewit.com,2026-07-13 13:23:03,kd.warren@kiewit.com,2026-07-13 13:23:50,null,,Manual,7,0,0,0,,,EA,null,null,null,null,null,100% Shipped & Received,null,null,null,null,null,null,null,null,null,null,null,null,null,null,null,null,null,TRUE,1,,,,2026-04-24,null,2026-04-24,null,null,null,null,null,null,null,2026-04-21,,2026-04-24,,CT Water Wash Tanks,ALL,BOP PHASE A-E,null
21860,437,1,oranda.barter@kiewit.com,2026-07-29 17:01:05,oranda.barter@kiewit.com,2026-08-03 13:17:19,DDP,,Requisition,1,0,0,0,"Richland, MS",,ea,2026-09-01,2026-09-21,null,null,null,PHASE C,null,2027-02-01,null,null,2027-01-14,2027-01-14,null,null,null,null,null,null,2026-11-30,2026-12-01,null,null,null,TRUE,1,Site,1,R-100000012V0,null,null,2027-02-24,2027-02-24,null,null,null,null,null,null,2027-01-29,,2027-02-24,PRO.IPBD.1050,STG ISOPHASE BUS DUCT,07-IPB-PNL-02,,null
21861,437,2,oranda.barter@kiewit.com,2026-07-29 17:01:05,oranda.barter@kiewit.com,2026-08-03 13:17:19,DDP,,Requisition,1,0,0,0,"Richland, MS",,ea,2026-09-01,2026-09-21,null,null,null,PHASE C,null,2027-02-01,null,null,2027-01-14,2027-01-14,null,null,null,null,null,null,2026-11-30,2026-12-01,null,null,null,TRUE,1,Site,2,R-100000012V0,null,null,2027-02-24,2027-02-24,null,null,null,null,null,null,2027-01-29,,2027-02-24,PRO.IPBD.1050,CTG ISOPHASE BUS DUCT,07-IPB-PNL-01,,null
21862,437,3,oranda.barter@kiewit.com,2026-07-29 17:01:05,oranda.barter@kiewit.com,2026-08-03 13:17:19,DDP,,Requisition,1,0,0,0,"Richland, MS",,ea,2026-09-01,2026-08-04,null,null,null,PHASE A,null,2026-12-11,null,null,2026-12-07,2026-12-07,null,null,null,null,null,null,2026-08-31,2026-10-30,null,null,2026-08-04,TRUE,1,Site,3,R-100000012V0,null,null,2026-12-28,2026-12-28,null,null,null,null,null,null,2026-12-11,,2026-12-28,PRO.IPBD.1170,STG ISOPHASE BUS DUCT,06-IPB-PNL-02,,null
21863,437,4,oranda.barter@kiewit.com,2026-07-29 17:01:05,oranda.barter@kiewit.com,2026-08-03 13:17:19,DDP,,Requisition,1,0,0,0,"Richland, MS",,ea,2026-09-01,2026-08-04,null,null,null,PHASE A,null,2026-12-11,null,null,2026-12-07,2026-12-07,null,null,null,null,null,null,2026-08-31,2026-10-30,null,null,2026-08-04,TRUE,1,Site,4,R-100000012V0,null,null,2026-12-28,2026-12-28,null,null,null,null,null,null,2026-12-11,,2026-12-28,PRO.IPBD.1170,CTG ISOPHASE BUS DUCT,06-IPB-PNL-01,,null
21864,437,5,oranda.barter@kiewit.com,2026-07-29 17:01:05,oranda.barter@kiewit.com,2026-08-03 13:17:19,DDP,,Requisition,1,0,0,0,"Richland, MS",,ea,2026-09-01,2026-08-04,null,null,null,PHASE A,null,2026-11-20,null,null,2026-11-16,2026-11-16,null,null,null,null,null,null,2026-07-31,2026-09-02,null,null,2026-08-04,TRUE,1,Site,5,R-100000012V0,null,null,2026-12-07,2026-12-07,null,null,null,null,null,null,2026-11-13,,2026-12-07,PRO.IPBD.1030,STG ISOPHASE BUS DUCT,05-IPB-PNL-02,,null
21865,437,6,oranda.barter@kiewit.com,2026-07-29 17:01:05,oranda.barter@kiewit.com,2026-08-03 13:17:19,DDP,,Requisition,1,0,0,0,"Richland, MS",,ea,2026-09-01,2026-08-04,null,null,null,PHASE A,null,2026-11-20,null,null,2026-11-16,2026-11-16,null,null,null,null,null,null,2026-07-31,2026-09-02,null,null,2026-08-04,TRUE,1,Site,6,R-100000012V0,null,null,2026-12-07,2026-12-07,null,null,null,null,null,null,2026-11-13,,2026-12-07,PRO.IPBD.1030,CTG ISOPHASE BUS DUCT,05-IPB-PNL-01,,null
21866,437,7,oranda.barter@kiewit.com,2026-07-29 17:01:05,oranda.barter@kiewit.com,2026-08-03 13:17:19,DDP,,Requisition,1,0,0,0,"Richland, MS",,ea,2026-09-01,2026-09-21,null,null,null,PHASE D,null,2027-04-28,null,null,2027-04-22,2027-04-22,null,null,null,null,null,null,2026-12-30,2027-03-15,null,null,null,TRUE,1,Site,7,R-100000012V0,null,null,2027-05-17,2027-05-17,null,null,null,null,null,null,2027-04-20,,2027-05-17,PRO.IPBD.1060,STG ISOPHASE BUS DUCT,04-IPB-PNL-02,,null
21867,437,8,oranda.barter@kiewit.com,2026-07-29 17:01:05,oranda.barter@kiewit.com,2026-08-03 13:17:19,DDP,,Requisition,1,0,0,0,"Richland, MS",,ea,2026-09-01,2026-09-21,null,null,null,PHASE D,null,2027-04-28,null,null,2027-04-22,2027-04-22,null,null,null,null,null,null,2026-12-30,2027-03-15,null,null,null,TRUE,1,Site,8,R-100000012V0,null,null,2027-05-17,2027-05-17,null,null,null,null,null,null,2027-04-20,,2027-05-17,PRO.IPBD.1060,CTG ISOPHASE BUS DUCT,04-IPB-PNL-01,,null
21868,437,9,oranda.barter@kiewit.com,2026-07-29 17:01:05,oranda.barter@kiewit.com,2026-08-03 13:17:19,DDP,,Requisition,1,0,0,0,"Richland, MS",,ea,2026-09-01,2026-08-04,null,null,null,PHASE B,null,2026-12-22,null,null,2026-12-20,2026-12-20,null,null,null,null,null,null,2026-10-30,2026-11-13,null,null,2026-08-04,TRUE,1,Site,9,R-100000012V0,null,null,2027-01-15,2027-01-15,null,null,null,null,null,null,2027-01-27,,2026-02-23,PRO.IPBD.1270,STG ISOPHASE BUS DUCT,03-IPB-PNL-02,,null
21869,437,10,oranda.barter@kiewit.com,2026-07-29 17:01:05,oranda.barter@kiewit.com,2026-08-03 13:17:19,DDP,,Requisition,1,0,0,0,"Richland, MS",,ea,2026-09-01,2026-08-04,null,null,null,PHASE B,null,2026-12-22,null,null,2026-12-20,2026-12-20,null,null,null,null,null,null,2026-10-30,2026-11-13,null,null,2026-08-04,TRUE,1,Site,10,R-100000012V0,null,null,2027-01-15,2027-01-15,null,null,null,null,null,null,2027-01-27,,2026-02-23,PRO.IPBD.1270,CTG ISOPHASE BUS DUCT,03-IPB-PNL-01,,null
21870,437,11,oranda.barter@kiewit.com,2026-07-29 17:01:05,oranda.barter@kiewit.com,2026-08-03 13:17:19,DDP,,Requisition,1,0,0,0,"Richland, MS",,ea,2026-09-01,2026-08-04,null,null,null,PHASE B,null,2027-02-01,null,null,2027-01-14,2027-01-14,null,null,null,null,null,null,2026-09-30,2026-12-01,null,null,2026-08-04,TRUE,1,Site,11,R-100000012V0,null,null,2027-02-23,2027-02-23,null,null,null,null,null,null,2027-01-13,,2026-01-15,PRO.IPBD.1040,STG ISOPHASE BUS DUCT,02-IPB-PNL-02,,null
21871,437,12,oranda.barter@kiewit.com,2026-07-29 17:01:05,oranda.barter@kiewit.com,2026-08-03 13:17:19,DDP,,Requisition,1,0,0,0,"Richland, MS",,ea,2026-09-01,2026-08-04,null,null,null,PHASE B,null,2027-02-01,null,null,2027-01-14,2027-01-14,null,null,null,null,null,null,2026-09-30,2026-12-01,null,null,2026-08-04,TRUE,1,Site,12,R-100000012V0,null,null,2027-02-23,2027-02-23,null,null,null,null,null,null,2027-01-13,,2026-01-15,PRO.IPBD.1040,CTG ISOPHASE BUS DUCT,02-IPB-PNL-01,,null
21872,437,13,oranda.barter@kiewit.com,2026-07-29 17:01:05,oranda.barter@kiewit.com,2026-08-03 13:17:19,DDP,,Requisition,1,0,0,0,"Richland, MS",,ea,2026-09-01,2026-09-21,null,null,null,PHASE E,null,2027-09-22,null,null,2027-09-16,2027-09-16,null,null,null,null,null,null,2027-04-01,2027-08-09,null,null,null,TRUE,1,Site,13,R-100000012V0,null,null,2027-10-11,2027-10-11,null,null,null,null,null,null,2027-08-02,,2027-10-11,PRO.IPBD.1070,STG ISOPHASE BUS DUCT,01-IPB-PNL-02,,null
21873,437,14,oranda.barter@kiewit.com,2026-07-29 17:01:05,oranda.barter@kiewit.com,2026-08-03 13:17:19,DDP,,Requisition,1,0,0,0,"Richland, MS",,ea,2026-09-01,2026-09-21,null,null,null,PHASE E,null,2027-09-22,null,null,2027-09-16,2027-09-16,null,null,null,null,null,null,2027-04-01,2027-08-09,null,null,null,TRUE,1,Site,14,R-100000012V0,null,null,2027-10-11,2027-10-11,null,null,null,null,null,null,2027-08-02,,2027-10-11,PRO.IPBD.1070,CTG ISOPHASE BUS DUCT,01-IPB-PNL-01,,null
21874,413,1,oranda.barter@kiewit.com,2026-07-29 19:55:03,oranda.barter@kiewit.com,2026-08-17 15:20:12,DDP,,Manual,2,0,0,0,JAPAN,,EA,null,null,null,null,null,,null,2026-11-25,null,null,null,null,null,null,null,null,null,null,null,null,null,null,null,TRUE,3,SITE,,,null,null,2027-01-02,2027-01-02,null,null,null,null,null,null,2026-11-25,,2027-01-02,PRO.VSP.1280,General Service Pumps - CCW,05-CCW-PMP-01A/B,0X-CCW-PMP-01A/B,null
21875,413,2,oranda.barter@kiewit.com,2026-07-29 19:55:03,oranda.barter@kiewit.com,2026-08-17 15:20:12,DDP,,Manual,2,0,0,0,JAPAN,,EA,null,null,null,null,null,,null,2026-11-25,null,null,null,null,null,null,null,null,null,null,null,null,null,null,null,TRUE,3,SITE,,,null,null,2027-01-02,2027-01-02,null,null,null,null,null,null,2026-11-25,,2027-01-02,PRO.VSP.1170,General Service Pumps - CCW,06-CCW-PMP-01A/B,0X-CCW-PMP-01A/B,null
21876,413,3,oranda.barter@kiewit.com,2026-07-29 19:55:03,oranda.barter@kiewit.com,2026-08-17 15:20:12,DDP,,Manual,2,0,0,0,JAPAN,,EA,null,null,null,null,null,,null,2026-12-21,null,null,null,null,null,null,null,null,null,null,null,null,null,null,null,TRUE,3,SITE,,,null,null,2027-02-01,2027-02-01,null,null,null,null,null,null,2026-12-21,,2027-02-01,PRO.VSP.1040,General Service Pumps - CCW,02-CCW-PMP-01A/B,0X-CCW-PMP-01A/B,null
21877,413,4,oranda.barter@kiewit.com,2026-07-29 19:55:03,oranda.barter@kiewit.com,2026-08-17 15:20:12,DDP,,Manual,2,0,0,0,JAPAN,,EA,null,null,null,null,null,,null,2026-12-21,null,null,null,null,null,null,null,null,null,null,null,null,null,null,null,TRUE,3,SITE,,,null,null,2027-02-01,2027-02-01,null,null,null,null,null,null,2026-12-21,,2027-02-01,PRO.VSP.1270,General Service Pumps - CCW,03-CCW-PMP-01A/B,0X-CCW-PMP-01A/B,null
21878,413,5,oranda.barter@kiewit.com,2026-07-29 19:55:03,oranda.barter@kiewit.com,2026-08-17 15:20:12,DDP,,Manual,2,0,0,0,JAPAN,,EA,null,null,null,null,null,,null,2027-02-18,null,null,null,null,null,null,null,null,null,null,null,null,null,null,null,TRUE,3,SITE,,,null,null,2027-04-01,2027-04-01,null,null,null,null,null,null,2027-02-18,,2027-04-01,PRO.VSP.1050,General Service Pumps - CCW,07-CCW-PMP-01A/B,0X-CCW-PMP-01A/B,null
21879,413,6,oranda.barter@kiewit.com,2026-07-29 19:55:03,oranda.barter@kiewit.com,2026-08-17 15:20:12,DDP,,Manual,2,0,0,0,JAPAN,,EA,null,null,null,null,null,,null,2027-04-20,null,null,null,null,null,null,null,null,null,null,null,null,null,null,null,TRUE,3,SITE,,,null,null,2027-06-01,2027-06-01,null,null,null,null,null,null,2027-04-20,,2027-06-01,PRO.VSP.1060,General Service Pumps - CCW,04-CCW-PMP-01A/B,0X-CCW-PMP-01A/B,null
21880,413,7,oranda.barter@kiewit.com,2026-07-29 19:55:03,oranda.barter@kiewit.com,2026-08-17 15:20:12,DDP,,Manual,2,0,0,0,JAPAN,,EA,null,null,null,null,null,,null,2027-06-21,null,null,null,null,null,null,null,null,null,null,null,null,null,null,null,TRUE,3,SITE,,,null,null,2027-08-01,2027-08-01,null,null,null,null,null,null,2027-06-21,,2027-08-01,PRO.VSP.1070,General Service Pumps - CCW,01-CCW-PMP-01A/B,0X-CCW-PMP-01A/B,null
21881,413,1.1,oranda.barter@kiewit.com,2026-07-29 19:55:03,oranda.barter@kiewit.com,2026-08-17 15:20:12,DDP,,Manual,2,0,0,0,KOREA,,EA,null,null,null,null,null,,null,null,null,null,null,null,null,null,null,null,null,null,null,null,null,null,null,TRUE,3,SITE,,,null,null,null,null,null,null,null,null,null,null,null,,2027-01-02,PRO.VSP.1280,General Service Pump Motors  Hyundai,05-CCW-MPM-01A/B,0X-CCW-PMP-01A/B,null
21882,413,8,oranda.barter@kiewit.com,2026-07-29 19:55:03,oranda.barter@kiewit.com,2026-08-17 15:20:12,DDP,,Manual,3,0,1,0,KOREA,,EA,null,null,null,null,null,,null,2027-02-22,null,null,null,null,null,null,null,null,null,null,null,null,null,null,null,TRUE,3,SITE,,,null,null,2027-04-05,2027-04-05,null,null,null,null,null,null,2027-02-22,,2027-04-05,,Cooling Tower Makeup Pumps,91-SWS-PMP-14A/B/C,91-SWS-PMP-14A/B/C,null
21883,413,2.1,oranda.barter@kiewit.com,2026-07-29 19:55:03,oranda.barter@kiewit.com,2026-08-17 15:20:12,DDP,,Manual,2,0,0,0,KOREA,,EA,null,null,null,null,null,,21875,null,null,null,null,null,null,null,null,null,null,null,null,null,null,null,null,TRUE,3,SITE,,,null,null,null,null,null,null,null,null,null,null,null,,2027-01-02,PRO.VSP.1170,General Service Pump Motors  Hyundai,06-CCW-MPM-01A/B,0X-CCW-PMP-01A/B,null
21884,413,3.1,oranda.barter@kiewit.com,2026-07-29 19:55:03,oranda.barter@kiewit.com,2026-08-17 15:20:12,DDP,,Manual,2,0,0,0,KOREA,,EA,null,null,null,null,null,,21876,null,null,null,null,null,null,null,null,null,null,null,null,null,null,null,null,TRUE,3,SITE,,,null,null,null,null,null,null,null,null,null,null,null,,2027-02-01,PRO.VSP.1040,General Service Pump Motors  Hyundai,02-CCW-MPM-01A/B,0X-CCW-PMP-01A/B,null
21885,413,4.1,oranda.barter@kiewit.com,2026-07-29 19:55:03,oranda.barter@kiewit.com,2026-08-17 15:20:12,DDP,,Manual,2,0,0,0,KOREA,,EA,null,null,null,null,null,,21877,null,null,null,null,null,null,null,null,null,null,null,null,null,null,null,null,TRUE,3,SITE,,,null,null,null,null,null,null,null,null,null,null,null,,2027-02-01,PRO.VSP.1270,General Service Pump Motors  Hyundai,03-CCW-MPM-01A/B,0X-CCW-PMP-01A/B,null
21886,413,5.1,oranda.barter@kiewit.com,2026-07-29 19:55:03,oranda.barter@kiewit.com,2026-08-17 15:20:12,DDP,,Manual,2,0,0,0,KOREA,,EA,null,null,null,null,null,,21878,null,null,null,null,null,null,null,null,null,null,null,null,null,null,null,null,TRUE,3,SITE,,,null,null,null,null,null,null,null,null,null,null,null,,2027-04-01,PRO.VSP.1050,General Service Pump Motors  Hyundai,07-CCW-MPM-01A/B,0X-CCW-PMP-01A/B,null
21887,413,6.1,oranda.barter@kiewit.com,2026-07-29 19:55:03,oranda.barter@kiewit.com,2026-08-17 15:20:12,DDP,,Manual,2,0,0,0,KOREA,,EA,null,null,null,null,null,,21879,null,null,null,null,null,null,null,null,null,null,null,null,null,null,null,null,TRUE,3,SITE,,,null,null,null,null,null,null,null,null,null,null,null,,2027-06-01,PRO.VSP.1060,General Service Pump Motors  Hyundai,04-CCW-MPM-01A/B,0X-CCW-PMP-01A/B,null
21888,413,7.1,oranda.barter@kiewit.com,2026-07-29 19:55:03,oranda.barter@kiewit.com,2026-08-17 15:20:12,DDP,,Manual,2,0,0,0,KOREA,,EA,null,null,null,null,null,,21880,null,null,null,null,null,null,null,null,null,null,null,null,null,null,null,null,TRUE,3,SITE,,,null,null,null,null,null,null,null,null,null,null,null,,2027-08-01,PRO.VSP.1070,General Service Pump Motors  Hyundai,01-CCW-MPM-01A/B,0X-CCW-PMP-01A/B,null
21889,413,8.1,oranda.barter@kiewit.com,2026-07-29 19:55:03,oranda.barter@kiewit.com,2026-08-17 15:20:12,DDP,,Manual,3,0,1,0,KOREA,,EA,null,null,null,null,null,,21882,null,null,null,null,null,null,null,null,null,null,null,null,null,null,null,null,TRUE,3,SITE,,,null,null,null,null,null,null,null,null,null,null,null,,2027-04-05,,Cooling Tower Makeup Pump Motors,91-SWS-MPM-14A/B/C,91-SWS-PMP-14A/B/C,null
21890,455,1,oranda.barter@kiewit.com,2026-07-30 13:41:48,oranda.barter@kiewit.com,2026-07-30 13:43:12,DDP,,Manual,1,1,0,1,,,ea,null,null,null,null,null,PHASE C,null,2026-07-20,null,null,null,null,null,null,null,null,null,null,null,null,null,null,null,TRUE,0,Site,,,2026-07-24,null,2026-07-24,2026-07-24,null,null,null,null,2026-07-20,null,2026-07-20,,null,,Oil Water Separator,,07-WDR-SEP-01,null
23463,407,2,oranda.barter@kiewit.com,2026-08-05 19:49:17,oranda.barter@kiewit.com,2026-08-05 20:11:14,DDP,,Manual,1,0,0,0,,,EA,2026-09-28,2026-09-28,null,null,null,,null,2027-02-19,null,null,2027-02-16,2027-02-16,null,null,null,null,null,null,2026-09-29,2026-09-29,null,null,null,TRUE,1,,,,null,null,2027-02-23,2027-02-23,null,null,null,null,null,null,2027-02-19,,null,,WWR FORWARDING PUMP SKID,94-IWT-SKD--01,94-IWT-CLR-02A,null
23468,407,3,oranda.barter@kiewit.com,2026-08-05 19:49:17,oranda.barter@kiewit.com,2026-08-05 20:11:14,DDP,,Manual,1,0,0,0,,,EA,2026-09-28,2026-09-28,null,null,null,,null,2027-02-19,null,null,2027-02-16,2027-02-16,null,null,null,null,null,null,2026-09-29,2026-09-29,null,null,null,TRUE,1,,,,null,null,2027-02-23,2027-02-23,null,null,null,null,null,null,2027-02-19,,null,,WWR CLARIFIER A SLUDGE PUMP SKID,94-IWT-SKD-02A ,94-IWT-CLR-02A,null
23469,407,4,oranda.barter@kiewit.com,2026-08-05 19:49:17,oranda.barter@kiewit.com,2026-08-05 20:11:14,DDP,,Manual,1,0,0,0,,,EA,2026-03-31,2026-03-31,null,null,null,,null,2026-11-06,null,null,2026-11-02,2026-11-02,2026-05-13,null,null,null,null,null,2026-05-13,2026-05-13,null,null,2026-03-31,TRUE,1,AIC,,,null,null,2026-11-12,2026-11-12,null,null,null,null,null,null,2026-11-06,,null,,WWR NEUTRALIZATION TANK MIXER A ,94-IWT-MXR-22A,94-IWT-CLR-02A,null
23470,407,5,oranda.barter@kiewit.com,2026-08-05 19:49:17,oranda.barter@kiewit.com,2026-08-05 20:11:14,DDP,,Manual,1,0,0,0,,,EA,2026-03-31,2026-03-31,null,null,null,,null,2026-11-06,null,null,2026-11-02,2026-11-02,2026-05-13,null,null,null,null,null,2026-05-13,2026-05-13,null,null,2026-03-31,TRUE,1,AIC,,,null,null,2026-11-12,2026-11-12,null,null,null,null,null,null,2026-11-06,,null,,WWR NEUTRALIZATION TANK MIXER B,94-IWT-MXR-22B,94-IWT-CLR-02A,null
23471,407,6,oranda.barter@kiewit.com,2026-08-05 19:49:17,oranda.barter@kiewit.com,2026-08-05 20:11:14,DDP,,Manual,1,0,0,0,,,EA,2026-03-31,2026-03-31,null,null,null,,null,2026-11-06,null,null,2026-11-02,2026-11-02,2026-05-13,null,null,null,null,null,2026-05-13,2026-05-13,null,null,2026-03-31,TRUE,1,AIC,,,null,null,2026-11-12,2026-11-12,null,null,null,null,null,null,2026-11-06,,null,,WWR NEUTRALIZATION TANK MIXER C,94-IWT-MXR-22C,94-IWT-CLR-02A,null
23472,407,7,oranda.barter@kiewit.com,2026-08-05 19:49:17,oranda.barter@kiewit.com,2026-08-05 20:11:14,DDP,,Manual,1,0,0,0,,,EA,2026-03-31,2026-03-31,null,null,null,,null,2026-11-06,null,null,2026-11-02,2026-11-02,2026-05-13,null,null,null,null,null,2026-05-13,2026-05-13,null,null,2026-03-31,TRUE,1,AIC,,,null,null,2026-11-12,2026-11-12,null,null,null,null,null,null,2026-11-06,,null,,WWR NEUTRALIZATION TANK MIXER D,94-IWT-MXR-22B,94-IWT-CLR-02A,null
23638,416,1,oranda.barter@kiewit.com,2026-08-07 17:07:16,oranda.barter@kiewit.com,2026-08-07 17:27:09,DDP,,Manual,1,0,0,0,"Fridley, MN",,EA,null,null,null,null,null,,null,2027-02-01,null,null,2027-01-29,2027-01-29,null,2026-02-13,null,2026-02-13,null,null,2026-10-27,2026-10-27,null,2026-02-13,null,TRUE,4,SITE,,,null,null,2027-02-05,2027-02-02,null,null,null,null,null,null,2027-02-01,,2027-02-02,PRO.SDG.1300,Water Treatment 2500kw Generator,90-DLS-GEN-01,90-DLS-GEN-01,null
23639,416,2,oranda.barter@kiewit.com,2026-08-07 17:07:16,oranda.barter@kiewit.com,2026-08-07 17:27:09,DDP,,Manual,1,0,0,0,"Fridley, MN",,EA,null,null,null,null,null,,null,2027-02-01,null,null,2027-01-29,2027-01-29,null,2026-02-13,null,2026-02-13,null,null,2026-10-27,2026-10-27,null,2026-02-13,null,TRUE,4,SITE,,,null,null,2027-02-05,2027-02-28,null,null,null,null,null,null,2027-02-01,,2027-02-28,PRO.SDG.1030,2500kw Standby Diesel Generator -05,05-DLS-GEN-01,0X-DLS-GEN-01,null
23640,416,3,oranda.barter@kiewit.com,2026-08-07 17:07:16,oranda.barter@kiewit.com,2026-08-07 17:27:09,DDP,,Manual,1,0,0,0,"Fridley, MN",,EA,null,null,null,null,null,,null,2027-02-01,null,null,2027-01-29,2027-01-29,null,2026-02-13,null,2026-02-13,null,null,2026-10-27,2026-10-27,null,2026-02-13,null,TRUE,4,SITE,,,null,null,2027-02-05,2027-02-28,null,null,null,null,null,null,2027-02-01,,2027-02-28,PRO.SDG.1170,2500kw Standby Diesel Generator -06,06-DLS-GEN-01,0X-DLS-GEN-01,null
23641,416,4,oranda.barter@kiewit.com,2026-08-07 17:07:16,oranda.barter@kiewit.com,2026-08-07 17:27:09,DDP,,Manual,1,0,0,0,"Fridley, MN",,EA,null,null,null,null,null,,null,2027-07-26,null,null,2027-07-22,2027-07-22,null,2026-02-13,null,2026-02-13,null,null,2027-04-23,2027-04-23,null,2026-02-13,null,TRUE,4,SITE,,,null,null,2027-07-30,2027-07-31,null,null,null,null,null,null,2027-07-26,,2027-07-31,PRO.SDG.1040,2500kw Standby Diesel Generator -02,02-DLS-GEN-01,0X-DLS-GEN-01,null
23642,416,5,oranda.barter@kiewit.com,2026-08-07 17:07:16,oranda.barter@kiewit.com,2026-08-07 17:27:09,DDP,,Manual,1,0,0,0,"Fridley, MN",,EA,null,null,null,null,null,,null,2027-07-26,null,null,2027-07-22,2027-07-22,null,2026-02-13,null,2026-02-13,null,null,2027-04-23,2027-04-23,null,2026-02-13,null,TRUE,4,SITE,,,null,null,2027-07-30,2027-07-31,null,null,null,null,null,null,2027-07-26,,2027-07-31,PRO.SDG.1270,2500kw Standby Diesel Generator -03,03-DLS-GEN-01,0X-DLS-GEN-01,null
23643,416,6,oranda.barter@kiewit.com,2026-08-07 17:07:16,oranda.barter@kiewit.com,2026-08-07 17:27:09,DDP,,Manual,1,0,0,0,"Fridley, MN",,EA,null,null,null,null,null,,null,2027-11-01,null,null,2027-10-29,2027-10-29,null,2026-02-13,null,2026-02-13,null,null,2027-07-27,2027-07-27,null,2026-02-13,null,TRUE,4,SITE,,,null,null,2027-11-05,2027-11-08,null,null,null,null,null,null,2027-11-01,,2027-11-08,PRO.SDG.1050,2500kw Standby Diesel Generator -07,07-DLS-GEN-01,0X-DLS-GEN-01,null
23644,416,7,oranda.barter@kiewit.com,2026-08-07 17:07:16,oranda.barter@kiewit.com,2026-08-07 17:27:09,DDP,,Manual,1,0,0,0,"Fridley, MN",,EA,null,null,null,null,null,,null,2027-11-01,null,null,2027-10-29,2027-10-29,null,2026-02-13,null,2026-02-13,null,null,2027-07-27,2027-07-27,null,2026-02-13,null,TRUE,4,SITE,,,null,null,2027-11-05,2027-11-15,null,null,null,null,null,null,2027-11-01,,2027-11-15,PRO.SDG.1060,2500kw Standby Diesel Generator -04,04-DLS-GEN-01,0X-DLS-GEN-01,null
23645,416,8,oranda.barter@kiewit.com,2026-08-07 17:07:16,oranda.barter@kiewit.com,2026-08-07 17:27:09,DDP,,Manual,1,0,0,0,"Fridley, MN",,EA,null,null,null,null,null,,null,2027-11-01,null,null,2027-10-29,2027-10-29,null,2026-02-13,null,2026-02-13,null,null,2027-07-27,2027-07-27,null,2026-02-13,null,TRUE,4,SITE,,,null,null,2027-11-05,2027-11-22,null,null,null,null,null,null,2027-11-01,,2027-11-22,PRO.SDG.1070,2500kw Standby Diesel Generator -01,01-DLS-GEN-01,0X-DLS-GEN-01,null
23646,416,9,oranda.barter@kiewit.com,2026-08-07 17:07:16,oranda.barter@kiewit.com,2026-08-07 17:27:09,DDP,,Manual,1,0,0,0,"Fridley, MN",,EA,null,null,null,null,null,,null,2026-11-30,null,null,2026-11-20,2026-11-20,2026-08-10,2026-02-13,null,2026-02-13,null,null,2026-08-10,2026-08-10,null,2026-02-13,null,TRUE,4,SITE,,,null,null,2026-12-04,2026-12-06,null,null,null,null,null,null,2026-11-30,,2026-12-06,PRO.SDG.1290,Admin Building Generator 750kw,08-DLS-GEN-01,0X-DLS-GEN-01,null
23647,416,10,oranda.barter@kiewit.com,2026-08-07 17:07:16,oranda.barter@kiewit.com,2026-08-07 17:27:09,DDP,,Manual,1,0,0,0,"Fridley, MN",,EA,null,null,null,null,null,,null,2026-11-30,null,null,2026-11-20,2026-11-20,2026-08-10,2026-02-13,null,2026-02-13,null,null,2026-08-10,2026-08-10,null,2026-02-13,null,TRUE,4,SITE,,,null,null,2026-12-04,2026-12-06,null,null,null,null,null,null,2026-11-30,,2026-12-06,PRO.SDG.1280,GIS Building Generator 1000kw,00-DLS-GEN-01,0X-DLS-GEN-01,null
23648,416,11,oranda.barter@kiewit.com,2026-08-07 17:07:16,oranda.barter@kiewit.com,2026-08-07 17:27:09,DDP,,Manual,1,0,2,0,"Fridley, MN",,EA,null,null,null,null,null,,null,2027-02-01,null,null,2027-01-29,2027-01-29,null,2026-02-13,null,2026-02-13,null,null,2026-10-27,2026-10-27,null,2026-02-13,null,TRUE,4,SITE,,,null,null,2027-02-05,2027-02-28,null,null,null,null,null,null,2027-02-01,,2027-02-05,PRO.SDG.1310,IWT 2500kw Generator,94-DLS-GEN-01,94-DLS-GEN-01,null
24983,603,5,oranda.barter@kiewit.com,2026-08-24 18:15:03,oranda.barter@kiewit.com,2026-08-24 18:20:00,DDP,,Manual,1,0,0,0,,,EA,null,null,null,null,null,Phase B,null,2026-12-21,null,null,null,null,null,null,null,null,null,null,null,null,null,null,null,TRUE,1,Site,,,null,null,2027-01-01,2027-01-01,null,null,null,null,null,null,2026-12-21,,2027-01-01,PRO.SSL.1040,Silencer,02-SIL-STP100,02-SIL-STP100,null
24984,603,6,oranda.barter@kiewit.com,2026-08-24 18:15:03,oranda.barter@kiewit.com,2026-08-24 18:20:00,DDP,,Manual,1,0,0,0,,,EA,null,null,null,null,null,Phase B,null,2026-12-21,null,null,null,null,null,null,null,null,null,null,null,null,null,null,null,TRUE,1,Site,,,null,null,2027-01-01,2027-01-01,null,null,null,null,null,null,2026-12-21,,2027-01-01,PRO.SSL.1040,Auxiliary Steam Header,02-SIL-AXS100,02-SIL-AXS100,null
24985,603,7,oranda.barter@kiewit.com,2026-08-24 18:15:03,oranda.barter@kiewit.com,2026-08-24 18:20:00,DDP,,Manual,1,0,0,0,,,EA,null,null,null,null,null,Phase B,null,2026-12-21,null,null,null,null,null,null,null,null,null,null,null,null,null,null,null,TRUE,1,Site,,,null,null,2027-01-01,2027-01-01,null,null,null,null,null,null,2026-12-21,,2027-01-01,PRO.SSL.1270,Silencer,03-SIL-STP100,03-SIL-STP100,null
24986,603,8,oranda.barter@kiewit.com,2026-08-24 18:15:03,oranda.barter@kiewit.com,2026-08-24 18:20:00,DDP,,Manual,1,0,0,0,,,EA,null,null,null,null,null,Phase B,null,2026-12-21,null,null,null,null,null,null,null,null,null,null,null,null,null,null,null,TRUE,1,Site,,,null,null,2027-01-01,2027-01-01,null,null,null,null,null,null,2026-12-21,,2027-01-01,PRO.SSL.1270,Auxiliary Steam Header,03-SIL-AXS100,03-SIL-AXS100,null
24987,603,9,oranda.barter@kiewit.com,2026-08-24 18:15:03,oranda.barter@kiewit.com,2026-08-24 18:20:00,DDP,,Manual,1,0,0,0,,,EA,null,null,null,null,null,Phase C,null,2027-02-23,null,null,null,null,null,null,null,null,null,null,null,null,null,null,null,TRUE,1,Site,,,null,null,2027-03-01,2027-03-01,null,null,null,null,null,null,2027-02-23,,2027-03-01,PRO.SSL.1050,Silencer,07-SIL-STP100,07-SIL-STP100,null
24988,603,10,oranda.barter@kiewit.com,2026-08-24 18:15:03,oranda.barter@kiewit.com,2026-08-24 18:20:00,DDP,,Manual,1,0,0,0,,,EA,null,null,null,null,null,Phase C,null,2027-02-23,null,null,null,null,null,null,null,null,null,null,null,null,null,null,null,TRUE,1,Site,,,null,null,2027-03-01,2027-03-01,null,null,null,null,null,null,2027-02-23,,2027-03-01,PRO.SSL.1050,Auxiliary Steam Header,07-SIL-AXS100,07-SIL-AXS100,null
24989,603,11,oranda.barter@kiewit.com,2026-08-24 18:15:03,oranda.barter@kiewit.com,2026-08-24 18:20:00,DDP,,Manual,1,0,0,0,,,EA,null,null,null,null,null,Phase D,null,2027-03-29,null,null,null,null,null,null,null,null,null,null,null,null,null,null,null,TRUE,1,Site,,,null,null,2027-04-01,2027-04-01,null,null,null,null,null,null,2027-03-29,,2027-04-01,PRO.SSL.1060,Silencer,04-SIL-STP100,04-SIL-STP100,null
24990,603,12,oranda.barter@kiewit.com,2026-08-24 18:15:03,oranda.barter@kiewit.com,2026-08-24 18:20:00,DDP,,Manual,1,0,0,0,,,EA,null,null,null,null,null,Phase D,null,2027-03-29,null,null,null,null,null,null,null,null,null,null,null,null,null,null,null,TRUE,1,Site,,,null,null,2027-04-01,2027-04-01,null,null,null,null,null,null,2027-03-29,,2027-04-01,PRO.SSL.1060,Auxiliary Steam Header,04-SIL-AXS100,04-SIL-AXS100,null
24991,603,13,oranda.barter@kiewit.com,2026-08-24 18:15:03,oranda.barter@kiewit.com,2026-08-24 18:20:00,DDP,,Manual,1,0,0,0,,,EA,null,null,null,null,null,Phase E,null,2027-04-26,null,null,null,null,null,null,null,null,null,null,null,null,null,null,null,TRUE,1,Site,,,null,null,2027-05-01,2027-05-01,null,null,null,null,null,null,2027-04-26,,2027-05-01,PRO.SSL.1070,Silencer,01-SIL-STP100,01-SIL-STP100,null
24992,603,14,oranda.barter@kiewit.com,2026-08-24 18:15:03,oranda.barter@kiewit.com,2026-08-24 18:20:00,DDP,,Manual,1,0,0,0,,,EA,null,null,null,null,null,Phase E,null,2027-04-26,null,null,null,null,null,null,null,null,null,null,null,null,null,null,null,TRUE,1,Site,,,null,null,2027-05-01,2027-05-01,null,null,null,null,null,null,2027-04-26,,2027-05-01,PRO.SSL.1070,Auxiliary Steam Header,01-SIL-AXS100,01-SIL-AXS100,null
25465,409,1,oranda.barter@kiewit.com,2026-08-27 14:02:55,oranda.barter@kiewit.com,2026-09-21 19:13:07,DDP,,Manual,2,2,0,2,Jiangyin China,,EA,null,null,null,null,null,Supplier is on schedule to begin Phase A delivery on time.,null,2026-08-10,null,null,null,null,null,null,null,null,null,null,null,null,null,null,null,TRUE,4,SITE,,,2026-09-18,null,2026-09-21,2026-11-17,null,null,null,null,2026-08-07,null,2026-08-10,,2026-11-17,PRO.HE.1170,CCW Heat Exchanger,05-CCW-HEX-01A/B,CCW-HEX-01A/B,null
25466,409,2,oranda.barter@kiewit.com,2026-08-27 14:02:55,oranda.barter@kiewit.com,2026-09-21 19:13:07,DDP,,Manual,2,2,0,2,Jiangyin China,,EA,null,null,null,null,null,Supplier is on schedule to begin Phase A delivery on time.,null,2026-08-10,null,null,null,null,null,null,null,null,null,null,null,null,null,null,null,TRUE,4,SITE,,,2026-09-18,null,2026-09-21,2026-11-17,null,null,null,null,2026-08-07,null,2026-08-10,,2026-11-17,PRO.HE.1070,CCW Heat Exchanger,06-CCW-HEX-01A/B,CCW-HEX-01A/B,null
25586,408,2,oranda.barter@kiewit.com,2026-08-28 12:21:28,oranda.barter@kiewit.com,2026-08-28 13:15:50,DDP,,Manual,1,0,0,0,,,EA,2026-08-23,2026-08-23,null,null,null,,null,2026-11-04,null,null,2026-10-30,2026-10-30,2026-08-24,null,null,null,null,null,2026-08-24,2026-08-24,null,null,2026-08-23,TRUE,2,AIC,,,null,null,2026-11-06,2026-11-06,null,null,null,null,null,null,2026-11-04,,2026-10-16,PRO.EE.MECH.1380,UF FEED PUMP SKID,92-DWT-SKD-11 ,92-DWT-PKG-10A/B/C,null
25587,408,3,oranda.barter@kiewit.com,2026-08-28 12:21:28,oranda.barter@kiewit.com,2026-08-28 13:15:50,DDP,,Manual,1,0,0,0,,,EA,2026-08-23,2026-08-23,null,null,null,,null,2026-10-28,null,null,2026-10-23,2026-10-23,2026-08-24,null,null,null,null,null,2026-08-24,2026-08-24,null,null,2026-08-23,TRUE,2,,,,null,null,2026-10-30,2026-10-30,null,null,null,null,null,null,2026-10-28,,2026-10-16,PRO.EE.MECH.1380,UF CLEANING PUMP SKID,92-DWT-SKD-12,92-DWT-PKG-10A/B/C,null
25588,408,4,oranda.barter@kiewit.com,2026-08-28 12:21:28,oranda.barter@kiewit.com,2026-08-28 13:15:50,DDP,,Manual,1,0,0,0,,,EA,2026-08-23,2026-08-23,null,null,null,,null,2026-10-30,null,null,2026-10-27,2026-10-27,2026-08-24,null,null,null,null,null,2026-08-24,2026-08-24,null,null,2026-08-23,TRUE,2,,,,null,null,2026-11-03,2026-11-03,null,null,null,null,null,null,2026-10-30,,2026-10-16,PRO.EE.MECH.1380,SELF-CLEANING FILTER SKID,92-DWT-SKD-21,92-DWT-PKG-10A/B/C,null
25595,408,5,oranda.barter@kiewit.com,2026-08-28 12:21:28,oranda.barter@kiewit.com,2026-08-28 13:15:50,DDP,,Manual,2,0,0,0,,,EA,2026-02-12,2026-02-12,null,null,null,,null,2026-11-02,null,null,2026-10-27,2026-10-27,2026-03-20,null,null,null,null,null,2026-03-20,2026-03-20,null,null,2026-02-12,TRUE,2,,,,null,null,2026-11-06,2026-11-06,null,null,null,null,null,null,2026-11-02,,2026-10-16,PRO.EE.MECH.1380,UF AIR SCOUR BLOWER A/B,92-DWT-BLW-01A/B,92-DWT-PKG-10A/B/C,null
25596,408,6,oranda.barter@kiewit.com,2026-08-28 12:21:28,oranda.barter@kiewit.com,2026-08-28 13:15:50,DDP,,Manual,1,0,0,0,,,EA,2026-09-13,2026-09-13,null,null,null,,null,2026-12-04,null,null,2026-12-01,2026-12-01,null,null,null,null,null,null,2026-09-14,2026-09-14,null,null,null,TRUE,2,,,,null,null,2026-12-08,2026-12-08,null,null,null,null,null,null,2026-12-04,,2026-10-16,PRO.EE.MECH.1380,RO FEED PUMP SKID A,92-DWT-SKD-01A,92-DWT-PKG-10A/B/C,null
25597,408,7,oranda.barter@kiewit.com,2026-08-28 12:21:28,oranda.barter@kiewit.com,2026-08-28 13:15:50,DDP,,Manual,1,0,0,0,,,EA,2026-09-13,2026-09-13,null,null,null,,null,2026-12-04,null,null,2026-12-01,2026-12-01,null,null,null,null,null,null,2026-09-14,2026-09-14,null,null,null,TRUE,2,,,,null,null,2026-12-08,2026-12-08,null,null,null,null,null,null,2026-12-04,,2026-10-16,PRO.EE.MECH.1380,RO FEED PUMP SKID B,92-DWT-SKD-01B,92-DWT-PKG-10A/B/C,null
25598,408,8,oranda.barter@kiewit.com,2026-08-28 12:21:28,oranda.barter@kiewit.com,2026-08-28 13:15:50,DDP,,Manual,1,0,0,0,,,EA,2026-08-30,2026-08-30,null,null,null,,null,2026-10-30,null,null,2026-10-27,2026-10-27,null,null,null,null,null,null,2026-08-31,2026-08-31,null,null,null,TRUE,2,,,,null,null,2026-11-03,2026-11-03,null,null,null,null,null,null,2026-10-30,,2026-10-16,PRO.EE.MECH.1380,RO CARTRIDGE FILTER SKID,92-DWT-SKD-07,92-DWT-PKG-10A/B/C,null
25599,408,9,oranda.barter@kiewit.com,2026-08-28 12:21:28,oranda.barter@kiewit.com,2026-08-28 13:15:50,DDP,,Manual,1,0,0,0,,,EA,2026-08-30,2026-08-30,null,null,null,,null,2026-12-14,null,null,2026-12-08,2026-12-08,null,null,null,null,null,null,2026-09-14,2026-09-14,null,null,null,TRUE,2,,,,null,null,2026-12-16,2026-12-16,null,null,null,null,null,null,2026-12-14,,2026-10-16,PRO.EE.MECH.1380,TWO-PASS RO SKID A,92-DWT-SKD-02A,92-DWT-PKG-10A/B/C,null
25600,408,10,oranda.barter@kiewit.com,2026-08-28 12:21:28,oranda.barter@kiewit.com,2026-08-28 13:15:50,DDP,,Manual,1,0,0,0,,,EA,2026-08-30,2026-08-30,null,null,null,,null,2026-12-14,null,null,2026-12-08,2026-12-08,null,null,null,null,null,null,2026-09-14,2026-09-14,null,null,null,TRUE,2,,,,null,null,2026-12-16,2026-12-16,null,null,null,null,null,null,2026-12-14,,2026-10-16,PRO.EE.MECH.1380,TWO-PASS RO SKID B,92-DWT-SKB-02B,92-DWT-PKG-10A/B/C,null
25601,408,11,oranda.barter@kiewit.com,2026-08-28 12:21:28,oranda.barter@kiewit.com,2026-08-28 13:15:50,DDP,,Manual,1,0,0,0,,,EA,2026-08-30,2026-08-30,null,null,null,,null,2026-12-14,null,null,2026-12-08,2026-12-08,null,null,null,null,null,null,2026-09-14,2026-09-14,null,null,null,TRUE,2,,,,null,null,2026-12-16,2026-12-16,null,null,null,null,null,null,2026-12-14,,2026-10-16,PRO.EE.MECH.1380,TWO-PASS RO SKID C,92-DWT-SKB-02C,92-DWT-PKG-10A/B/C,null
25602,408,12,oranda.barter@kiewit.com,2026-08-28 12:21:28,oranda.barter@kiewit.com,2026-08-28 13:15:50,DDP,,Manual,1,0,0,0,,,EA,2026-08-30,2026-08-30,null,null,null,,null,2026-12-14,null,null,2026-12-08,2026-12-08,null,null,null,null,null,null,2026-09-14,2026-09-14,null,null,null,TRUE,2,,,,null,null,2026-12-16,2026-12-16,null,null,null,null,null,null,2026-12-14,,2026-10-16,PRO.EE.MECH.1380,TWO-PASS RO SKID D,92-DWT-SKB-02D,92-DWT-PKG-10A/B/C,null
25603,408,13,oranda.barter@kiewit.com,2026-08-28 12:21:28,oranda.barter@kiewit.com,2026-08-28 13:15:50,DDP,,Manual,4,0,0,0,,,EA,2026-09-13,2026-09-13,null,null,null,,null,2026-12-04,null,null,2026-12-01,2026-12-01,null,null,null,null,null,null,2026-09-14,2026-09-14,null,null,null,TRUE,2,,,,null,null,2026-12-08,2026-12-08,null,null,null,null,null,null,2026-12-04,,2026-10-16,PRO.EE.MECH.1380,EDI SKID A/B/C/D,92-DWT-SKD-06A/B/C/D,92-DWT-PKG-10A/B/C,null
25604,408,14,oranda.barter@kiewit.com,2026-08-28 12:21:28,oranda.barter@kiewit.com,2026-08-28 13:15:50,DDP,,Manual,1,0,0,0,,,EA,2026-08-23,2026-08-23,null,null,null,,null,2026-10-28,null,null,2026-10-23,2026-10-23,2026-08-24,null,null,null,null,null,2026-08-24,2026-08-24,null,null,null,TRUE,2,,,,null,null,2026-10-30,2026-10-30,null,null,null,null,null,null,2026-10-28,,null,PRO.EE.MECH.1380,CIP SKID,92-DWT-SKD-05,92-DWT-PKG-10A/B/C,null
25605,408,15,oranda.barter@kiewit.com,2026-08-28 12:21:28,oranda.barter@kiewit.com,2026-08-28 13:15:50,DDP,,Manual,1,0,0,0,,,EA,2026-02-26,2026-02-26,null,null,null,,null,2026-09-01,null,null,2026-08-31,2026-08-31,2026-04-17,null,null,null,null,null,2026-04-17,2026-04-17,null,null,2026-02-26,TRUE,2,,,,null,null,2026-09-07,2026-09-07,null,null,null,null,null,null,2026-09-01,,2026-10-16,PRO.EE.MECH.1180,CIP TANK,92-DWT-TNK-19,92-DWT-PKG-10A/B/C,null
25606,408,16,oranda.barter@kiewit.com,2026-08-28 12:21:28,oranda.barter@kiewit.com,2026-08-28 13:15:50,DDP,,Manual,1,0,0,0,,,EA,2026-02-04,2026-02-04,null,null,null,,null,2026-10-12,null,null,2026-10-02,2026-10-02,2026-05-14,null,null,null,null,null,2026-05-14,2026-05-14,null,null,2026-02-04,TRUE,2,,,,null,null,2026-10-14,2026-10-14,null,null,null,null,null,null,2026-10-12,,2026-10-16,PRO.EE.MECH.1380,UF-CEB ACID DOSING PUMP SKID,92-WCF-SKD-06,92-DWT-PKG-10A/B/C,null
25609,408,17,oranda.barter@kiewit.com,2026-08-28 12:21:28,oranda.barter@kiewit.com,2026-08-28 13:15:50,DDP,,Manual,1,0,0,0,,,EA,2026-02-05,2026-02-05,null,null,null,,null,2026-10-12,null,null,2026-10-02,2026-10-02,2026-05-14,null,null,null,null,null,2026-05-14,2026-05-14,null,null,2026-02-05,TRUE,2,,,,null,null,2026-10-14,2026-10-14,null,null,null,null,null,null,2026-10-12,,2026-10-16,PRO.EE.MECH.1380,RO ACID DOSING PUMP SKID,92-WCF-SKD-16,92-DWT-PKG-10A/B/C,null
25610,408,18,oranda.barter@kiewit.com,2026-08-28 12:21:28,oranda.barter@kiewit.com,2026-08-28 13:15:50,DDP,,Manual,1,0,0,0,,,EA,2026-02-05,2026-02-05,null,null,null,,null,2026-10-12,null,null,2026-10-02,2026-10-02,2026-08-20,null,null,null,null,null,2026-08-20,2026-08-20,null,null,2026-02-05,TRUE,2,,,,null,null,2026-10-14,2026-10-14,null,null,null,null,null,null,2026-10-12,,2026-10-16,PRO.EE.MECH.1380,UF CEB SODIUM HYPOCHLORITE DOSING PUMP SKID,92-WCF-SKD-10,92-DWT-PKG-10A/B/C,null
25611,408,19,oranda.barter@kiewit.com,2026-08-28 12:21:28,oranda.barter@kiewit.com,2026-08-28 13:15:50,DDP,,Manual,1,0,0,0,,,EA,2026-02-05,2026-02-05,null,null,null,,null,2026-10-12,null,null,2026-10-02,2026-10-02,2026-08-20,null,null,null,null,null,2026-08-20,2026-08-20,null,null,2026-02-05,TRUE,2,,,,null,null,2026-10-14,2026-10-14,null,null,null,null,null,null,2026-10-12,,2026-10-16,PRO.EE.MECH.1380,SERVICE WATER HYPOCHLORITE DOSING PUMP SKID,92-WCF-SKD-11,92-DWT-PKG-10A/B/C,null
25612,408,20,oranda.barter@kiewit.com,2026-08-28 12:21:28,oranda.barter@kiewit.com,2026-08-28 13:15:50,DDP,,Manual,1,0,0,0,,,EA,2026-02-05,2026-02-05,null,null,null,,null,2026-10-12,null,null,2026-10-02,2026-10-02,2026-05-14,null,null,null,null,null,2026-05-14,2026-05-14,null,null,2026-02-05,TRUE,2,,,,null,null,2026-10-14,2026-10-14,null,null,null,null,null,null,2026-10-12,,2026-10-16,PRO.EE.MECH.1380,RO ANTISCALANT DOSING PUMP SKID,92-WCF-SKD-07,92-DWT-PKG-10A/B/C,null
25613,408,21,oranda.barter@kiewit.com,2026-08-28 12:21:28,oranda.barter@kiewit.com,2026-08-28 13:15:50,DDP,,Manual,1,0,0,0,,,EA,2026-02-05,2026-02-05,null,null,null,,null,2026-10-12,null,null,2026-10-02,2026-10-02,2026-05-14,null,null,null,null,null,2026-05-14,2026-05-14,null,null,2026-02-05,TRUE,2,,,,null,null,2026-10-14,2026-10-14,null,null,null,null,null,null,2026-10-12,,2026-10-16,PRO.EE.MECH.1380,RO SODIUM BISULFITE DOSING PUMP SKID,92-WCF-SKD-14,92-DWT-PKG-10A/B/C,null
25614,408,22,oranda.barter@kiewit.com,2026-08-28 12:21:28,oranda.barter@kiewit.com,2026-08-28 13:15:50,DDP,,Manual,1,0,0,0,,,EA,2026-02-05,2026-02-05,null,null,null,,null,2026-10-12,null,null,2026-10-02,2026-10-02,2026-05-14,null,null,null,null,null,2026-05-14,2026-05-14,null,null,2026-02-05,TRUE,2,,,,null,null,2026-10-14,2026-10-14,null,null,null,null,null,null,2026-10-12,,2026-10-16,PRO.EE.MECH.1380,SPRO SODIUM HYDROXIDE DOSING PUMP SKID,92-WCF-SKD-04,92-DWT-PKG-10A/B/C,null
25665,402,11,oranda.barter@kiewit.com,2026-08-28 13:17:45,oranda.barter@kiewit.com,2026-08-28 13:41:48,DDP,,Manual,2,0,1,0,,,EA,2026-02-25,2026-02-25,null,null,null,,null,2026-10-06,null,null,2026-09-30,2026-09-03,2026-03-13,null,null,null,null,null,2026-03-13,2026-03-13,null,null,2026-02-25,TRUE,10,SITE,,,null,null,2026-10-12,2026-10-12,null,null,null,null,null,null,2026-10-06,,2026-11-26,PRO.EE.MECH.1260,GRAVITY FILTER AIR SCOUR BLOWER A/B,91-RWT-BLW-01A/B,91-RWT-CLR-01/02/03/04,null
25666,402,12,oranda.barter@kiewit.com,2026-08-28 13:17:45,oranda.barter@kiewit.com,2026-08-28 13:41:48,DDP,,Manual,3,0,1,0,,,EA,2026-01-01,2026-01-01,null,null,null,,null,2026-08-05,2026-07-30,null,2026-07-30,2026-07-30,2026-01-30,null,null,null,null,null,2026-01-30,2026-01-30,null,null,2026-01-01,TRUE,10,SITE,,,null,null,2026-09-08,2026-08-11,null,null,null,null,null,null,2026-08-05,,2026-11-26,PRO.EE.MECH.1260,GRAVITY FILTER BACKWASH PUMP A/B/C,91-RWT-PMP-09A/B/C,91-RWT-CLR-01/02/03/04,null
25668,402,14,oranda.barter@kiewit.com,2026-08-28 13:17:45,oranda.barter@kiewit.com,2026-08-28 13:41:48,DDP,,Manual,1,0,1,0,,,EA,2026-08-23,2026-08-23,null,null,null,,null,2026-10-27,null,null,2026-10-20,2026-10-20,2026-08-24,null,null,null,null,null,2026-08-24,2026-08-24,null,null,null,TRUE,10,SITE,,,null,null,2026-10-29,2026-10-29,null,null,null,null,null,null,2026-10-27,,2026-11-26,PRO.EE.MECH.1260,THICKENER SLUDGE PUMP SKID,91-RWT-SKD-07,91-RWT-CLR-01/02/03/04,null
25673,402,16,oranda.barter@kiewit.com,2026-08-28 13:17:45,oranda.barter@kiewit.com,2026-08-28 13:41:48,DDP,,Manual,1,0,1,0,,,EA,2026-02-05,2026-02-05,null,null,null,,null,2026-10-09,null,null,2026-10-01,2026-10-01,2026-05-14,null,null,null,null,null,2026-05-14,2026-05-14,null,null,2026-02-05,TRUE,10,SITE,,,null,null,2026-10-13,2026-10-13,null,null,null,null,null,null,2026-10-09,,2026-11-26,PRO.EE.MECH.1260,COAGULANT DOSING PUMP SKID,91-WCF-SKD-04,91-RWT-CLR-01/02/03/04,null
25677,402,18,oranda.barter@kiewit.com,2026-08-28 13:17:45,oranda.barter@kiewit.com,2026-08-28 13:41:48,DDP,,Manual,1,0,1,0,,,EA,2026-02-05,2026-02-05,null,null,null,,null,2026-10-09,null,null,2026-10-01,2026-10-01,2026-05-14,null,null,null,null,null,2026-05-14,2026-05-14,null,null,2026-02-05,TRUE,10,SITE,,,null,null,2026-10-13,2026-10-13,null,null,null,null,null,null,2026-10-09,,2026-11-26,PRO.EE.MECH.1260,SODIUM HYPOCHLORITE DOSING PUMP SKID,91-WCF-SKD-01,91-RWT-CLR-01/02/03/04,null
25685,402,22,oranda.barter@kiewit.com,2026-08-28 13:17:45,oranda.barter@kiewit.com,2026-08-28 13:41:48,DDP,,Manual,1,0,1,0,,,EA,2026-02-05,2026-02-05,null,null,null,,null,2026-10-09,null,null,2026-10-01,2026-10-01,2026-05-14,null,null,null,null,null,2026-05-14,2026-05-14,null,null,2026-02-05,TRUE,10,SITE,,,null,null,2026-10-13,2026-10-13,null,null,null,null,null,null,2026-10-09,,2026-11-26,PRO.EE.MECH.1260,FILTER PRESS POLYMER PUMP SKID,91-WCF-SKD-12,91-RWT-CLR-01/02/03/04,null
32654,425,1,oranda.barter@kiewit.com,2026-09-15 17:55:23,oranda.barter@kiewit.com,2026-09-15 17:57:38,DDP,,Manual,1,0,0,0,,,LOT,null,null,null,null,null,,null,2026-10-21,2026-09-16,null,2026-09-16,2026-09-16,2026-08-03,null,null,null,null,null,2026-08-03,2026-08-03,null,null,null,TRUE,3,SITE,,,null,null,2026-12-23,2026-12-25,null,null,null,null,null,null,2026-10-21,,2026-12-25,PRO.EE.ELEC.1630,14 BAYS,Phase 1 GIS,GIS PHASE 1,null
32785,384,1,oranda.barter@kiewit.com,2026-09-16 11:50:16,oranda.barter@kiewit.com,2026-09-16 11:53:16,DDP,,Manual,1,0,0,0,,,EA,null,null,null,null,null,,null,2026-09-28,null,null,2026-09-30,2026-09-18,2026-08-17,null,null,null,null,null,2026-08-17,2026-08-17,null,null,null,TRUE,5,SITE,,,null,null,2026-10-02,2026-10-01,null,null,null,null,null,null,2026-10-01,,2026-10-01,PRO.FP.1040,- Pump Enclosure Pkg.,00-FPS-ENC-01,00-FPS-ENC-01,null
32786,384,2,oranda.barter@kiewit.com,2026-09-16 11:50:16,oranda.barter@kiewit.com,2026-09-16 11:53:16,DDP,,Manual,1,0,0,0,,,EA,null,null,null,null,null,,null,2026-09-28,null,null,2026-09-30,2026-09-18,2026-08-17,null,null,null,null,null,2026-08-17,2026-08-17,null,null,null,TRUE,5,SITE,,,null,null,2026-10-02,2026-10-01,null,null,null,null,null,null,2026-10-01,,2026-10-01,PRO.FP.1040,Electric Fire Pump,00-FPS-PMP-01,00-FPS-ENC-01,null
32787,384,3,oranda.barter@kiewit.com,2026-09-16 11:50:16,oranda.barter@kiewit.com,2026-09-16 11:53:16,DDP,,Manual,1,0,0,0,,,EA,null,null,null,null,null,,null,2026-09-28,null,null,2026-09-30,2026-09-18,2026-08-17,null,null,null,null,null,2026-08-17,2026-08-17,null,null,null,TRUE,5,SITE,,,null,null,2026-10-02,2026-10-01,null,null,null,null,null,null,2026-10-01,,2026-10-01,PRO.FP.1040,Diesel Fire Pump,01-FPS-PMP-02,00-FPS-ENC-01,null
32788,384,4,oranda.barter@kiewit.com,2026-09-16 11:50:16,oranda.barter@kiewit.com,2026-09-16 11:53:16,DDP,,Manual,1,0,0,0,,,EA,null,null,null,null,null,,null,2026-09-28,null,null,2026-09-30,2026-09-18,2026-08-17,null,null,null,null,null,2026-08-17,2026-08-17,null,null,null,TRUE,5,SITE,,,null,null,2026-10-02,2026-10-01,null,null,null,null,null,null,2026-10-01,,2026-10-01,PRO.FP.1040,Jockey Pump,00-FPS-PMP-03,00-FPS-ENC-01,null
33040,387,2,oranda.barter@kiewit.com,2026-09-21 13:21:05,oranda.barter@kiewit.com,2026-09-21 13:25:16,DDP,,Manual,1,0,0,0,,,EA,2026-01-26,null,null,null,null,,null,null,null,null,2026-09-30,2026-08-26,2026-01-27,2025-11-24,null,null,null,null,2026-01-27,2026-01-27,null,null,2026-01-26,TRUE,12,Site,,,null,null,2026-10-15,2026-09-01,null,null,null,null,null,null,2026-10-13,,2026-09-01,PRO.DEW.1040,Fuel Gas Heater Unit 2,02-FGS-HTR-01,0X-FGS-HTR-02,null
33041,387,3,oranda.barter@kiewit.com,2026-09-21 13:21:05,oranda.barter@kiewit.com,2026-09-21 13:25:16,DDP,,Manual,1,0,0,0,,,EA,2026-01-26,null,null,null,null,,null,null,null,null,2026-10-22,2026-08-26,2026-01-27,2025-11-24,null,null,null,null,2026-01-27,2026-01-27,null,null,2026-01-26,TRUE,12,Site,,,null,null,2026-11-05,2026-10-10,null,null,null,null,null,null,2026-11-03,,2026-10-10,PRO.DEW.1380,Fuel Gas Heater Unit 3,03-FGS-HTR-01,0X-FGS-HTR-03,null
33044,387,6,oranda.barter@kiewit.com,2026-09-21 13:21:05,oranda.barter@kiewit.com,2026-09-21 13:25:16,DDP,,Manual,1,1,0,0,,,EA,2026-01-26,null,null,null,null,,null,2026-08-24,2026-08-28,null,2026-08-28,2026-07-31,2026-01-27,2025-11-24,null,null,null,null,2026-01-27,2026-01-27,null,null,2026-01-26,TRUE,12,Site,,,2026-09-10,null,2026-09-11,2026-08-10,null,null,null,null,2026-09-09,null,2026-09-09,,2026-08-10,PRO.DEW.1370,Fuel Gas Heater Unit 6,06-FGS-HTR-01,0X-FGS-HTR-06,null
33082,405,5,oranda.barter@kiewit.com,2026-09-21 16:06:03,oranda.barter@kiewit.com,2026-09-21 16:20:54,null,,Manual,1,1,0,0,,,EA,null,null,null,null,null,,null,2026-10-27,2026-08-19,null,2026-10-26,2026-10-26,2026-04-13,null,null,null,null,null,2026-04-13,2026-04-13,null,null,null,TRUE,6,Site,,,2026-08-31,null,2026-08-31,2026-11-01,null,null,null,null,2026-08-28,null,2026-10-27,,null,PRO.SFT.1500,Closed Cooling Water Head Tank,07-CCW-TNK-01,07-CCW-TNK-01,null
33083,405,6,oranda.barter@kiewit.com,2026-09-21 16:06:03,oranda.barter@kiewit.com,2026-09-21 16:20:54,null,,Manual,1,1,0,0,,,EA,null,null,null,null,null,,null,2026-11-02,2026-08-19,null,2026-11-01,2026-11-01,2026-06-17,null,null,null,null,null,2026-06-17,2026-06-17,null,null,null,TRUE,6,Site,,,2026-08-31,null,2026-08-31,2026-11-05,null,null,null,null,2026-08-28,null,2026-11-02,,null,PRO.SFT.1510,Closed Cooling Water Head Tank,04-CCW-TNK-01,04-CCW-TNK-01,null
33094,405,17,oranda.barter@kiewit.com,2026-09-21 16:06:03,oranda.barter@kiewit.com,2026-09-21 16:20:54,null,,Manual,1,1,0,0,,,EA,null,null,null,null,null,,null,2027-02-25,2026-08-19,null,2027-02-18,2027-02-18,2026-05-25,null,null,null,null,null,2026-05-25,2026-05-25,null,null,null,TRUE,6,Site,,,2026-08-31,null,2026-08-31,2027-03-03,null,null,null,null,2026-08-28,null,2027-02-25,,null,PRO.SFT.1040,Fuel Gas Conditioning Drains Tank,02-FGS-TNK-01,02-FGS-TNK-01,null
33095,405,18,oranda.barter@kiewit.com,2026-09-21 16:06:03,oranda.barter@kiewit.com,2026-09-21 16:20:54,null,,Manual,1,1,0,0,,,EA,null,null,null,null,null,,null,2027-02-25,2026-08-19,null,2027-02-18,2027-02-18,2026-05-25,null,null,null,null,null,2026-05-25,2026-05-25,null,null,null,TRUE,6,Site,,,2026-08-31,null,2026-08-31,2027-03-03,null,null,null,null,2026-08-28,null,2027-02-25,,null,PRO.SFT.1270,Fuel Gas Conditioning Drains Tank,03-FGS-TNK-01,03-FGS-TNK-01,null
33113,400,1,oranda.barter@kiewit.com,2026-09-21 18:54:11,oranda.barter@kiewit.com,2026-09-21 19:08:34,DDP,SA01303227,Manual,1,1,0,1,"Dresden, Germany",,EA,2025-10-06,2025-10-06,null,null,null,,null,2026-06-29,2026-02-11,null,2026-02-16,2026-02-11,2025-10-06,2025-08-07,null,2025-08-07,null,null,2025-10-06,2025-10-06,null,null,2025-10-06,TRUE,6,SITE,,,2026-09-12,null,2026-09-09,2026-07-10,null,null,null,null,2026-06-29,null,2026-06-29,,2026-07-10,PRO.UAT.0010,CTG5 Auxiliary Transformers,05-UAT-XFR-01,05-UAT-XFR-01,null
33114,400,2,oranda.barter@kiewit.com,2026-09-21 18:54:11,oranda.barter@kiewit.com,2026-09-21 19:08:34,DDP,A01304993,Manual,1,0,0,0,"Dresden, Germany",,EA,2026-04-27,2026-04-27,null,null,null,,null,2026-07-31,2026-07-23,null,2026-07-23,2026-07-23,2026-04-27,2025-08-07,null,2025-08-07,null,null,2026-04-27,2026-04-27,null,null,2026-04-27,TRUE,6,SITE,,,null,null,2026-10-20,2026-09-11,null,null,null,null,null,null,2026-09-24,,2026-09-11,PRO.UAT.0010,STG5 Auxiliary Transformers,05-UAT-XFR-02,05-UAT-XFR-02,null
33115,400,3,oranda.barter@kiewit.com,2026-09-21 18:54:11,oranda.barter@kiewit.com,2026-09-21 19:08:34,DDP,A01304993,Manual,1,0,0,0,"Dresden, Germany",,EA,2026-05-04,2026-05-04,null,null,null,,null,2026-08-12,2026-08-05,null,2026-08-05,2026-08-05,2026-05-04,2025-08-07,null,2025-08-07,null,null,2026-05-04,2026-05-04,null,null,2026-05-04,TRUE,6,SITE,,,null,null,2026-10-20,2026-09-28,null,null,null,null,null,null,2026-09-24,,2026-09-28,PRO.UAT.1120,CTG6 Auxiliary Transformers,06-UAT-XFR-01,06-UAT-XFR-01,null
33116,400,4,oranda.barter@kiewit.com,2026-09-21 18:54:11,oranda.barter@kiewit.com,2026-09-21 19:08:34,DDP,,Manual,1,0,0,0,"Dresden, Germany",,EA,2026-05-18,2026-05-18,null,null,null,,null,2026-10-02,2026-08-21,null,2026-08-21,2026-08-21,2026-05-18,2025-08-07,null,2025-08-07,null,null,2026-05-18,2026-05-18,null,null,2026-05-18,TRUE,6,SITE,,,null,null,2026-11-11,2026-10-08,null,null,null,null,null,null,2026-10-16,,2026-10-08,PRO.UAT.1120,STG6 Auxiliary Transformers,06-UAT-XFR-02,06-UAT-XFR-02,null
33117,400,5,oranda.barter@kiewit.com,2026-09-21 18:54:11,oranda.barter@kiewit.com,2026-09-21 19:08:34,DDP,,Manual,1,0,0,0,"Dresden, Germany",,EA,2026-06-01,2026-06-01,null,null,null,,null,2026-10-19,2026-09-10,null,2026-08-28,2026-08-28,2026-06-01,2025-08-07,null,2025-08-07,null,null,2026-06-01,2026-06-01,null,null,2026-06-01,TRUE,6,SITE,,,null,null,2026-11-25,2026-11-16,null,null,null,null,null,null,2026-10-30,,2026-11-16,PRO.UAT.1090,CTG2 Auxiliary Transformers,02-UAT-XFR-01,02-UAT-XFR-01,null
33118,400,6,oranda.barter@kiewit.com,2026-09-21 18:54:11,oranda.barter@kiewit.com,2026-09-21 19:08:34,DDP,,Manual,1,0,0,0,"Dresden, Germany",,EA,2026-06-15,2026-06-15,null,null,null,,null,2026-11-02,null,null,2026-10-20,2026-09-09,2026-06-15,2025-08-07,null,2025-08-07,null,null,2026-06-15,2026-06-15,null,null,2026-06-15,TRUE,6,SITE,,,null,null,2026-12-09,2026-11-30,null,null,null,null,null,null,2026-11-14,,2026-11-30,PRO.UAT.1090,STG2 Auxiliary Transformers,02-UAT-XFR-02,02-UAT-XFR-02,null
33119,400,7,oranda.barter@kiewit.com,2026-09-21 18:54:11,oranda.barter@kiewit.com,2026-09-21 19:08:34,DDP,,Manual,1,0,0,0,"Dresden, Germany",,EA,2026-06-29,2026-06-29,null,null,null,,null,2026-11-16,null,null,2026-10-29,2026-09-24,2026-06-29,2025-08-07,null,2025-08-07,null,null,2026-06-29,2026-06-29,null,null,2026-06-29,TRUE,6,SITE,,,null,null,2026-12-23,2026-12-14,null,null,null,null,null,null,2026-11-28,,2026-12-14,PRO.UAT.1080,CTG3 Auxiliary Transformers,03-UAT-XFR-01,03-UAT-XFR-01,null
33120,400,8,oranda.barter@kiewit.com,2026-09-21 18:54:11,oranda.barter@kiewit.com,2026-09-21 19:08:34,DDP,,Manual,1,0,0,0,"Dresden, Germany",,EA,2026-07-13,2026-07-13,null,null,null,,null,2026-11-30,null,null,2026-11-12,2026-10-17,2026-07-13,2025-08-07,null,2025-08-07,null,null,2026-07-13,2026-07-13,null,null,2026-07-13,TRUE,6,SITE,,,null,null,2027-01-22,2027-01-06,null,null,null,null,null,null,2026-12-28,,2026-12-28,PRO.UAT.1080,STG3 Auxiliary Transformers,03-UAT-XFR-02,03-UAT-XFR-02,null
33121,400,9,oranda.barter@kiewit.com,2026-09-21 18:54:11,oranda.barter@kiewit.com,2026-09-21 19:08:34,DDP,,Manual,1,0,0,0,"Dresden, Germany",,EA,2026-07-27,2026-07-27,null,null,null,,null,2026-12-21,null,null,2026-11-26,2026-10-29,2026-07-27,2025-08-07,null,2025-08-07,null,null,2026-07-27,2026-07-27,null,null,2026-07-27,TRUE,6,SITE,,,null,null,2027-02-06,2027-01-18,null,null,null,null,null,null,2027-01-11,,2027-01-18,PRO.UAT.1160,CTG7 Auxiliary Transformers,07-UAT-XFR-01,07-UAT-XFR-01,null
33122,400,10,oranda.barter@kiewit.com,2026-09-21 18:54:11,oranda.barter@kiewit.com,2026-09-21 19:08:34,DDP,,Manual,1,0,0,0,"Dresden, Germany",,EA,2026-08-10,2026-08-10,null,null,null,,null,2027-01-04,null,null,2026-12-09,2026-11-12,null,2025-08-07,null,2025-08-07,null,null,2026-08-10,2026-08-10,null,null,2026-08-10,TRUE,6,SITE,,,null,null,2027-03-10,2027-02-01,null,null,null,null,null,null,2027-02-12,,2027-02-01,PRO.UAT.1160,STG7 Auxiliary Transformers,07-UAT-XFR-02,07-UAT-XFR-02,null
33123,400,11,oranda.barter@kiewit.com,2026-09-21 18:54:11,oranda.barter@kiewit.com,2026-09-21 19:08:34,DDP,,Manual,1,0,0,0,"Dresden, Germany",,EA,2026-08-24,2026-08-24,null,null,null,,null,2027-01-18,null,null,2027-04-08,2026-11-26,null,2025-08-07,null,2025-08-07,null,null,2026-08-24,2026-08-24,null,null,null,TRUE,6,SITE,,,null,null,2027-06-19,2027-02-15,null,null,null,null,null,null,2027-05-24,,2027-02-15,PRO.UAT.1140,CTG4 Auxiliary Transformers,04-UAT-XFR-01,04-UAT-XFR-01,null
33124,400,12,oranda.barter@kiewit.com,2026-09-21 18:54:11,oranda.barter@kiewit.com,2026-09-21 19:08:34,DDP,,Manual,1,0,0,0,"Dresden, Germany",,EA,2026-09-07,2026-09-07,null,null,null,,null,2027-02-01,null,null,2027-04-28,2026-12-09,null,2025-08-07,null,2025-08-07,null,null,2026-09-07,2026-09-07,null,null,null,TRUE,6,SITE,,,null,null,2027-07-10,2027-03-01,null,null,null,null,null,null,2027-06-14,,2027-03-01,PRO.UAT.1140,STG4 Auxiliary Transformers,04-UAT-XFR-02,04-UAT-XFR-02,null
33125,400,13,oranda.barter@kiewit.com,2026-09-21 18:54:11,oranda.barter@kiewit.com,2026-09-21 19:08:34,DDP,,Manual,1,0,0,0,"Dresden, Germany",,EA,2026-09-21,2026-09-21,null,null,null,,null,2027-06-07,null,null,2027-05-20,2027-04-08,null,2025-08-07,null,2025-08-07,null,null,2026-09-21,2026-09-21,null,null,null,TRUE,6,SITE,,,null,null,2027-07-31,2027-07-05,null,null,null,null,null,null,2027-07-05,,2027-07-05,PRO.UAT.1200,CTG1 Auxiliary Transformers,01-UAT-XFR-01,01-UAT-XFR-01,null
33126,400,14,oranda.barter@kiewit.com,2026-09-21 18:54:11,oranda.barter@kiewit.com,2026-09-21 19:08:34,DDP,,Manual,1,0,0,0,"Dresden, Germany",,EA,2026-10-05,2026-10-05,null,null,null,,null,2027-06-28,null,null,2027-06-03,2027-04-28,null,2025-08-07,null,2025-08-07,null,null,2026-10-05,2026-10-05,null,null,null,TRUE,6,SITE,,,null,null,2027-08-14,2027-07-26,null,null,null,null,null,null,2027-07-19,,2027-07-26,PRO.UAT.1200,STG1 Auxiliary Transformers,01-UAT-XFR-02,01-UAT-XFR-02,null
33127,400,15,oranda.barter@kiewit.com,2026-09-21 18:54:11,oranda.barter@kiewit.com,2026-09-21 19:08:34,DDP,,Manual,1,0,0,0,"Dresden, Germany",,EA,2026-10-19,2026-10-19,null,null,null,,null,2027-07-19,null,null,2027-06-17,2027-05-20,null,2025-08-07,null,2025-08-07,null,null,2026-10-19,2026-10-19,null,null,null,TRUE,6,SITE,,,null,null,2027-08-28,2027-08-16,null,null,null,null,null,null,2027-08-02,,2027-08-16,,SPARE Auxiliary Transformers,SPARE-UAT-XFR-01,SPARE-UAT-XFR-01,null
33457,391,1,oranda.barter@kiewit.com,2026-09-22 18:49:58,oranda.barter@kiewit.com,2026-09-22 19:25:52,DDP,,Manual,2,0,0,2,India,,EA,2026-05-29,null,null,null,null,,null,2026-08-05,2026-08-20,null,2026-07-24,2026-09-29,2026-07-25,2025-10-15,null,null,null,null,2026-07-25,2026-07-25,null,null,null,TRUE,10,SITE,,,null,null,2026-12-04,2026-11-04,null,null,null,null,null,null,2026-09-10,,2026-11-09,PRO.CNP.1030,CONDENSATE PUMPS,05-CND-PMP-01 A/B,05-CND-PMP-01 A/B,null
33458,391,2,oranda.barter@kiewit.com,2026-09-22 18:49:58,oranda.barter@kiewit.com,2026-09-22 19:25:52,DDP,,Manual,2,0,0,2,India,,EA,2026-07-05,null,null,null,null,,null,2026-07-31,2026-09-01,null,2026-08-30,2026-08-30,2026-06-25,2025-10-15,null,null,null,null,2026-06-25,2026-06-25,null,null,null,TRUE,10,SITE,,,null,null,2026-12-04,2026-11-04,null,null,null,null,null,null,2026-09-10,,2026-11-09,PRO.CNP.1030, CONDENSATE PUMP MOTORS,05-CND-MPM-01 A/B,05-CND-PMP-01 A/B,null
33459,391,3,oranda.barter@kiewit.com,2026-09-22 18:49:58,oranda.barter@kiewit.com,2026-09-22 19:25:52,DDP,,Manual,2,0,0,2,India,,EA,2026-05-29,null,null,null,null,,null,2026-08-05,2026-08-20,null,2026-08-27,2026-10-18,null,2025-10-15,null,null,null,null,2026-08-14,2026-08-14,null,null,null,TRUE,10,SITE,,,null,null,2026-12-04,2026-11-04,null,null,null,null,null,null,2026-09-10,,2026-11-09,PRO.CNP.1170,CONDENSATE PUMPS,06-CND-PMP-01 A/B,06-CND-PMP-01 A/B,null
33460,391,4,oranda.barter@kiewit.com,2026-09-22 18:49:58,oranda.barter@kiewit.com,2026-09-22 19:25:52,DDP,,Manual,2,0,0,2,India,,EA,2026-08-07,null,null,null,null,,null,2026-07-31,2026-09-01,null,2026-08-27,2026-09-20,2026-06-25,2025-10-15,null,null,null,null,2026-06-25,2026-06-25,null,null,null,TRUE,10,SITE,,,null,null,2026-12-04,2026-11-04,null,null,null,null,null,null,2026-09-10,,2026-11-09,PRO.CNP.1170, CONDENSATE PUMP MOTORS,06-CND-MPM-01 A/B,06-CND-PMP-01 A/B,null
33471,420,1,oranda.barter@kiewit.com,2026-09-22 20:39:15,oranda.barter@kiewit.com,2026-09-22 20:52:41,DDP,,Manual,1,0,0,0,"NOGALES, MEXICO",,EA,null,null,null,null,null,,null,2026-10-08,null,null,2026-10-06,2026-10-07,2026-02-16,null,null,null,null,null,2026-02-16,null,null,null,null,TRUE,10,SITE,,,null,null,2026-10-14,2026-10-14,null,null,null,null,null,null,2026-10-08,,2026-09-18,,Water Intake Transformer,00-MVA-XFR-13,00-MVA-XFR-13,null
33472,420,2,oranda.barter@kiewit.com,2026-09-22 20:39:15,oranda.barter@kiewit.com,2026-09-22 20:52:41,DDP,,Manual,1,0,0,0,"NOGALES, MEXICO",,EA,null,null,null,null,null,,null,2026-10-08,null,null,2026-10-06,2026-10-07,2026-02-16,null,null,null,null,null,2026-02-16,null,null,null,null,TRUE,10,SITE,,,null,null,2026-10-14,2026-10-14,null,null,null,null,null,null,2026-10-08,,2026-09-18,,Water Intake Transformer,00-MVA-XFR-14,00-MVA-XFR-14,null
33473,420,3,oranda.barter@kiewit.com,2026-09-22 20:39:15,oranda.barter@kiewit.com,2026-09-22 20:52:41,DDP,,Manual,1,0,0,0,"NOGALES, MEXICO",,EA,null,null,null,null,null,,null,2026-10-15,null,null,2026-10-13,2026-10-14,2026-02-16,null,null,null,null,null,2026-02-16,null,null,null,null,TRUE,10,SITE,,,null,null,2026-10-21,2026-10-21,null,null,null,null,null,null,2026-10-15,,2026-09-18,,Water Intake Transformer,00-SUS-XFR-131,00-SUS-XFR-131,null
33474,420,4,oranda.barter@kiewit.com,2026-09-22 20:39:15,oranda.barter@kiewit.com,2026-09-22 20:52:41,DDP,,Manual,1,0,0,0,"NOGALES, MEXICO",,EA,null,null,null,null,null,,null,2026-10-15,null,null,2026-10-13,2026-10-14,2026-02-16,null,null,null,null,null,2026-02-16,null,null,null,null,TRUE,10,SITE,,,null,null,2026-10-21,2026-10-21,null,null,null,null,null,null,2026-10-15,,2026-09-18,,Water Intake Transformer,00-SUS-XFR-141 ,00-SUS-XFR-141 ,null
33475,420,5,oranda.barter@kiewit.com,2026-09-22 20:39:15,oranda.barter@kiewit.com,2026-09-22 20:52:41,DDP,,Manual,1,0,0,0,"NOGALES, MEXICO",,EA,null,null,null,null,null,,null,2026-10-22,null,null,2026-10-20,2026-10-21,2026-02-16,null,null,null,null,null,2026-02-16,null,null,null,null,TRUE,10,SITE,,,null,null,2026-10-28,2026-10-28,null,null,null,null,null,null,2026-10-22,,2026-10-15,PRO.DRY.1280,GIS Transformer,00-MVA-XFR-16,00-MVA-XFR-16,null
33476,420,6,oranda.barter@kiewit.com,2026-09-22 20:39:15,oranda.barter@kiewit.com,2026-09-22 20:52:41,DDP,,Manual,1,0,0,0,"NOGALES, MEXICO",,EA,null,null,null,null,null,,null,2026-10-22,null,null,2026-10-20,2026-10-21,2026-02-16,null,null,null,null,null,2026-02-16,null,null,null,null,TRUE,10,SITE,,,null,null,2026-10-28,2026-10-28,null,null,null,null,null,null,2026-10-22,,2026-10-15,PRO.DRY.1280,GIS Transformer,00-MVA-XFR-17 ,00-MVA-XFR-17 ,null
33477,420,7,oranda.barter@kiewit.com,2026-09-22 20:39:15,oranda.barter@kiewit.com,2026-09-22 20:52:41,DDP,,Manual,1,0,0,0,"NOGALES, MEXICO",,EA,null,null,null,null,null,,null,2026-11-19,null,null,2026-11-17,2026-11-18,2026-02-16,null,null,null,null,null,2026-02-16,null,null,null,null,TRUE,10,SITE,,,null,null,2026-11-25,2026-11-25,null,null,null,null,null,null,2026-11-19,,2026-11-02,PRO.EE.MECH.1230,Water Treatment Transformer,90-MVB-XFR-01,90-MVB-XFR-01,null
33478,420,8,oranda.barter@kiewit.com,2026-09-22 20:39:15,oranda.barter@kiewit.com,2026-09-22 20:52:41,DDP,,Manual,1,0,0,0,"NOGALES, MEXICO",,EA,null,null,null,null,null,,null,2026-11-19,null,null,2026-11-17,2026-11-18,2026-02-16,null,null,null,null,null,2026-02-16,null,null,null,null,TRUE,10,SITE,,,null,null,2026-11-25,2026-11-25,null,null,null,null,null,null,2026-11-19,,2026-11-02,PRO.EE.MECH.1230,Water Treatment Transformer,90-MVB-XFR-02,90-MVB-XFR-02,null
33479,420,9,oranda.barter@kiewit.com,2026-09-22 20:39:15,oranda.barter@kiewit.com,2026-09-22 20:52:41,DDP,,Manual,1,0,0,0,"NOGALES, MEXICO",,EA,null,null,null,null,null,,null,2026-10-29,null,null,2026-10-27,2026-10-28,2026-02-16,null,null,null,null,null,2026-02-16,null,null,null,null,TRUE,10,SITE,,,null,null,2026-11-04,2026-11-04,null,null,null,null,null,null,2026-10-29,,2026-11-02,PRO.EE.MECH.1230,Water Treatment Transformer,90-LVB-XFR-01,90-LVB-XFR-01,null
33480,420,10,oranda.barter@kiewit.com,2026-09-22 20:39:15,oranda.barter@kiewit.com,2026-09-22 20:52:41,DDP,,Manual,1,0,0,0,"NOGALES, MEXICO",,EA,null,null,null,null,null,,null,2026-10-29,null,null,2026-10-27,2026-10-28,2026-02-16,null,null,null,null,null,2026-02-16,null,null,null,null,TRUE,10,SITE,,,null,null,2026-11-04,2026-11-04,null,null,null,null,null,null,2026-10-29,,2026-11-02,PRO.EE.MECH.1230,Water Treatment Transformer,91-LVB-XFR-11,91-LVB-XFR-11,null
33481,420,11,oranda.barter@kiewit.com,2026-09-22 20:39:15,oranda.barter@kiewit.com,2026-09-22 20:52:41,DDP,,Manual,1,0,0,0,"NOGALES, MEXICO",,EA,null,null,null,null,null,,null,2026-11-05,null,null,2026-11-03,2026-11-04,2026-02-16,null,null,null,null,null,2026-02-16,null,null,null,null,TRUE,10,SITE,,,null,null,2026-11-11,2026-11-11,null,null,null,null,null,null,2026-11-05,,2026-11-02,PRO.EE.MECH.1230,Water Treatment Transformer,92-LVB-XFR-12,92-LVB-XFR-12,null
33482,420,12,oranda.barter@kiewit.com,2026-09-22 20:39:15,oranda.barter@kiewit.com,2026-09-22 20:52:41,DDP,,Manual,1,0,0,0,"NOGALES, MEXICO",,EA,null,null,null,null,null,,null,2026-11-05,null,null,2026-11-03,2026-11-04,2026-02-16,null,null,null,null,null,2026-02-16,null,null,null,null,TRUE,10,SITE,,,null,null,2026-11-11,2026-11-11,null,null,null,null,null,null,2026-11-05,,2026-11-02,PRO.EE.MECH.1230,Water Treatment Transformer,90-LVB-XFR-13,90-LVB-XFR-13,null
33483,420,13,oranda.barter@kiewit.com,2026-09-22 20:39:15,oranda.barter@kiewit.com,2026-09-22 20:52:41,DDP,,Manual,1,0,0,0,"NOGALES, MEXICO",,EA,null,null,null,null,null,,null,2026-11-05,null,null,2026-11-03,2026-11-04,2026-02-16,null,null,null,null,null,2026-02-16,null,null,null,null,TRUE,10,SITE,,,null,null,2026-11-11,2026-11-11,null,null,null,null,null,null,2026-11-05,,2026-11-02,PRO.EE.MECH.1230,Water Treatment Transformer,94-LVB-XFR-14,94-LVB-XFR-14,null
33484,420,14,oranda.barter@kiewit.com,2026-09-22 20:39:15,oranda.barter@kiewit.com,2026-09-22 20:52:41,DDP,,Manual,1,0,0,0,"NOGALES, MEXICO",,EA,null,null,null,null,null,,null,2026-12-03,null,null,2026-12-01,2026-12-02,2026-02-16,null,null,null,null,null,2026-02-16,null,null,null,null,TRUE,10,SITE,,,null,null,2026-12-09,2026-12-09,null,null,null,null,null,null,2026-12-03,,2026-12-31,PRO.DRY.1030,Power Block 5 ,05-SUS-XFR-11,05-SUS-XFR-11,null
33485,420,15,oranda.barter@kiewit.com,2026-09-22 20:39:15,oranda.barter@kiewit.com,2026-09-22 20:52:41,DDP,,Manual,1,0,0,0,"NOGALES, MEXICO",,EA,null,null,null,null,null,,null,2026-12-03,null,null,2026-12-01,2026-12-02,2026-02-16,null,null,null,null,null,2026-02-16,null,null,null,null,TRUE,10,SITE,,,null,null,2026-12-09,2026-12-09,null,null,null,null,null,null,2026-12-03,,2026-12-31,PRO.DRY.1030,Power Block 5 ,05-SUS-XFR-12,05-SUS-XFR-12,null
33486,420,16,oranda.barter@kiewit.com,2026-09-22 20:39:15,oranda.barter@kiewit.com,2026-09-22 20:52:41,DDP,,Manual,1,0,0,0,"NOGALES, MEXICO",,EA,null,null,null,null,null,,null,2026-12-03,null,null,2026-12-01,2026-12-02,2026-02-16,null,null,null,null,null,2026-02-16,null,null,null,null,TRUE,10,SITE,,,null,null,2026-12-09,2026-12-09,null,null,null,null,null,null,2026-12-03,,2026-12-31,PRO.DRY.1030,Power Block 5 ,05-SUS-XFR-21 ,05-SUS-XFR-21 ,null
33502,420,32,oranda.barter@kiewit.com,2026-09-22 20:39:15,oranda.barter@kiewit.com,2026-09-22 20:52:41,DDP,,Manual,1,0,0,0,"NOGALES, MEXICO",,EA,null,null,null,null,null,,null,2027-12-09,null,null,2027-12-07,2027-12-08,2026-02-16,null,null,null,null,null,2026-02-16,null,null,null,null,TRUE,10,SITE,,,null,null,2027-12-15,2027-12-15,null,null,null,null,null,null,2027-12-09,,2027-12-31,PRO.DRY.1070,Power Block 1,01-SUS-XFR-11,01-SUS-XFR-11,null
33503,420,33,oranda.barter@kiewit.com,2026-09-22 20:39:15,oranda.barter@kiewit.com,2026-09-22 20:52:41,DDP,,Manual,1,0,0,0,"NOGALES, MEXICO",,EA,null,null,null,null,null,,null,2027-12-09,null,null,2027-12-07,2027-12-08,2026-02-16,null,null,null,null,null,2026-02-16,null,null,null,null,TRUE,10,SITE,,,null,null,2027-12-15,2027-12-15,null,null,null,null,null,null,2027-12-09,,2027-12-31,PRO.DRY.1070,Power Block 1,01-SUS-XFR-12,01-SUS-XFR-12,null
33504,420,34,oranda.barter@kiewit.com,2026-09-22 20:39:15,oranda.barter@kiewit.com,2026-09-22 20:52:41,DDP,,Manual,1,0,0,0,"NOGALES, MEXICO",,EA,null,null,null,null,null,,null,2027-12-09,null,null,2027-12-07,2027-12-08,2026-02-16,null,null,null,null,null,2026-02-16,null,null,null,null,TRUE,10,SITE,,,null,null,2027-12-15,2027-12-15,null,null,null,null,null,null,2027-12-09,,2027-12-31,PRO.DRY.1070,Power Block 1,01-SUS-XFR-21 ,01-SUS-XFR-21 ,null
33505,420,35,oranda.barter@kiewit.com,2026-09-22 20:39:15,oranda.barter@kiewit.com,2026-09-22 20:52:41,DDP,,Manual,1,0,0,0,"NOGALES, MEXICO",,EA,null,null,null,null,null,,null,2026-12-10,null,null,2026-12-08,2026-12-09,2026-02-16,null,null,null,null,null,2026-02-16,null,null,null,null,TRUE,10,SITE,,,null,null,2026-12-16,2026-12-16,null,null,null,null,null,null,2026-12-10,,2026-12-31,,Admin Building ,08-MVA-XFR-11 ,08-MVA-XFR-11 ,null
33506,420,36,oranda.barter@kiewit.com,2026-09-22 20:39:15,oranda.barter@kiewit.com,2026-09-22 20:52:41,DDP,,Manual,1,0,0,0,"NOGALES, MEXICO",,EA,null,null,null,null,null,,null,2026-12-10,null,null,2026-12-08,2026-12-09,2026-02-16,null,null,null,null,null,2026-02-16,null,null,null,null,TRUE,10,SITE,,,null,null,2026-12-16,2026-12-16,null,null,null,null,null,null,2026-12-10,,2026-12-31,,Fire Water/Storage Building,00-MVA-XFR-15,00-MVA-XFR-15,null
33507,420,37,oranda.barter@kiewit.com,2026-09-22 20:39:15,oranda.barter@kiewit.com,2026-09-22 20:52:41,DDP,,Manual,1,0,0,0,"NOGALES, MEXICO",,EA,null,null,null,null,null,,null,2026-12-10,null,null,2026-12-08,2026-12-09,2026-02-16,null,null,null,null,null,2026-02-16,null,null,null,null,TRUE,10,SITE,,,null,null,2026-12-16,2026-12-16,null,null,null,null,null,null,2026-12-10,,2026-12-31,,Fire Water/Storage Building,00-SUS-XFR-151 ,00-SUS-XFR-151 ,null
33508,420,38,oranda.barter@kiewit.com,2026-09-22 20:39:15,oranda.barter@kiewit.com,2026-09-22 20:52:41,DDP,,Manual,1,0,0,0,"NOGALES, MEXICO",,EA,null,null,null,null,null,,null,2027-04-20,null,null,2027-04-19,2027-04-19,2026-02-16,null,null,null,null,null,2026-02-16,null,null,null,null,TRUE,10,SITE,,,null,null,2027-04-26,2027-04-26,null,null,null,null,null,null,2027-04-20,,2027-04-30,,Maintenance Building ,09-SUS-XFR-152 ,09-SUS-XFR-152 ,null
33509,420,39,oranda.barter@kiewit.com,2026-09-22 20:39:15,oranda.barter@kiewit.com,2026-09-22 20:52:41,DDP,,Manual,1,0,2,0,"NOGALES, MEXICO",,EA,null,null,null,null,null,,null,2027-01-20,null,null,2027-01-21,2027-01-19,2026-02-16,null,null,null,null,null,2026-02-16,null,null,null,null,TRUE,10,SITE,,,null,null,2027-01-26,2027-01-26,null,null,null,null,null,null,2027-01-20,,2026-12-31,PRO.DRY.1270,Transformer Power Block 5,03-MVA-XFR-01 ,03-MVA-XFR-01 ,null
33510,420,40,oranda.barter@kiewit.com,2026-09-22 20:39:15,oranda.barter@kiewit.com,2026-09-22 20:52:41,DDP,,Manual,1,0,2,0,"NOGALES, MEXICO",,EA,null,null,null,null,null,,null,2027-01-20,null,null,2027-01-21,2027-01-19,2026-02-16,null,null,null,null,null,2026-02-16,null,null,null,null,TRUE,10,SITE,,,null,null,2027-01-26,2027-01-26,null,null,null,null,null,null,2027-01-20,,2027-01-15,PRO.DRY.1170,Transformer Power Block 6,06-MVA-XFR-01 ,06-MVA-XFR-01 ,null
33511,420,41,oranda.barter@kiewit.com,2026-09-22 20:39:15,oranda.barter@kiewit.com,2026-09-22 20:52:41,DDP,,Manual,1,0,0,0,"NOGALES, MEXICO",,EA,null,null,null,null,null,,null,2026-11-12,null,null,2026-11-02,2026-11-11,2026-02-16,null,null,null,null,null,2026-02-16,null,null,null,null,TRUE,10,SITE,,,null,null,2026-11-18,2026-11-18,null,null,null,null,null,null,2026-11-12,,2026-10-20,,Storage Building,00-MVA-XFR-18 ,00-MVA-XFR-18 ,null
33512,420,42,oranda.barter@kiewit.com,2026-09-22 20:39:15,oranda.barter@kiewit.com,2026-09-22 20:52:41,DDP,,Manual,1,0,0,0,"NOGALES, MEXICO",,EA,null,null,null,null,null,,null,2026-11-12,null,null,2026-12-16,2026-11-11,2026-02-16,null,null,null,null,null,2026-02-16,null,null,null,null,TRUE,10,SITE,,,null,null,2026-11-18,2026-11-18,null,null,null,null,null,null,2026-11-12,Design Change Kiewit,2026-10-20,,Guard Shack XFR,00-MVA-XFR-19,00-MVA-XFR-19,null
33513,420,43,oranda.barter@kiewit.com,2026-09-22 20:39:15,oranda.barter@kiewit.com,2026-09-22 20:52:41,DDP,,Manual,1,0,0,0,"NOGALES, MEXICO",,EA,null,null,null,null,null,,null,2026-11-12,null,null,2026-11-02,2026-11-11,2026-02-16,null,null,null,null,null,2026-02-16,null,null,null,null,TRUE,10,SITE,,,null,null,2026-11-18,2026-11-18,null,null,null,null,null,null,2026-11-12,,2026-10-20,,AIS Transformer,00-MVA-XFR-20,00-MVA-XFR-20,null
33601,436,3,oranda.barter@kiewit.com,2026-09-23 13:31:37,oranda.barter@kiewit.com,2026-09-23 13:35:49,DDP,,Requisition,1,0,0,0," Villeurbanne, France",,EA,null,null,null,null,null,PHASE A,null,2026-10-06,null,null,2026-10-01,2026-09-28,null,null,null,null,null,null,2026-09-07,2026-09-07,null,null,null,TRUE,2,Site,3,R-100000013V0,null,null,2027-01-08,2027-01-29,null,null,null,null,null,null,2026-10-06,,2027-01-07,PRO.GCB.1170,STG GENERATOR CIRCUIT BREAKER,06-STG-GCB-02,06-STG-GCB-02,null
33602,436,4,oranda.barter@kiewit.com,2026-09-23 13:31:37,oranda.barter@kiewit.com,2026-09-23 13:35:49,DDP,,Requisition,1,0,0,0," Villeurbanne, France",,EA,null,null,null,null,null,PHASE A,null,2026-10-06,null,null,2026-10-01,2026-09-28,null,null,null,null,null,null,2026-09-07,2026-09-07,null,null,null,TRUE,2,Site,4,R-100000013V0,null,null,2027-01-08,2027-01-29,null,null,null,null,null,null,2026-10-06,,2027-01-07,PRO.GCB.1170,CTG GENERATOR BREAKER,06-CTG-GCB-01,06-CTG-GCB-01,null
34371,398,1,oranda.barter@kiewit.com,2026-09-25 14:22:20,oranda.barter@kiewit.com,2026-09-25 14:40:31,DDP,,Manual,1,0,0,0,"Mocksville, NC",,EA,2026-08-06,2026-08-06,null,null,null,PHASE A UNITS,null,2026-08-28,2026-09-22,null,2026-09-16,2026-08-21,2026-08-31,2026-01-22,null,2026-01-22,null,null,2026-08-07,2026-08-07,null,null,2026-08-31,TRUE,14,SITE,,,null,null,2026-09-30,2026-09-01,null,null,null,null,null,null,2026-09-28,,2026-08-01,PRO.CPA.1290,Power Block Air Compressor,05-INA-CMP-01A,05-INA-CMP-01A,null
34373,398,3,oranda.barter@kiewit.com,2026-09-25 14:22:20,oranda.barter@kiewit.com,2026-09-25 14:58:24,DDP,,Manual,1,0,0,0,"Charlotte, NC",,EA,2026-08-06,2026-08-06,null,null,null,PHASE A UNITS,null,2026-08-28,2026-08-26,null,2026-08-26,2026-08-21,2026-08-31,2026-01-22,null,2026-01-22,null,null,2026-08-07,2026-08-07,null,null,2026-08-31,TRUE,14,SITE,,,null,null,2026-10-08,2026-09-01,null,null,null,null,null,null,2026-10-06,,2026-08-01,PRO.CPA.1290,Power Block Trim Cooler,05-INA-CLR-01A,05-INA-CLR-01A,null
34375,398,5,oranda.barter@kiewit.com,2026-09-25 14:22:20,oranda.barter@kiewit.com,2026-09-25 14:58:24,DDP,,Manual,1,0,0,1,"Lebanon, VA",,EA,2026-08-06,2026-08-06,null,null,null,PHASE A UNITS,null,2026-09-11,2026-08-26,null,2026-08-26,2026-08-21,2026-07-30,2026-01-22,null,2026-01-22,null,null,2026-08-07,2026-08-07,null,null,2026-07-10,TRUE,14,SITE,,,null,null,2026-09-29,2026-09-15,null,null,null,null,2026-09-25,null,2026-09-28,,2026-08-01,PRO.CPA.1290,Power Block Dry Air Receiver,05-INA-REC-02,05-INA-REC-02,null
34376,398,6,oranda.barter@kiewit.com,2026-09-25 14:22:20,oranda.barter@kiewit.com,2026-09-25 14:40:31,DDP,,Manual,1,0,0,0,"Mocksville, NC",,EA,2026-08-06,2026-08-06,null,null,null,PHASE A UNITS,null,2026-08-28,2026-09-22,null,2026-09-16,2026-08-21,2026-08-31,2026-01-22,null,2026-01-22,null,null,2026-08-07,2026-08-07,null,null,2026-08-31,TRUE,14,SITE,,,null,null,2026-09-30,2026-09-01,null,null,null,null,null,null,2026-09-28,,2026-08-01,PRO.CPA.1290,Power Block Air Compressor,05-INA-CMP-01B,05-INA-CMP-01B,null
34378,398,8,oranda.barter@kiewit.com,2026-09-25 14:22:20,oranda.barter@kiewit.com,2026-09-25 14:58:24,DDP,,Manual,1,0,0,0,"Charlotte, NC",,EA,2026-08-06,2026-08-06,null,null,null,PHASE A UNITS,null,2026-08-28,2026-08-26,null,2026-08-26,2026-08-21,2026-08-31,2026-01-22,null,2026-01-22,null,null,2026-08-07,2026-08-07,null,null,2026-08-31,TRUE,14,SITE,,,null,null,2026-10-08,2026-09-01,null,null,null,null,null,null,2026-10-06,,2026-08-01,PRO.CPA.1290,Power Block Trim Cooler,05-INA-CLR-01B,05-INA-CLR-01B,null
34379,398,9,oranda.barter@kiewit.com,2026-09-25 14:22:20,oranda.barter@kiewit.com,2026-09-25 14:40:31,DDP,,Manual,1,0,0,0,"Mocksville, NC",,EA,2026-08-06,2026-08-06,null,null,null,PHASE A UNITS,null,2026-08-28,2026-09-22,null,2026-09-16,2026-08-21,2026-08-31,2026-01-22,null,2026-01-22,null,null,2026-08-07,2026-08-07,null,null,2026-08-31,TRUE,14,SITE,,,null,null,2026-09-30,2026-09-01,null,null,null,null,null,null,2026-09-28,,2026-08-01,PRO.CPA.1180,Power Block Air Compressor,06-INA-CMP-01A,06-INA-CMP-01A,null
34381,398,11,oranda.barter@kiewit.com,2026-09-25 14:22:20,oranda.barter@kiewit.com,2026-09-25 14:58:24,DDP,,Manual,1,0,0,0,"Charlotte, NC",,EA,2026-08-06,2026-08-06,null,null,null,PHASE A UNITS,null,2026-08-28,2026-08-26,null,2026-08-26,2026-08-21,2026-08-31,2026-01-22,null,2026-01-22,null,null,2026-08-07,2026-08-07,null,null,2026-08-31,TRUE,14,SITE,,,null,null,2026-10-08,2026-09-01,null,null,null,null,null,null,2026-10-06,,2026-08-01,PRO.CPA.1180,Power Block Trim Cooler,06-INA-CLR-01A,06-INA-CLR-01A,null
34383,398,13,oranda.barter@kiewit.com,2026-09-25 14:22:20,oranda.barter@kiewit.com,2026-09-25 14:58:24,DDP,,Manual,1,0,0,1,"Lebanon, VA",,EA,2026-08-06,2026-08-06,null,null,null,PHASE A UNITS,null,2026-09-11,2026-08-26,null,2026-08-26,2026-08-21,2026-07-30,2026-01-22,null,2026-01-22,null,null,2026-08-07,2026-08-07,null,null,2026-07-10,TRUE,14,SITE,,,null,null,2026-09-29,2026-09-15,null,null,null,null,2026-09-25,null,2026-09-28,,2026-08-01,PRO.CPA.1180,Power Block Dry Air Receiver,06-INA-REC-02,06-INA-REC-02,null
34384,398,14,oranda.barter@kiewit.com,2026-09-25 14:22:20,oranda.barter@kiewit.com,2026-09-25 14:40:31,DDP,,Manual,1,0,0,0,"Mocksville, NC",,EA,2026-08-06,2026-08-06,null,null,null,PHASE A UNITS,null,2026-08-28,2026-09-22,null,2026-09-16,2026-08-21,2026-08-31,2026-01-22,null,2026-01-22,null,null,2026-08-07,2026-08-07,null,null,2026-08-31,TRUE,14,SITE,,,null,null,2026-09-30,2026-09-01,null,null,null,null,null,null,2026-09-28,,2026-08-01,PRO.CPA.1180,Power Block Air Compressor,06-INA-CMP-01B,06-INA-CMP-01B,null
34387,398,17,oranda.barter@kiewit.com,2026-09-25 14:22:20,oranda.barter@kiewit.com,2026-09-25 14:40:31,DDP,,Manual,1,0,3,0,"Mocksville, NC",,EA,2026-08-06,2026-08-06,null,null,null,PHASE A UNITS,null,2026-08-28,2026-09-22,null,2026-09-16,2026-08-21,2026-08-31,2026-01-22,null,2026-01-22,null,null,2026-08-07,2026-08-07,null,null,2026-08-31,TRUE,14,SITE,,,null,null,2026-09-30,2026-09-01,null,null,null,null,null,null,2026-09-28,,2026-08-01,PRO.EE.MECH.1210,Water Treatment Air Compressor,91-INA-CMP-02A,91-INA-CMP-02A,null
34386,398,16,oranda.barter@kiewit.com,2026-09-25 14:22:20,oranda.barter@kiewit.com,2026-09-25 14:58:24,DDP,,Manual,1,0,0,0,"Charlotte, NC",,EA,2026-08-06,2026-08-06,null,null,null,PHASE A UNITS,null,2026-08-28,2026-08-26,null,2026-08-26,2026-08-21,2026-08-31,2026-01-22,null,2026-01-22,null,null,2026-08-07,2026-08-07,null,null,2026-08-31,TRUE,14,SITE,,,null,null,2026-10-08,2026-09-01,null,null,null,null,null,null,2026-10-06,,2026-08-01,PRO.CPA.1180,Power Block Trim Cooler,06-INA-CLR-01B,06-INA-CLR-01B,null
34389,398,19,oranda.barter@kiewit.com,2026-09-25 14:22:20,oranda.barter@kiewit.com,2026-09-25 14:58:24,DDP,,Manual,1,0,3,0,"Charlotte, NC",,EA,2026-08-06,2026-08-06,null,null,null,PHASE A UNITS,null,2026-08-28,2026-08-26,null,2026-08-26,2026-08-21,2026-08-31,2026-01-22,null,2026-01-22,null,null,2026-08-07,2026-08-07,null,null,2026-08-06,TRUE,14,SITE,,,null,null,2026-10-08,2026-09-01,null,null,null,null,null,null,2026-10-06,,2026-08-01,PRO.EE.MECH.1210,Water Treatment Trim Cooler,91-INA-CLR-02A,91-INA-CLR-02A,null
34393,398,23,oranda.barter@kiewit.com,2026-09-25 14:22:20,oranda.barter@kiewit.com,2026-09-25 14:58:24,DDP,,Manual,1,0,3,0,"Mocksville, NC",,EA,2026-08-06,2026-08-06,null,null,null,PHASE A UNITS,null,2026-08-28,2026-09-22,null,2026-09-16,2026-08-21,2026-08-31,2026-01-22,null,2026-01-22,null,null,2026-08-07,2026-08-07,null,null,2026-08-31,TRUE,14,SITE,,,null,null,2026-09-30,2026-09-01,null,null,null,null,null,null,2026-09-28,,2026-08-01,PRO.EE.MECH.1210,Water Treatment Air Compressor,91-INA-CMP-02B,91-INA-CMP-02B,null
34395,398,25,oranda.barter@kiewit.com,2026-09-25 14:22:20,oranda.barter@kiewit.com,2026-09-25 14:58:24,DDP,,Manual,1,0,3,0,"Charlotte, NC",,EA,2026-08-06,2026-08-06,null,null,null,PHASE A UNITS,null,2026-08-28,2026-08-26,null,2026-08-26,2026-08-21,2026-08-31,2026-01-22,null,2026-01-22,null,null,2026-08-07,2026-08-07,null,null,2026-08-31,TRUE,14,SITE,,,null,null,2026-10-08,2026-09-01,null,null,null,null,null,null,2026-10-06,,2026-08-01,PRO.EE.MECH.1210,Water Treatment Trim Cooler,91-INA-CLR-02B,91-INA-CLR-02B,null
34518,411,77,oranda.barter@kiewit.com,2026-09-30 13:13:59,oranda.barter@kiewit.com,2026-09-30 13:16:23,DDP,,Manual,2,2,2,2,,,EA,null,null,null,null,null,,null,2026-09-07,2026-08-28,null,2026-08-28,2026-08-28,2026-05-01,null,null,null,null,null,2026-05-04,2026-05-04,null,null,null,TRUE,10,SITE,,,2026-09-11,null,2026-09-11,2026-09-07,null,null,null,null,2026-09-09,null,2026-09-07,,2026-08-17,,Admin Building Sanitary Lift Station Sump Pumps,00-SDR-PMP-01A/B,00-SDR-SMP-01,null
34519,411,78,oranda.barter@kiewit.com,2026-09-30 13:13:59,oranda.barter@kiewit.com,2026-09-30 13:16:23,DDP,,Manual,2,2,2,2,,,EA,null,null,null,null,null,,null,2026-09-07,null,null,2026-08-28,2026-08-28,2026-05-01,null,null,null,null,null,2026-05-01,2026-05-01,null,null,null,TRUE,10,SITE,,,2026-09-11,null,2026-09-11,2026-09-07,null,null,null,null,2026-09-09,null,2026-09-07,,2026-08-17,,Admin Building Sanitary Lift Station Sump Pump Motors,00-SDR-MPM-01A/B,00-SDR-SMP-01,null
34524,411,83,oranda.barter@kiewit.com,2026-09-30 13:13:59,oranda.barter@kiewit.com,2026-09-30 13:16:23,DDP,,Manual,2,2,2,2,,,EA,null,null,null,null,null,,null,2026-09-07,2026-08-28,null,2026-08-28,2026-08-28,2026-05-04,null,null,null,null,null,2026-05-04,2026-05-04,null,null,null,TRUE,10,SITE,,,2026-09-11,null,2026-09-11,2026-09-07,null,null,null,null,2026-09-09,null,2026-09-07,,2026-12-15,,WT Building Sump Pumps,00-SDR-PMP-03A/B,00-SDR-SMP-03,null
34525,411,84,oranda.barter@kiewit.com,2026-09-30 13:13:59,oranda.barter@kiewit.com,2026-09-30 13:16:23,DDP,,Manual,2,2,2,2,,,EA,null,null,null,null,null,,null,2026-09-07,null,null,2026-08-28,2026-08-28,2026-05-04,null,null,null,null,null,2026-05-04,2026-05-04,null,null,null,TRUE,10,SITE,,,2026-09-11,null,2026-09-11,2026-09-07,null,null,null,null,2026-09-09,null,2026-09-07,,2026-12-15,,WT Building Sump Pump Motors,00-SDR-MPM-03A/B,00-SDR-SMP-03,null
34527,411,86,oranda.barter@kiewit.com,2026-09-30 13:13:59,oranda.barter@kiewit.com,2026-09-30 13:16:23,DDP,,Manual,2,2,2,2,,,EA,null,null,null,null,null,,null,2026-09-07,2026-08-28,null,2026-08-28,2026-08-28,2026-05-04,null,null,null,null,null,2026-05-04,2026-05-01,null,null,null,TRUE,10,SITE,,,2026-09-11,null,2026-09-11,2026-09-07,null,null,null,null,2026-09-09,null,2026-09-07,,2026-12-15,,Guard Shack Sump Pumps,00-SDR-PMP-04A/B,00-SDR-SMP-04,null
5605,419,29,kd.warren@kiewit.com,2026-06-16 12:10:52,null,null,DDP,,Manual,1,null,0,null,,,EA,null,null,null,null,null,PHASE A,null,null,null,null,null,null,null,null,null,null,null,null,null,null,null,null,null,TRUE,3,SITE,,,null,null,null,null,null,null,null,null,null,null,null,,2026-12-04,,Natural Gas Odorizer Systems,00-FGS-SKD-02,00-FGS-SKD-02,null
5606,419,30,kd.warren@kiewit.com,2026-06-16 12:10:52,null,null,DDP,,Manual,1,null,0,null,,,EA,null,null,null,null,null,PHASE A,null,null,null,null,null,null,null,null,null,null,null,null,null,null,null,null,null,TRUE,3,SITE,,,null,null,null,null,null,null,null,null,null,null,null,,2026-12-04,,Natural Gas Odorizer Systems,00-FGS-SKD-03,00-FGS-SKD-03,null
5607,419,31,kd.warren@kiewit.com,2026-06-16 12:10:52,null,null,DDP,,Manual,1,null,0,null,,,EA,null,null,null,null,null,PHASE A,null,null,null,null,null,null,null,null,null,null,null,null,null,null,null,null,null,TRUE,3,SITE,,,null,null,null,null,null,null,null,null,null,null,null,,2026-12-04,,Natural Gas Odorizer Systems,91- FGS-SKD-01,91- FGS-SKD-01,null
23462,407,1,oranda.barter@kiewit.com,2026-08-05 19:49:17,null,null,DDP,,Manual,1,0,0,0,,,EA,null,null,null,null,null,,null,null,null,null,null,null,null,null,null,null,null,null,null,null,null,null,null,TRUE,1,,,,null,null,2026-11-30,2026-11-30,null,null,null,null,null,null,null,,null,,WWR CLARIFIER A,94-IWT-CLR-02A,94-IWT-CLR-02A,null
23464,407,2.1,oranda.barter@kiewit.com,2026-08-05 19:49:17,null,null,DDP,,Manual,1,0,0,0,,,EA,null,null,2026-03-18,null,null,,null,null,null,null,null,null,null,null,null,null,null,null,null,null,2026-03-31,null,null,TRUE,1,,,,null,null,null,null,null,null,null,null,null,null,null,,null,,WWR FORWARDING PUMP A,94-IWT-PMP-01A,94-IWT-CLR-02A,null
23465,407,2.2,oranda.barter@kiewit.com,2026-08-05 19:49:17,null,null,DDP,,Manual,1,0,0,0,,,EA,null,null,2026-03-18,null,null,,null,null,null,null,null,null,null,null,null,null,null,null,null,null,2026-03-31,null,null,TRUE,1,,,,null,null,null,null,null,null,null,null,null,null,null,,null,,WWR FORWARDING PUMP MOTOR A,94-IWT-MPM-01A,94-IWT-CLR-02A,null
23466,407,2.3,oranda.barter@kiewit.com,2026-08-05 19:49:17,null,null,DDP,,Manual,1,0,0,0,,,EA,null,null,2026-03-18,null,null,,null,null,null,null,null,null,null,null,null,null,null,null,null,null,2026-03-31,null,null,TRUE,1,,,,null,null,null,null,null,null,null,null,null,null,null,,null,,WWR FORWARDING PUMP B,94-IWT-PMP-01B,94-IWT-CLR-02A,null
23467,407,2.4,oranda.barter@kiewit.com,2026-08-05 19:49:17,null,null,DDP,,Manual,1,0,0,0,,,EA,null,null,2026-03-18,null,null,,null,null,null,null,null,null,null,null,null,null,null,null,null,null,2026-03-31,null,null,TRUE,1,,,,null,null,null,null,null,null,null,null,null,null,null,,null,,WWR FORWARDING PUMP MOTOR B,94-IWT-MPM-01B,94-IWT-CLR-02A,null
23473,407,4.1,oranda.barter@kiewit.com,2026-08-05 19:49:17,null,null,DDP,,Manual,1,0,0,0,,,EA,null,null,2026-03-18,null,null,,null,null,null,null,null,null,null,null,null,null,null,null,null,null,2026-03-31,null,null,TRUE,1,,,,null,null,null,null,null,null,null,null,null,null,null,,null,,WWR NEUTRALIZATION TANK MIXER MOTOR A ,94-IWT-MPM-22A,94-IWT-CLR-02A,null
23474,407,5.1,oranda.barter@kiewit.com,2026-08-05 19:49:17,null,null,DDP,,Manual,1,0,0,0,,,EA,null,null,2026-03-18,null,null,,null,null,null,null,null,null,null,null,null,null,null,null,null,null,2026-03-31,null,null,TRUE,1,,,,null,null,null,null,null,null,null,null,null,null,null,,null,,WWR NEUTRALIZATION TANK MIXER MOTOR B,94-IWT-MPM-22B,94-IWT-CLR-02A,null
23475,407,6.1,oranda.barter@kiewit.com,2026-08-05 19:49:17,null,null,DDP,,Manual,1,0,0,0,,,EA,null,null,2026-03-18,null,null,,null,null,null,null,null,null,null,null,null,null,null,null,null,null,2026-03-31,null,null,TRUE,1,,,,null,null,null,null,null,null,null,null,null,null,null,,null,,WWR NEUTRALIZATION TANK MIXER MOTOR C,94-IWT-MPM-22C,94-IWT-CLR-02A,null
23476,407,7.1,oranda.barter@kiewit.com,2026-08-05 19:49:17,null,null,DDP,,Manual,1,0,0,0,,,EA,null,null,2026-03-18,null,null,,null,null,null,null,null,null,null,null,null,null,null,null,null,null,2026-03-31,null,null,TRUE,1,,,,null,null,null,null,null,null,null,null,null,null,null,,null,,WWR NEUTRALIZATION TANK MIXER MOTOR D,94-IWT-MPM-22D,94-IWT-CLR-02A,null
23477,407,1.1,oranda.barter@kiewit.com,2026-08-05 19:49:17,null,null,DDP,,Manual,1,0,0,0,,,EA,null,null,2026-03-25,null,2026-09-15,,23462,null,null,null,null,null,null,null,null,null,null,null,null,null,2026-04-21,null,null,TRUE,1,,,,null,null,null,null,null,null,null,null,null,null,null,,null,,WWR CLARIFIER A VFD,94-IWT-VFD-01A,94-IWT-CLR-02A,null
23478,407,1.2,oranda.barter@kiewit.com,2026-08-05 19:49:17,null,null,DDP,,Manual,1,0,0,0,,,EA,null,null,2026-03-18,null,null,,23462,null,null,null,null,null,null,null,null,null,null,null,null,null,2026-03-31,null,null,TRUE,1,,,,null,null,null,null,null,null,null,null,null,null,null,,null,,WWR CLARIFIER A DRIVE UNIT,94-IWT-MXR-23A,94-IWT-CLR-02A,null
23479,407,3.1,oranda.barter@kiewit.com,2026-08-05 19:49:17,null,null,DDP,,Manual,1,0,0,0,,,EA,null,null,2026-03-18,null,null,,23468,null,null,null,null,null,null,null,null,null,null,null,null,null,2026-03-31,null,null,TRUE,1,,,,null,null,null,null,null,null,null,null,null,null,null,,null,,WWR CLARIFIER A SLUDGE PUMP A ,94-IWT-PMP-02A ,94-IWT-CLR-02A,null
23480,407,3.2,oranda.barter@kiewit.com,2026-08-05 19:49:17,null,null,DDP,,Manual,1,0,0,0,,,EA,null,null,2026-03-18,null,null,,23468,null,null,null,null,null,null,null,null,null,null,null,null,null,2026-03-31,null,null,TRUE,1,,,,null,null,null,null,null,null,null,null,null,null,null,,null,,WWR CLARIFIER A SLUDGE PUMP A MOTOR,94-IWT-MPM-02A,94-IWT-CLR-02A,null
23481,407,3.3,oranda.barter@kiewit.com,2026-08-05 19:49:17,null,null,DDP,,Manual,1,0,0,0,,,EA,null,null,2026-03-18,null,null,,23468,null,null,null,null,null,null,null,null,null,null,null,null,null,2026-03-31,null,null,TRUE,1,,,,null,null,null,null,null,null,null,null,null,null,null,,null,,WWR CLARIFIER A SLUDGE PUMP AB,94-IWT-PMP-02AB,94-IWT-CLR-02A,null
23482,407,3.4,oranda.barter@kiewit.com,2026-08-05 19:49:17,null,null,DDP,,Manual,1,0,0,0,,,EA,null,null,2026-03-18,null,null,,23468,null,null,null,null,null,null,null,null,null,null,null,null,null,2026-03-31,null,null,TRUE,1,,,,null,null,null,null,null,null,null,null,null,null,null,,null,,WWR CLARIFIER A SLUDGE PUMP B MOTOR,94-IWT-MPM-02B,94-IWT-CLR-02A,null
24434,404,1,oranda.barter@kiewit.com,2026-08-17 19:55:08,null,null,null,,Manual,1,0,0,0,,,EA,2026-11-27,2026-11-27,null,null,null,,null,2027-01-27,null,null,2027-01-12,2027-01-12,2026-07-09,null,null,null,null,null,2026-07-09,2026-07-09,null,null,null,TRUE,2,,,,null,null,2027-02-12,2027-02-12,null,null,null,null,null,null,2027-01-27,,null,PRO.OBC.1280,STG Building Bridge Crane: 90-Ton,05-STG-CRN-01,05-STG-CRN-01,null
24435,404,2,oranda.barter@kiewit.com,2026-08-17 19:55:08,null,null,null,,Manual,1,0,0,0,,,EA,2026-11-27,2026-11-27,null,null,null,,null,2027-02-26,null,null,2027-02-18,2027-02-18,null,null,null,null,null,null,2026-08-18,2026-08-18,null,null,null,TRUE,2,,,,null,null,2027-03-05,2027-03-05,null,null,null,null,null,null,2027-02-26,,null,PRO.OBC.1170,STG Building Bridge Crane: 90-Ton,06-STG-CRN-01,06-STG-CRN-01,null
24436,404,3,oranda.barter@kiewit.com,2026-08-17 19:55:08,null,null,null,,Manual,1,0,0,0,,,EA,2027-02-19,2027-02-19,null,null,null,,null,2027-04-14,null,null,2027-04-06,2027-04-06,null,null,null,null,null,null,2026-09-25,2026-09-25,null,null,null,TRUE,2,,,,null,null,2027-04-20,2027-04-20,null,null,null,null,null,null,2027-04-14,,null,PRO.OBC.1040,STG Building Bridge Crane: 90-Ton,02-STG-CRN-01,02-STG-CRN-01,null
24437,404,4,oranda.barter@kiewit.com,2026-08-17 19:55:08,null,null,null,,Manual,1,0,0,0,,,EA,2027-06-18,2027-06-18,null,null,null,,null,2027-08-11,null,null,2027-08-03,2027-08-03,null,null,null,null,null,null,2026-12-14,2026-12-14,null,null,null,TRUE,2,,,,null,null,2027-08-27,2027-08-27,null,null,null,null,null,null,2027-08-11,,null,PRO.OBC.1270,STG Building Bridge Crane: 90-Ton,03-STG-CRN-01,03-STG-CRN-01,null
24438,404,5,oranda.barter@kiewit.com,2026-08-17 19:55:08,null,null,null,,Manual,1,0,0,0,,,EA,2027-06-18,2027-06-18,null,null,null,,null,2027-09-17,null,null,2027-09-09,2027-09-09,null,null,null,null,null,null,2027-01-21,2027-01-21,null,null,null,TRUE,2,,,,null,null,2027-10-01,2027-10-01,null,null,null,null,null,null,2027-09-17,,null,PRO.OBC.1050,STG Building Bridge Crane: 90-Ton,07-STG-CRN-01,07-STG-CRN-01,null
24439,404,6,oranda.barter@kiewit.com,2026-08-17 19:55:08,null,null,null,,Manual,1,0,0,0,,,EA,2027-09-17,2027-09-17,null,null,null,,null,2027-11-10,null,null,2027-11-02,2027-11-02,null,null,null,null,null,null,2027-03-02,2027-03-02,null,null,null,TRUE,2,,,,null,null,2027-11-23,2027-11-23,null,null,null,null,null,null,2027-11-10,,null,PRO.OBC.1060,STG Building Bridge Crane: 90-Ton,04-STG-CRN-01,04-STG-CRN-01,null
24440,404,7,oranda.barter@kiewit.com,2026-08-17 19:55:08,null,null,null,,Manual,1,0,0,0,,,EA,2027-11-19,2027-11-19,null,null,null,,null,2028-03-20,null,null,2028-03-10,2028-03-10,null,null,null,null,null,null,2027-06-28,2027-06-28,null,null,null,TRUE,2,,,,null,null,2028-04-03,2028-04-03,null,null,null,null,null,null,2028-03-20,,null,PRO.OBC.1070,STG Building Bridge Crane: 90-Ton,01-STG-CRN-01,01-STG-CRN-01,null
24744,428,1,oranda.barter@kiewit.com,2026-08-20 15:31:34,null,null,DDP,,Manual,1,0,0,0,,,EA,null,null,null,null,null,Phase E,null,2027-06-14,null,null,null,null,null,null,null,null,null,null,2027-04-19,2027-04-19,null,null,null,TRUE,2,SITE,,,null,null,2027-06-17,2027-06-17,null,null,null,null,null,null,2027-06-14,,2027-06-17,PRO.CG.1070,LIQUID CARBON DIOXIDE STORAGE TANK,01-CMG-TNK-01,01-CMG-TNK-01,null
24745,428,2,oranda.barter@kiewit.com,2026-08-20 15:31:34,null,null,DDP,,Manual,1,0,0,0,,,EA,null,null,null,null,null,Phase B,null,2026-12-15,null,null,null,null,null,null,null,null,null,null,2026-10-20,2026-10-20,null,null,null,TRUE,2,SITE,,,null,null,2026-12-19,2026-12-19,null,null,null,null,null,null,2026-12-15,,2026-12-19,PRO.CG.1040,LIQUID CARBON DIOXIDE STORAGE TANK,02-CMG-TNK-01,02-CMG-TNK-01,null
24746,428,3,oranda.barter@kiewit.com,2026-08-20 15:31:34,null,null,DDP,,Manual,1,0,0,0,,,EA,null,null,null,null,null,Phase B,null,2026-12-15,null,null,null,null,null,null,null,null,null,null,2026-10-20,2026-10-20,null,null,null,TRUE,2,SITE,,,null,null,2026-12-19,2026-12-19,null,null,null,null,null,null,2026-12-15,,2026-12-19,PRO.CG.1270,LIQUID CARBON DIOXIDE STORAGE TANK,03-CMG-TNK-01,03-CMG-TNK-01,null
24747,428,4,oranda.barter@kiewit.com,2026-08-20 15:31:34,null,null,DDP,,Manual,1,0,0,0,,,EA,null,null,null,null,null,Phase D,null,2027-04-14,null,null,null,null,null,null,null,null,null,null,2027-02-17,2027-02-17,null,null,null,TRUE,2,SITE,,,null,null,2027-04-18,2027-04-18,null,null,null,null,null,null,2027-04-14,,2027-04-18,PRO.CG.1060,LIQUID CARBON DIOXIDE STORAGE TANK,04-CMG-TNK-01,04-CMG-TNK-01,null
24748,428,5,oranda.barter@kiewit.com,2026-08-20 15:31:34,null,null,DDP,,Manual,1,0,0,0,,,EA,null,null,null,null,null,Phase A,null,2026-11-24,null,null,null,null,null,null,null,null,null,null,2026-09-29,2026-09-29,null,null,null,TRUE,2,SITE,,,null,null,2026-11-30,2026-11-30,null,null,null,null,null,null,2026-11-24,,2026-10-20,PRO.CG.1280,LIQUID CARBON DIOXIDE STORAGE TANK,05-CMG-TNK-01,05-CMG-TNK-01,null
24749,428,6,oranda.barter@kiewit.com,2026-08-20 15:31:34,null,null,DDP,,Manual,1,0,0,0,,,EA,null,null,null,null,null,Phase A,null,2026-11-24,null,null,null,null,null,null,null,null,null,null,2026-09-29,2026-09-29,null,null,null,TRUE,2,SITE,,,null,null,2026-11-30,2026-11-30,null,null,null,null,null,null,2026-11-24,,2026-10-20,PRO.CG.1170,LIQUID CARBON DIOXIDE STORAGE TANK,06-CMG-TNK-01,06-CMG-TNK-01,null
24750,428,7,oranda.barter@kiewit.com,2026-08-20 15:31:34,null,null,DDP,,Manual,1,0,0,0,,,EA,null,null,null,null,null,Phase C,null,2027-02-12,null,null,null,null,null,null,null,null,null,null,2026-12-18,2026-12-18,null,null,null,TRUE,2,SITE,,,null,null,2027-02-17,2027-02-17,null,null,null,null,null,null,2027-02-12,,2027-02-17,PRO.CG.1050,LIQUID CARBON DIOXIDE STORAGE TANK,07-CMG-TNK-01,07-CMG-TNK-01,null
24751,428,8,oranda.barter@kiewit.com,2026-08-20 15:31:34,null,null,DDP,,Manual,1,0,0,0,,,EA,null,null,null,null,null,Phase E,null,2027-06-15,null,null,null,null,null,null,null,null,null,null,2027-06-01,2027-06-01,null,null,null,TRUE,2,SITE,,,null,null,2027-06-17,2027-06-17,null,null,null,null,null,null,2027-06-15,,2027-06-17,PRO.CG.1070,CARBON DIOXIDE REGULATOR SKID,01-CMG-SKD-04,01-CMG-SKD-04,null
24752,428,9,oranda.barter@kiewit.com,2026-08-20 15:31:34,null,null,DDP,,Manual,1,0,0,0,,,EA,null,null,null,null,null,Phase B,null,2026-12-15,null,null,null,null,null,null,null,null,null,null,2026-12-01,2026-12-01,null,null,null,TRUE,2,SITE,,,null,null,2026-12-19,2026-12-19,null,null,null,null,null,null,2026-12-15,,2026-12-19,PRO.CG.1040,CARBON DIOXIDE REGULATOR SKID,02-CMG-SKD-04,02-CMG-SKD-04,null
24753,428,10,oranda.barter@kiewit.com,2026-08-20 15:31:34,null,null,DDP,,Manual,1,0,0,0,,,EA,null,null,null,null,null,Phase B,null,2026-12-15,null,null,null,null,null,null,null,null,null,null,2026-12-01,2026-12-01,null,null,null,TRUE,2,SITE,,,null,null,2026-12-19,2026-12-19,null,null,null,null,null,null,2026-12-15,,2026-12-19,PRO.CG.1270,CARBON DIOXIDE REGULATOR SKID,03-CMG-SKD-04,03-CMG-SKD-04,null
24754,428,11,oranda.barter@kiewit.com,2026-08-20 15:31:34,null,null,DDP,,Manual,1,0,0,0,,,EA,null,null,null,null,null,Phase D,null,2027-04-14,null,null,null,null,null,null,null,null,null,null,2027-03-31,2027-03-31,null,null,null,TRUE,2,SITE,,,null,null,2027-04-18,2027-04-18,null,null,null,null,null,null,2027-04-14,,2027-04-18,PRO.CG.1060,CARBON DIOXIDE REGULATOR SKID,04-CMG-SKD-04,04-CMG-SKD-04,null
24755,428,12,oranda.barter@kiewit.com,2026-08-20 15:31:34,null,null,DDP,,Manual,1,0,0,0,,,EA,null,null,null,null,null,Phase A,null,2026-11-24,null,null,null,null,null,null,null,null,null,null,2026-11-10,2026-11-10,null,null,null,TRUE,2,SITE,,,null,null,2026-11-25,2026-11-25,null,null,null,null,null,null,2026-11-24,,2026-10-20,PRO.CG.1280,CARBON DIOXIDE REGULATOR SKID,05-CMG-SKD-04,05-CMG-SKD-04,null
24756,428,13,oranda.barter@kiewit.com,2026-08-20 15:31:34,null,null,DDP,,Manual,1,0,0,0,,,EA,null,null,null,null,null,Phase A,null,2026-11-24,null,null,null,null,null,null,null,null,null,null,2026-11-10,2026-11-10,null,null,null,TRUE,2,SITE,,,null,null,2026-11-25,2026-11-25,null,null,null,null,null,null,2026-11-24,,2026-10-20,PRO.CG.1170,CARBON DIOXIDE REGULATOR SKID,06-CMG-SKD-04,06-CMG-SKD-04,null
24757,428,14,oranda.barter@kiewit.com,2026-08-20 15:31:34,null,null,DDP,,Manual,1,0,0,0,,,EA,null,null,null,null,null,Phase C,null,2027-02-12,null,null,null,null,null,null,null,null,null,null,2027-01-29,2027-01-29,null,null,null,TRUE,2,SITE,,,null,null,2027-02-17,2027-02-17,null,null,null,null,null,null,2027-02-12,,2027-02-17,PRO.CG.1050,CARBON DIOXIDE REGULATOR SKID,07-CMG-SKD-04,07-CMG-SKD-04,null
24758,428,15,oranda.barter@kiewit.com,2026-08-20 15:31:34,null,null,DDP,,Manual,1,0,0,0,,,EA,null,null,null,null,null,Phase E,null,2027-06-15,null,null,null,null,null,null,null,null,null,null,2026-09-28,2026-09-28,null,null,null,TRUE,2,SITE,,,null,null,2027-06-17,2027-06-17,null,null,null,null,null,null,2027-06-15,,2027-06-17,PRO.CG.1070,CARBON DIOXIDE VAPORIZATION SKID,01-CMG-SKD-05,01-CMG-SKD-05,null
24759,428,16,oranda.barter@kiewit.com,2026-08-20 15:31:34,null,null,DDP,,Manual,1,0,0,0,,,EA,null,null,null,null,null,Phase B,null,2026-12-15,null,null,null,null,null,null,null,null,null,null,2026-09-28,2026-09-28,null,null,null,TRUE,2,SITE,,,null,null,2026-12-19,2026-12-19,null,null,null,null,null,null,2026-12-15,,2026-12-19,PRO.CG.1040,CARBON DIOXIDE VAPORIZATION SKID,02-CMG-SKD-05,02-CMG-SKD-05,null
24760,428,17,oranda.barter@kiewit.com,2026-08-20 15:31:34,null,null,DDP,,Manual,1,0,0,0,,,EA,null,null,null,null,null,Phase B,null,2026-12-15,null,null,null,null,null,null,null,null,null,null,2026-09-28,2026-09-28,null,null,null,TRUE,2,SITE,,,null,null,2026-12-19,2026-12-19,null,null,null,null,null,null,2026-12-15,,2026-12-19,PRO.CG.1270,CARBON DIOXIDE VAPORIZATION SKID,03-CMG-SKD-05,03-CMG-SKD-05,null
24761,428,18,oranda.barter@kiewit.com,2026-08-20 15:31:34,null,null,DDP,,Manual,1,0,0,0,,,EA,null,null,null,null,null,Phase D,null,2027-04-14,null,null,null,null,null,null,null,null,null,null,2026-09-28,2026-09-28,null,null,null,TRUE,2,SITE,,,null,null,2027-04-18,2027-04-18,null,null,null,null,null,null,2027-04-14,,2027-04-18,PRO.CG.1060,CARBON DIOXIDE VAPORIZATION SKID,04-CMG-SKD-05,04-CMG-SKD-05,null
24762,428,19,oranda.barter@kiewit.com,2026-08-20 15:31:34,null,null,DDP,,Manual,1,0,0,0,,,EA,null,null,null,null,null,Phase A,null,2026-11-24,null,null,null,null,null,null,null,null,null,null,2026-09-28,2026-09-28,null,null,null,TRUE,2,SITE,,,null,null,2026-11-25,2026-11-25,null,null,null,null,null,null,2026-11-24,,2026-10-20,PRO.CG.1280,CARBON DIOXIDE VAPORIZATION SKID,05-CMG-SKD-05,05-CMG-SKD-05,null
24763,428,20,oranda.barter@kiewit.com,2026-08-20 15:31:34,null,null,DDP,,Manual,1,0,0,0,,,EA,null,null,null,null,null,Phase A,null,2026-11-24,null,null,null,null,null,null,null,null,null,null,2026-09-28,2026-09-28,null,null,null,TRUE,2,SITE,,,null,null,2026-11-25,2026-11-25,null,null,null,null,null,null,2026-11-24,,2026-10-20,PRO.CG.1170,CARBON DIOXIDE VAPORIZATION SKID,06-CMG-SKD-05,06-CMG-SKD-05,null
24764,428,21,oranda.barter@kiewit.com,2026-08-20 15:31:34,null,null,DDP,,Manual,1,0,0,0,,,EA,null,null,null,null,null,Phase C,null,2027-02-12,null,null,null,null,null,null,null,null,null,null,2026-09-28,2026-09-28,null,null,null,TRUE,2,SITE,,,null,null,2027-02-17,2027-02-17,null,null,null,null,null,null,2027-02-12,,2027-02-17,PRO.CG.1050,CARBON DIOXIDE VAPORIZATION SKID,07-CMG-SKD-05,07-CMG-SKD-05,null
24765,428,22,oranda.barter@kiewit.com,2026-08-20 15:31:34,null,null,DDP,,Manual,1,0,0,0,,,EA,null,null,null,null,null,Phase E,null,2027-06-15,null,null,null,null,null,null,null,null,null,null,2027-06-01,2027-06-01,null,null,null,TRUE,2,SITE,,,null,null,2027-06-17,2027-06-17,null,null,null,null,null,null,2027-06-15,,2027-06-17,PRO.CG.1070,NITROGEN GAS MANIFOLD,01-CMG-SKD-01,01-CMG-SKD-01,null
24766,428,23,oranda.barter@kiewit.com,2026-08-20 15:31:34,null,null,DDP,,Manual,1,0,0,0,,,EA,null,null,null,null,null,Phase B,null,2026-12-15,null,null,null,null,null,null,null,null,null,null,2026-12-01,2026-12-01,null,null,null,TRUE,2,SITE,,,null,null,2026-12-19,2026-12-19,null,null,null,null,null,null,2026-12-15,,2026-12-19,PRO.CG.1040,NITROGEN GAS MANIFOLD,02-CMG-SKD-01,02-CMG-SKD-01,null
24767,428,24,oranda.barter@kiewit.com,2026-08-20 15:31:34,null,null,DDP,,Manual,1,0,0,0,,,EA,null,null,null,null,null,Phase B,null,2026-12-15,null,null,null,null,null,null,null,null,null,null,2026-12-01,2026-12-01,null,null,null,TRUE,2,SITE,,,null,null,2026-12-19,2026-12-19,null,null,null,null,null,null,2026-12-15,,2026-12-19,PRO.CG.1270,NITROGEN GAS MANIFOLD,03-CMG-SKD-01,03-CMG-SKD-01,null
24768,428,25,oranda.barter@kiewit.com,2026-08-20 15:31:34,null,null,DDP,,Manual,1,0,0,0,,,EA,null,null,null,null,null,Phase D,null,2027-04-14,null,null,null,null,null,null,null,null,null,null,2027-03-31,2027-03-31,null,null,null,TRUE,2,SITE,,,null,null,2027-04-18,2027-04-18,null,null,null,null,null,null,2027-04-14,,2027-04-18,PRO.CG.1060,NITROGEN GAS MANIFOLD,04-CMG-SKD-01,04-CMG-SKD-01,null
24769,428,26,oranda.barter@kiewit.com,2026-08-20 15:31:34,null,null,DDP,,Manual,1,0,0,0,,,EA,null,null,null,null,null,Phase A,null,2026-11-24,null,null,null,null,null,null,null,null,null,null,2026-11-10,2026-11-10,null,null,null,TRUE,2,SITE,,,null,null,2026-11-25,2026-11-25,null,null,null,null,null,null,2026-11-24,,2026-10-20,PRO.CG.1280,NITROGEN GAS MANIFOLD,05-CMG-SKD-01,05-CMG-SKD-01,null
24770,428,27,oranda.barter@kiewit.com,2026-08-20 15:31:34,null,null,DDP,,Manual,1,0,0,0,,,EA,null,null,null,null,null,Phase A,null,2026-11-24,null,null,null,null,null,null,null,null,null,null,2026-11-10,2026-11-10,null,null,null,TRUE,2,SITE,,,null,null,2026-11-25,2026-11-25,null,null,null,null,null,null,2026-11-24,,2026-10-20,PRO.CG.1170,NITROGEN GAS MANIFOLD,06-CMG-SKD-01,06-CMG-SKD-01,null
24771,428,28,oranda.barter@kiewit.com,2026-08-20 15:31:34,null,null,DDP,,Manual,1,0,0,0,,,EA,null,null,null,null,null,Phase C,null,2027-02-12,null,null,null,null,null,null,null,null,null,null,2027-01-29,2027-01-29,null,null,null,TRUE,2,SITE,,,null,null,2027-02-17,2027-02-17,null,null,null,null,null,null,2027-02-12,,2027-02-17,PRO.CG.1050,NITROGEN GAS MANIFOLD,07-CMG-SKD-01,07-CMG-SKD-01,null
24772,428,29,oranda.barter@kiewit.com,2026-08-20 15:31:34,null,null,DDP,,Manual,1,0,0,0,,,EA,null,null,null,null,null,Phase E,null,2027-06-15,null,null,null,null,null,null,null,null,null,null,2027-06-01,2027-06-01,null,null,null,TRUE,2,SITE,,,null,null,2027-06-17,2027-06-17,null,null,null,null,null,null,2027-06-15,,2027-06-17,PRO.CG.1070,HYDROGEN STANCHION,01-CMG-SKD-02,01-CMG-SKD-02,null
24773,428,30,oranda.barter@kiewit.com,2026-08-20 15:31:34,null,null,DDP,,Manual,1,0,0,0,,,EA,null,null,null,null,null,Phase B,null,2026-12-15,null,null,null,null,null,null,null,null,null,null,2026-12-01,2026-12-01,null,null,null,TRUE,2,SITE,,,null,null,2026-12-19,2026-12-19,null,null,null,null,null,null,2026-12-15,,2026-12-19,PRO.CG.1040,HYDROGEN STANCHION,02-CMG-SKD-02,02-CMG-SKD-02,null
24774,428,31,oranda.barter@kiewit.com,2026-08-20 15:31:34,null,null,DDP,,Manual,1,0,0,0,,,EA,null,null,null,null,null,Phase B,null,2026-12-15,null,null,null,null,null,null,null,null,null,null,2026-12-01,2026-12-01,null,null,null,TRUE,2,SITE,,,null,null,2026-12-19,2026-12-19,null,null,null,null,null,null,2026-12-15,,2026-12-19,PRO.CG.1270,HYDROGEN STANCHION,03-CMG-SKD-02,03-CMG-SKD-02,null
24775,428,32,oranda.barter@kiewit.com,2026-08-20 15:31:34,null,null,DDP,,Manual,1,0,0,0,,,EA,null,null,null,null,null,Phase D,null,2027-04-14,null,null,null,null,null,null,null,null,null,null,2027-03-31,2027-03-31,null,null,null,TRUE,2,SITE,,,null,null,2027-04-18,2027-04-18,null,null,null,null,null,null,2027-04-14,,2027-04-18,PRO.CG.1060,HYDROGEN STANCHION,04-CMG-SKD-02,04-CMG-SKD-02,null
24776,428,33,oranda.barter@kiewit.com,2026-08-20 15:31:34,null,null,DDP,,Manual,1,0,0,0,,,EA,null,null,null,null,null,Phase A,null,2026-11-24,null,null,null,null,null,null,null,null,null,null,2026-11-10,2026-11-10,null,null,null,TRUE,2,SITE,,,null,null,2026-11-25,2026-11-25,null,null,null,null,null,null,2026-11-24,,2026-10-20,PRO.CG.1280,HYDROGEN STANCHION,05-CMG-SKD-02,05-CMG-SKD-02,null
24777,428,34,oranda.barter@kiewit.com,2026-08-20 15:31:34,null,null,DDP,,Manual,1,0,0,0,,,EA,null,null,null,null,null,Phase A,null,2026-11-24,null,null,null,null,null,null,null,null,null,null,2026-11-10,2026-11-10,null,null,null,TRUE,2,SITE,,,null,null,2026-11-25,2026-11-25,null,null,null,null,null,null,2026-11-24,,2026-10-20,PRO.CG.1170,HYDROGEN STANCHION,06-CMG-SKD-02,06-CMG-SKD-02,null
24778,428,35,oranda.barter@kiewit.com,2026-08-20 15:31:34,null,null,DDP,,Manual,1,0,0,0,,,EA,null,null,null,null,null,Phase C,null,2027-02-12,null,null,null,null,null,null,null,null,null,null,2027-01-29,2027-01-29,null,null,null,TRUE,2,SITE,,,null,null,2027-02-17,2027-02-17,null,null,null,null,null,null,2027-02-12,,2027-02-17,PRO.CG.1050,HYDROGEN STANCHION,07-CMG-SKD-02,07-CMG-SKD-02,null
24979,603,1,oranda.barter@kiewit.com,2026-08-24 18:15:03,null,null,DDP,,Manual,1,0,0,0,,,EA,null,null,null,null,null,Phase A,null,2026-10-26,null,null,null,null,null,null,null,null,null,null,null,null,null,null,null,TRUE,1,Site,,,null,null,2026-11-01,2026-11-01,null,null,null,null,null,null,2026-10-26,,2026-11-01,PRO.SSL.1030,Silencer,05-SIL-STP100,05-SIL-STP100,null
24980,603,2,oranda.barter@kiewit.com,2026-08-24 18:15:03,null,null,DDP,,Manual,1,0,0,0,,,EA,null,null,null,null,null,Phase A,null,2026-10-26,null,null,null,null,null,null,null,null,null,null,null,null,null,null,null,TRUE,1,Site,,,null,null,2026-11-01,2026-11-01,null,null,null,null,null,null,2026-10-26,,2026-11-01,PRO.SSL.1030,Auxiliary Steam Header,05-SIL-AXS100,05-SIL-AXS100,null
24981,603,3,oranda.barter@kiewit.com,2026-08-24 18:15:03,null,null,DDP,,Manual,1,0,0,0,,,EA,null,null,null,null,null,Phase A,null,2026-10-26,null,null,null,null,null,null,null,null,null,null,null,null,null,null,null,TRUE,1,Site,,,null,null,2026-11-01,2026-11-01,null,null,null,null,null,null,2026-10-26,,2026-11-01,PRO.SSL.1170,Silencer,06-SIL-STP100,06-SIL-STP100,null
24982,603,4,oranda.barter@kiewit.com,2026-08-24 18:15:03,null,null,DDP,,Manual,1,0,0,0,,,EA,null,null,null,null,null,Phase A,null,2026-10-26,null,null,null,null,null,null,null,null,null,null,null,null,null,null,null,TRUE,1,Site,,,null,null,2026-11-01,2026-11-01,null,null,null,null,null,null,2026-10-26,,2026-11-01,PRO.SSL.1170,Auxiliary Steam Header,06-SIL-AXS100,06-SIL-AXS100,null
25467,409,3,oranda.barter@kiewit.com,2026-08-27 14:02:55,null,null,DDP,,Manual,2,0,0,0,Jiangyin China,,EA,null,null,null,null,null,"All plates/major frame components ordered, supplier is waiting on fasteners/small components.",null,2026-10-10,null,null,null,null,null,null,null,null,null,null,null,null,null,null,null,TRUE,4,SITE,,,null,null,2027-01-03,2027-01-03,null,null,null,null,null,null,2026-10-10,,2027-01-03,PRO.HE.1040,CCW Heat Exchanger,02-CCW-HEX-01A/B,CCW-HEX-01A/B,null
25468,409,4,oranda.barter@kiewit.com,2026-08-27 14:02:55,null,null,DDP,,Manual,2,0,0,0,Jiangyin China,,EA,null,null,null,null,null,,null,2026-10-10,null,null,null,null,null,null,null,null,null,null,null,null,null,null,null,TRUE,4,SITE,,,null,null,2027-01-03,2027-01-03,null,null,null,null,null,null,2026-10-10,,2027-01-03,PRO.HE.1270,CCW Heat Exchanger,03-CCW-HEX-01A/B,CCW-HEX-01A/B,null
25469,409,5,oranda.barter@kiewit.com,2026-08-27 14:02:55,null,null,DDP,,Manual,2,0,0,0,Jiangyin China,,EA,null,null,null,null,null,,null,2026-12-10,null,null,null,null,null,null,null,null,null,null,null,null,null,null,null,TRUE,4,SITE,,,null,null,2027-03-03,2027-03-03,null,null,null,null,null,null,2026-12-10,,2027-03-03,PRO.HE.1060,CCW Heat Exchanger,07-CCW-HEX-01A/B,CCW-HEX-01A/B,null
25470,409,6,oranda.barter@kiewit.com,2026-08-27 14:02:55,null,null,DDP,,Manual,2,0,0,0,Jiangyin China,,EA,null,null,null,null,null,,null,2027-02-14,null,null,null,null,null,null,null,null,null,null,null,null,null,null,null,TRUE,4,SITE,,,null,null,2027-05-03,2027-05-03,null,null,null,null,null,null,2027-02-14,,2027-05-03,PRO.HE.1050,CCW Heat Exchanger,04-CCW-HEX-01A/B,CCW-HEX-01A/B,null
25471,409,7,oranda.barter@kiewit.com,2026-08-27 14:02:55,null,null,DDP,,Manual,2,0,0,0,Jiangyin China,,EA,null,null,null,null,null,,null,2027-04-09,null,null,null,null,null,null,null,null,null,null,null,null,null,null,null,TRUE,4,SITE,,,null,null,2027-07-03,2027-07-03,null,null,null,null,null,null,2027-04-09,,2027-07-03,PRO.HE.1280,CCW Heat Exchanger,01-CCW-HEX-01A/B,CCW-HEX-01A/B,null
25497,406,1,oranda.barter@kiewit.com,2026-08-27 15:29:40,null,null,DDP,,Manual,1,0,0,0,,,EA,2026-07-28,2026-07-28,null,null,null,Phase A,null,2026-10-03,null,null,null,null,2026-01-31,null,null,null,null,null,2026-01-31,2026-01-31,null,null,2026-07-28,TRUE,2,SITE,,,null,null,2026-12-01,2026-12-01,null,null,null,null,null,null,2026-10-03,,2026-12-01,PRO.STC.1280,Steam Surface Condenser,05-CND-CND-01,05-CND-CND-01,null
25498,406,2,oranda.barter@kiewit.com,2026-08-27 15:29:40,null,null,DDP,,Manual,1,0,0,0,,,EA,2026-07-28,2026-07-28,null,null,null,Phase A,null,2026-10-03,null,null,null,null,2026-01-31,null,null,null,null,null,2026-01-31,2026-01-31,null,null,2026-07-28,TRUE,2,SITE,,,null,null,2026-12-01,2026-12-01,null,null,null,null,null,null,2026-10-03,,2026-12-01,PRO.STC.1170,Steam Surface Condenser,06-CND-CND-01,06-CND-CND-01,null
25499,406,3,oranda.barter@kiewit.com,2026-08-27 15:29:40,null,null,DDP,,Manual,1,0,0,0,,,EA,2026-07-28,2026-07-28,null,null,null,Phase B,null,2027-01-03,null,null,null,null,2026-05-04,null,null,null,null,null,2026-05-04,2026-05-04,null,null,2026-07-28,TRUE,2,SITE,,,null,null,2027-03-03,2027-03-03,null,null,null,null,null,null,2027-01-03,,2027-03-03,PRO.STC.1040,Steam Surface Condenser,02-CND-CND-01,02-CND-CND-01,null
25500,406,4,oranda.barter@kiewit.com,2026-08-27 15:29:40,null,null,DDP,,Manual,1,0,0,0,,,EA,2026-07-28,2026-07-28,null,null,null,Phase B,null,2027-01-03,null,null,null,null,2026-05-04,null,null,null,null,null,2026-05-04,2026-05-04,null,null,2026-07-28,TRUE,2,SITE,,,null,null,2027-03-03,2027-03-03,null,null,null,null,null,null,2027-01-03,,2027-03-03,PRO.STC.1270,Steam Surface Condenser,03-CND-CND-01,03-CND-CND-01,null
25501,406,5,oranda.barter@kiewit.com,2026-08-27 15:29:40,null,null,DDP,,Manual,1,0,0,0,,,EA,2026-07-28,2026-07-28,null,null,null,Phase C,null,2027-04-04,null,null,null,null,2026-08-03,null,null,null,null,null,2026-08-03,2026-08-03,null,null,2026-07-28,TRUE,2,SITE,,,null,null,2027-06-02,2027-06-07,null,null,null,null,null,null,2027-04-04,,2027-06-02,PRO.STC.1050,Steam Surface Condenser,07-CND-CND-01,07-CND-CND-01,null
25502,406,6,oranda.barter@kiewit.com,2026-08-27 15:29:40,null,null,DDP,,Manual,1,0,0,0,,,EA,2026-07-28,2026-07-28,null,null,null,Phase D,null,2027-04-04,null,null,null,null,2026-08-03,null,null,null,null,null,2026-08-03,2026-08-03,null,null,2026-07-28,TRUE,2,SITE,,,null,null,2027-06-02,2027-06-07,null,null,null,null,null,null,2027-04-04,,2027-06-02,PRO.STC.1060,Steam Surface Condenser,04-CND-CND-01,04-CND-CND-01,null
25503,406,7,oranda.barter@kiewit.com,2026-08-27 15:29:40,null,null,DDP,,Manual,1,0,0,0,,,EA,2026-07-28,2026-07-28,null,null,null,Phase E,null,2027-08-10,null,null,null,null,null,null,null,null,null,null,2026-12-07,2026-12-07,null,null,2026-07-28,TRUE,2,SITE,,,null,null,2027-10-07,2027-10-07,null,null,null,null,null,null,2027-08-10,,2027-10-07,PRO.STC.1070,Steam Surface Condenser,01-CND-CND-01,01-CND-CND-01,null
25585,408,1,oranda.barter@kiewit.com,2026-08-28 12:21:28,null,null,DDP,,Manual,3,0,0,0,,,EA,2026-09-13,2026-09-13,null,null,null,,null,2026-12-11,null,null,2026-12-08,2026-12-08,null,null,null,null,null,null,2026-09-14,2026-09-14,null,null,null,TRUE,2,,,,null,null,2026-12-15,2026-12-15,null,null,null,null,null,null,2026-12-11,,2026-10-16,PRO.EE.MECH.1380,UF UNITS MODULE RACK A /B/C,92-DWT-PKG-10A/B/C,92-DWT-PKG-10A/B/C,null
25589,408,1.1,oranda.barter@kiewit.com,2026-08-28 12:21:28,null,null,DDP,,Manual,3,0,0,0,,,EA,null,null,null,null,null,,null,null,null,null,null,null,null,null,null,null,null,null,null,null,null,null,null,TRUE,2,,,,null,null,null,null,null,null,null,null,null,null,null,,null,PRO.EE.MECH.1380,UF UNITS VALVE RACK SKID A /B/C,92-DWT-PKG-10A/B/C,92-DWT-PKG-10A/B/C,null
25590,408,2.1,oranda.barter@kiewit.com,2026-08-28 12:21:28,null,null,DDP,,Manual,3,0,0,0,,,EA,null,null,null,null,null,,null,null,null,null,null,null,null,null,null,null,null,null,null,null,null,null,null,TRUE,2,AIC,,,null,null,null,null,null,null,null,null,null,null,null,,null,PRO.EE.MECH.1380,UF FEED PUMP A/B/C,92-DWT-PMP-11A/B/C ,92-DWT-PKG-10A/B/C,null
25591,408,2.2,oranda.barter@kiewit.com,2026-08-28 12:21:28,null,null,DDP,,Manual,3,0,0,0,,,EA,null,null,null,null,null,,null,null,null,null,null,null,null,null,null,null,null,null,null,null,null,null,null,TRUE,2,,,,null,null,null,null,null,null,null,null,null,null,null,,null,PRO.EE.MECH.1380,UF FEED PUMP MOTOR A/B/C,92-DWT-MPM-11A/B/C ,92-DWT-PKG-10A/B/C,null
25592,408,3.1,oranda.barter@kiewit.com,2026-08-28 12:21:28,null,null,DDP,,Manual,2,0,0,0,,,EA,null,null,null,null,null,,null,null,null,null,null,null,null,null,null,null,null,null,null,null,null,null,null,TRUE,2,,,,null,null,null,null,null,null,null,null,null,null,null,,null,PRO.EE.MECH.1380,UF CLEANING PUMP A/B,92-DWT-PMP-12A/B,92-DWT-PKG-10A/B/C,null
25593,408,3.2,oranda.barter@kiewit.com,2026-08-28 12:21:28,null,null,DDP,,Manual,2,0,0,0,,,EA,null,null,null,null,null,,null,null,null,null,null,null,null,null,null,null,null,null,null,null,null,null,null,TRUE,2,,,,null,null,null,null,null,null,null,null,null,null,null,,null,PRO.EE.MECH.1380,UF CLEANING PUMP MOTOR A/B,92-DWT-MPM-12A/B,92-DWT-PKG-10A/B/C,null
25594,408,4.1,oranda.barter@kiewit.com,2026-08-28 12:21:28,null,null,DDP,,Manual,3,0,0,0,,,EA,null,null,null,null,null,,null,null,null,null,null,null,null,null,null,null,null,null,null,null,null,null,null,TRUE,2,,,,null,null,null,null,null,null,null,null,null,null,null,,null,PRO.EE.MECH.1380,SELF-CLEANING FILTER A/B/C,92-DWT-STR-11A/B/C,92-DWT-PKG-10A/B/C,null
25607,408,16.1,oranda.barter@kiewit.com,2026-08-28 12:21:28,null,null,DDP,,Manual,2,0,0,0,,,EA,null,null,null,null,null,,null,null,null,null,null,null,null,null,null,null,null,null,null,null,null,null,null,TRUE,2,,,,null,null,null,null,null,null,null,null,null,null,null,,null,PRO.EE.MECH.1380,UF-CEB ACID PUMP A/B,92-WCF-PMP-14A/B,92-DWT-PKG-10A/B/C,null
25608,408,16.2,oranda.barter@kiewit.com,2026-08-28 12:21:28,null,null,DDP,,Manual,2,0,0,0,,,EA,null,null,null,null,null,,null,null,null,null,null,null,null,null,null,null,null,null,null,null,null,null,null,TRUE,2,,,,null,null,null,null,null,null,null,null,null,null,null,,null,PRO.EE.MECH.1380,UF-CEB ACID PUMP MOTOR A/B,92-WCF-MPM-14A/B,92-DWT-PKG-10A/B/C,null
25615,408,5.1,oranda.barter@kiewit.com,2026-08-28 12:21:28,null,null,DDP,,Manual,2,0,0,0,,,EA,null,null,null,null,null,,25595,null,null,null,null,null,null,null,null,null,null,null,null,null,null,null,null,TRUE,2,,,,null,null,null,null,null,null,null,null,null,null,null,,null,PRO.EE.MECH.1380,UF AIR SCOUR BLOWER MOTOR A/B,92-DWT-MBL-01A/B,92-DWT-PKG-10A/B/C,null
25616,408,6.1,oranda.barter@kiewit.com,2026-08-28 12:21:28,null,null,DDP,,Manual,2,0,0,0,,,EA,null,null,null,null,null,,25596,null,null,null,null,null,null,null,null,null,null,null,null,null,null,null,null,TRUE,2,,,,null,null,null,null,null,null,null,null,null,null,null,,null,PRO.EE.MECH.1380,RO FEED PUMP A/B,92-DWT-PMP-01A/B,92-DWT-PKG-10A/B/C,null
25617,408,6.2,oranda.barter@kiewit.com,2026-08-28 12:21:28,null,null,DDP,,Manual,2,0,0,0,,,EA,null,null,null,null,null,,25596,null,null,null,null,null,null,null,null,null,null,null,null,null,null,null,null,TRUE,2,,,,null,null,null,null,null,null,null,null,null,null,null,,null,PRO.EE.MECH.1380,RO FEED PUMP MOTOR A/B,92-DWT-MPM-01A/B,92-DWT-PKG-10A/B/C,null
25618,408,7.1,oranda.barter@kiewit.com,2026-08-28 12:21:28,null,null,DDP,,Manual,2,0,0,0,,,EA,null,null,null,null,null,,25597,null,null,null,null,null,null,null,null,null,null,null,null,null,null,null,null,TRUE,2,,,,null,null,null,null,null,null,null,null,null,null,null,,null,PRO.EE.MECH.1380,RO FEED PUMP C/D,92-DWT-PMP-01C/D,92-DWT-PKG-10A/B/C,null
25619,408,7.2,oranda.barter@kiewit.com,2026-08-28 12:21:28,null,null,DDP,,Manual,2,0,0,0,,,EA,null,null,null,null,null,,25597,null,null,null,null,null,null,null,null,null,null,null,null,null,null,null,null,TRUE,2,,,,null,null,null,null,null,null,null,null,null,null,null,,null,PRO.EE.MECH.1380,RO FEED PUMP MOTOR C/D,92-DWT-MPM-01C/D,92-DWT-PKG-10A/B/C,null
25620,408,8.1,oranda.barter@kiewit.com,2026-08-28 12:21:28,null,null,DDP,,Manual,4,0,0,0,,,EA,null,null,null,null,null,,25598,null,null,null,null,null,null,null,null,null,null,null,null,null,null,null,null,TRUE,2,,,,null,null,null,null,null,null,null,null,null,null,null,,null,PRO.EE.MECH.1380,CARTRIDGE FILTER A/B/C/D,92-DWT-FLT-01A/B/C/D,92-DWT-PKG-10A/B/C,null
25621,408,9.1,oranda.barter@kiewit.com,2026-08-28 12:21:28,null,null,DDP,,Manual,1,0,0,0,,,EA,null,null,null,null,null,,25599,null,null,null,null,null,null,null,null,null,null,null,null,null,null,null,null,TRUE,2,,,,null,null,null,null,null,null,null,null,null,null,null,,null,PRO.EE.MECH.1380,FPRO BOOSTER PUMP A,92-DWT-PMP-02A,92-DWT-PKG-10A/B/C,null
25622,408,9.2,oranda.barter@kiewit.com,2026-08-28 12:21:28,null,null,DDP,,Manual,1,0,0,0,,,EA,null,null,null,null,null,,25599,null,null,null,null,null,null,null,null,null,null,null,null,null,null,null,null,TRUE,2,,,,null,null,null,null,null,null,null,null,null,null,null,,null,PRO.EE.MECH.1380,FPRO BOOSTER PUMP VFD A,92-DWT-VFD-02A,92-DWT-PKG-10A/B/C,null
25623,408,9.3,oranda.barter@kiewit.com,2026-08-28 12:21:28,null,null,DDP,,Manual,1,0,0,0,,,EA,null,null,null,null,null,,25599,null,null,null,null,null,null,null,null,null,null,null,null,null,null,null,null,TRUE,2,,,,null,null,null,null,null,null,null,null,null,null,null,,null,PRO.EE.MECH.1380,FPRO BOOSTER PUMP MOTOR A,92-DWT-MPM-02A,92-DWT-PKG-10A/B/C,null
25624,408,9.4,oranda.barter@kiewit.com,2026-08-28 12:21:28,null,null,DDP,,Manual,1,0,0,0,,,EA,null,null,null,null,null,,25599,null,null,null,null,null,null,null,null,null,null,null,null,null,null,null,null,TRUE,2,,,,null,null,null,null,null,null,null,null,null,null,null,,null,PRO.EE.MECH.1380,SPRO BOOSTER PUMP A,92-DWT-PMP-03A,92-DWT-PKG-10A/B/C,null
25625,408,9.5,oranda.barter@kiewit.com,2026-08-28 12:21:28,null,null,DDP,,Manual,1,0,0,0,,,EA,null,null,null,null,null,,25599,null,null,null,null,null,null,null,null,null,null,null,null,null,null,null,null,TRUE,2,,,,null,null,null,null,null,null,null,null,null,null,null,,null,PRO.EE.MECH.1380,SPRO BOOSTER PUMP VFD A,92-DWT-VFD-03A,92-DWT-PKG-10A/B/C,null
25626,408,9.6,oranda.barter@kiewit.com,2026-08-28 12:21:28,null,null,DDP,,Manual,1,0,0,0,,,EA,null,null,null,null,null,,25599,null,null,null,null,null,null,null,null,null,null,null,null,null,null,null,null,TRUE,2,,,,null,null,null,null,null,null,null,null,null,null,null,,null,PRO.EE.MECH.1380,SPRO BOOSTER PUMP MOTOR A,92-DWT-MPM-03A,92-DWT-PKG-10A/B/C,null
25627,408,10.1,oranda.barter@kiewit.com,2026-08-28 12:21:28,null,null,DDP,,Manual,1,0,0,0,,,EA,null,null,null,null,null,,25600,null,null,null,null,null,null,null,null,null,null,null,null,null,null,null,null,TRUE,2,,,,null,null,null,null,null,null,null,null,null,null,null,,null,PRO.EE.MECH.1380,FPRO BOOSTER PUMP B,92-DWT-PMP-02B,92-DWT-PKG-10A/B/C,null
25628,408,10.2,oranda.barter@kiewit.com,2026-08-28 12:21:28,null,null,DDP,,Manual,1,0,0,0,,,EA,null,null,null,null,null,,25600,null,null,null,null,null,null,null,null,null,null,null,null,null,null,null,null,TRUE,2,,,,null,null,null,null,null,null,null,null,null,null,null,,null,PRO.EE.MECH.1380,FPRO BOOSTER PUMP VFD B,92-DWT-VFD-02B,92-DWT-PKG-10A/B/C,null
25629,408,10.3,oranda.barter@kiewit.com,2026-08-28 12:21:28,null,null,DDP,,Manual,1,0,0,0,,,EA,null,null,null,null,null,,25600,null,null,null,null,null,null,null,null,null,null,null,null,null,null,null,null,TRUE,2,,,,null,null,null,null,null,null,null,null,null,null,null,,null,PRO.EE.MECH.1380,FPRO BOOSTER PUMP MOTOR B,92-DWT-MPM-02B,92-DWT-PKG-10A/B/C,null
25630,408,10.4,oranda.barter@kiewit.com,2026-08-28 12:21:28,null,null,DDP,,Manual,1,0,0,0,,,EA,null,null,null,null,null,,25600,null,null,null,null,null,null,null,null,null,null,null,null,null,null,null,null,TRUE,2,,,,null,null,null,null,null,null,null,null,null,null,null,,null,PRO.EE.MECH.1380,SPRO BOOSTER PUMP B,92-DWT-PMP-03B,92-DWT-PKG-10A/B/C,null
25631,408,10.5,oranda.barter@kiewit.com,2026-08-28 12:21:28,null,null,DDP,,Manual,1,0,0,0,,,EA,null,null,null,null,null,,25600,null,null,null,null,null,null,null,null,null,null,null,null,null,null,null,null,TRUE,2,,,,null,null,null,null,null,null,null,null,null,null,null,,null,PRO.EE.MECH.1380,SPRO BOOSTER PUMP VFD B,92-DWT-VFD-03B,92-DWT-PKG-10A/B/C,null
25632,408,10.6,oranda.barter@kiewit.com,2026-08-28 12:21:28,null,null,DDP,,Manual,1,0,0,0,,,EA,null,null,null,null,null,,25600,null,null,null,null,null,null,null,null,null,null,null,null,null,null,null,null,TRUE,2,,,,null,null,null,null,null,null,null,null,null,null,null,,null,PRO.EE.MECH.1380,SPRO BOOSTER PUMP MOTOR B,92-DWT-MPM-03B,92-DWT-PKG-10A/B/C,null
25633,408,11.1,oranda.barter@kiewit.com,2026-08-28 12:21:28,null,null,DDP,,Manual,1,0,0,0,,,EA,null,null,null,null,null,,25601,null,null,null,null,null,null,null,null,null,null,null,null,null,null,null,null,TRUE,2,,,,null,null,null,null,null,null,null,null,null,null,null,,null,PRO.EE.MECH.1380,FPRO BOOSTER PUMP C,92-DWT-PMP-02C,92-DWT-PKG-10A/B/C,null
25634,408,11.2,oranda.barter@kiewit.com,2026-08-28 12:21:28,null,null,DDP,,Manual,1,0,0,0,,,EA,null,null,null,null,null,,25601,null,null,null,null,null,null,null,null,null,null,null,null,null,null,null,null,TRUE,2,,,,null,null,null,null,null,null,null,null,null,null,null,,null,PRO.EE.MECH.1380,FPRO BOOSTER PUMP VFD C,92-DWT-VFD-02C,92-DWT-PKG-10A/B/C,null
25635,408,11.3,oranda.barter@kiewit.com,2026-08-28 12:21:28,null,null,DDP,,Manual,1,0,0,0,,,EA,null,null,null,null,null,,25601,null,null,null,null,null,null,null,null,null,null,null,null,null,null,null,null,TRUE,2,,,,null,null,null,null,null,null,null,null,null,null,null,,null,PRO.EE.MECH.1380,FPRO BOOSTER PUMP MOTOR C,92-DWT-MPM-02C,92-DWT-PKG-10A/B/C,null
25636,408,11.4,oranda.barter@kiewit.com,2026-08-28 12:21:28,null,null,DDP,,Manual,1,0,0,0,,,EA,null,null,null,null,null,,25601,null,null,null,null,null,null,null,null,null,null,null,null,null,null,null,null,TRUE,2,,,,null,null,null,null,null,null,null,null,null,null,null,,null,PRO.EE.MECH.1380,SPRO BOOSTER PUMP C,92-DWT-PMP-03C,92-DWT-PKG-10A/B/C,null
25637,408,11.5,oranda.barter@kiewit.com,2026-08-28 12:21:28,null,null,DDP,,Manual,1,0,0,0,,,EA,null,null,null,null,null,,25601,null,null,null,null,null,null,null,null,null,null,null,null,null,null,null,null,TRUE,2,,,,null,null,null,null,null,null,null,null,null,null,null,,null,PRO.EE.MECH.1380,SPRO BOOSTER PUMP VFD C,92-DWT-VFD-03C,92-DWT-PKG-10A/B/C,null
25638,408,11.6,oranda.barter@kiewit.com,2026-08-28 12:21:28,null,null,DDP,,Manual,1,0,0,0,,,EA,null,null,null,null,null,,25601,null,null,null,null,null,null,null,null,null,null,null,null,null,null,null,null,TRUE,2,,,,null,null,null,null,null,null,null,null,null,null,null,,null,PRO.EE.MECH.1380,SPRO BOOSTER PUMP MOTOR C,92-DWT-MPM-03C,92-DWT-PKG-10A/B/C,null
25639,408,12.1,oranda.barter@kiewit.com,2026-08-28 12:21:28,null,null,DDP,,Manual,1,0,0,0,,,EA,null,null,null,null,null,,25602,null,null,null,null,null,null,null,null,null,null,null,null,null,null,null,null,TRUE,2,,,,null,null,null,null,null,null,null,null,null,null,null,,null,PRO.EE.MECH.1380,FPRO BOOSTER PUMP D,92-DWT-PMP-02D,92-DWT-PKG-10A/B/C,null
25640,408,12.2,oranda.barter@kiewit.com,2026-08-28 12:21:28,null,null,DDP,,Manual,1,0,0,0,,,EA,null,null,null,null,null,,25602,null,null,null,null,null,null,null,null,null,null,null,null,null,null,null,null,TRUE,2,,,,null,null,null,null,null,null,null,null,null,null,null,,null,PRO.EE.MECH.1380,FPRO BOOSTER PUMP VFD D,92-DWT-VFD-02D,92-DWT-PKG-10A/B/C,null
25641,408,12.3,oranda.barter@kiewit.com,2026-08-28 12:21:28,null,null,DDP,,Manual,1,0,0,0,,,EA,null,null,null,null,null,,25602,null,null,null,null,null,null,null,null,null,null,null,null,null,null,null,null,TRUE,2,,,,null,null,null,null,null,null,null,null,null,null,null,,null,PRO.EE.MECH.1380,FPRO BOOSTER PUMP MOTOR D,92-DWT-MPM-02D,92-DWT-PKG-10A/B/C,null
25642,408,12.4,oranda.barter@kiewit.com,2026-08-28 12:21:28,null,null,DDP,,Manual,1,0,0,0,,,EA,null,null,null,null,null,,25602,null,null,null,null,null,null,null,null,null,null,null,null,null,null,null,null,TRUE,2,,,,null,null,null,null,null,null,null,null,null,null,null,,null,PRO.EE.MECH.1380,SPRO BOOSTER PUMP D,92-DWT-PMP-03D,92-DWT-PKG-10A/B/C,null
25643,408,12.5,oranda.barter@kiewit.com,2026-08-28 12:21:28,null,null,DDP,,Manual,1,0,0,0,,,EA,null,null,null,null,null,,25602,null,null,null,null,null,null,null,null,null,null,null,null,null,null,null,null,TRUE,2,,,,null,null,null,null,null,null,null,null,null,null,null,,null,PRO.EE.MECH.1380,SPRO BOOSTER PUMP VFD D,92-DWT-VFD-03D,92-DWT-PKG-10A/B/C,null
25644,408,12.6,oranda.barter@kiewit.com,2026-08-28 12:21:28,null,null,DDP,,Manual,1,0,0,0,,,EA,null,null,null,null,null,,25602,null,null,null,null,null,null,null,null,null,null,null,null,null,null,null,null,TRUE,2,,,,null,null,null,null,null,null,null,null,null,null,null,,null,PRO.EE.MECH.1380,SPRO BOOSTER PUMP MOTOR D,92-DWT-MPM-03D,92-DWT-PKG-10A/B/C,null
25645,408,14.1,oranda.barter@kiewit.com,2026-08-28 12:21:28,null,null,DDP,,Manual,1,0,0,0,,,EA,null,null,null,null,null,,25604,null,null,null,null,null,null,null,null,null,null,null,null,null,null,null,null,TRUE,2,,,,null,null,null,null,null,null,null,null,null,null,null,,null,PRO.EE.MECH.1380,CIP PUMP,92-DWT-PMP-05,92-DWT-PKG-10A/B/C,null
25646,408,14.2,oranda.barter@kiewit.com,2026-08-28 12:21:28,null,null,DDP,,Manual,1,0,0,0,,,EA,null,null,null,null,null,,25604,null,null,null,null,null,null,null,null,null,null,null,null,null,null,null,null,TRUE,2,,,,null,null,null,null,null,null,null,null,null,null,null,,null,PRO.EE.MECH.1380,CIP PUMP MOTOR,92-DWT-MPM-05,92-DWT-PKG-10A/B/C,null
25647,408,17.1,oranda.barter@kiewit.com,2026-08-28 12:21:28,null,null,DDP,,Manual,2,0,0,0,,,EA,null,null,null,null,null,,25609,null,null,null,null,null,null,null,null,null,null,null,null,null,null,null,null,TRUE,2,,,,null,null,null,null,null,null,null,null,null,null,null,,null,PRO.EE.MECH.1380,RO ACID DOSING PUMP A/B,92-WCF-PMP-16A/B,92-DWT-PKG-10A/B/C,null
25648,408,18.1,oranda.barter@kiewit.com,2026-08-28 12:21:28,null,null,DDP,,Manual,2,0,0,0,,,EA,null,null,null,null,null,,25610,null,null,null,null,null,null,null,null,null,null,null,null,null,null,null,null,TRUE,2,,,,null,null,null,null,null,null,null,null,null,null,null,,null,PRO.EE.MECH.1380,UF CEB SODIUM HYPOCHLORITE DOSING PUMP A/B,92-WCF-PMP-10A/B,92-DWT-PKG-10A/B/C,null
25649,408,18.2,oranda.barter@kiewit.com,2026-08-28 12:21:28,null,null,DDP,,Manual,2,0,0,0,,,EA,null,null,null,null,null,,25610,null,null,null,null,null,null,null,null,null,null,null,null,null,null,null,null,TRUE,2,,,,null,null,null,null,null,null,null,null,null,null,null,,null,PRO.EE.MECH.1380,UF CEB SODIUM HYPOCHLORITE DOSING PUMP MOTOR A/B,92-WCF-MPM-10A/B,92-DWT-PKG-10A/B/C,null
25650,408,19.1,oranda.barter@kiewit.com,2026-08-28 12:21:28,null,null,DDP,,Manual,2,0,0,0,,,EA,null,null,null,null,null,,25611,null,null,null,null,null,null,null,null,null,null,null,null,null,null,null,null,TRUE,2,,,,null,null,null,null,null,null,null,null,null,null,null,,null,PRO.EE.MECH.1380,SERVICE WATER HYPOCHLORITE DOSING PUMP A/B,92-WCF-PMP-11A/B,92-DWT-PKG-10A/B/C,null
25651,408,19.2,oranda.barter@kiewit.com,2026-08-28 12:21:28,null,null,DDP,,Manual,2,0,0,0,,,EA,null,null,null,null,null,,25611,null,null,null,null,null,null,null,null,null,null,null,null,null,null,null,null,TRUE,2,,,,null,null,null,null,null,null,null,null,null,null,null,,null,PRO.EE.MECH.1380,SERVICE WATER HYPOCHLORITE DOSING PUMP MOTOR A/B,92-WCF-MPM-11A/B,92-DWT-PKG-10A/B/C,null
25652,408,20.1,oranda.barter@kiewit.com,2026-08-28 12:21:28,null,null,DDP,,Manual,2,0,0,0,,,EA,null,null,null,null,null,,25612,null,null,null,null,null,null,null,null,null,null,null,null,null,null,null,null,TRUE,2,,,,null,null,null,null,null,null,null,null,null,null,null,,null,PRO.EE.MECH.1380,RO ANTISCALANT PUMP A/B,92-WCF-PMP-15A/B,92-DWT-PKG-10A/B/C,null
25653,408,21.1,oranda.barter@kiewit.com,2026-08-28 12:21:28,null,null,DDP,,Manual,2,0,0,0,,,EA,null,null,null,null,null,,25613,null,null,null,null,null,null,null,null,null,null,null,null,null,null,null,null,TRUE,2,,,,null,null,null,null,null,null,null,null,null,null,null,,null,PRO.EE.MECH.1380,RO SODIUM BISULFITE DOSING PUMP A/B,92-WCF-PMP-05A/B,92-DWT-PKG-10A/B/C,null
25654,408,22.1,oranda.barter@kiewit.com,2026-08-28 12:21:28,null,null,DDP,,Manual,4,0,0,0,,,EA,null,null,null,null,null,,25614,null,null,null,null,null,null,null,null,null,null,null,null,null,null,null,null,TRUE,2,,,,null,null,null,null,null,null,null,null,null,null,null,,null,PRO.EE.MECH.1380,SPRO SODIUM HYDROXIDE DOSING PUMP A/B,92-WCF-PMP-08A/B/C/D,92-DWT-PKG-10A/B/C,null
25655,402,1,oranda.barter@kiewit.com,2026-08-28 13:17:45,null,null,DDP,,Manual,1,0,0,0,,,EA,2026-08-23,2026-08-23,null,null,null,,null,2026-10-27,null,null,2026-10-19,2026-10-19,null,null,null,null,null,null,2026-08-24,2026-08-24,null,null,null,TRUE,10,SITE,,,null,null,2026-11-26,2026-11-26,null,null,null,null,null,null,2026-10-27,,2026-11-26,PRO.EE.MECH.1260,CLARIFIER A/B/C/D,91-RWT-CLR-01/02/03/04,91-RWT-CLR-01/02/03/04,null
25656,402,2.1,oranda.barter@kiewit.com,2026-08-28 13:17:45,null,null,DDP,,Manual,1,0,0,0,,,EA,null,null,2025-11-14,null,null,,null,null,null,null,null,null,null,null,null,null,null,null,null,null,null,null,null,TRUE,10,SITE,,,null,null,null,null,null,null,null,null,null,null,null,,2026-11-26,PRO.EE.MECH.1260,CLARIFIER A DRIVE VFD,91-RWT-VFD-01,91-RWT-CLR-01/02/03/04,null
25657,402,3,oranda.barter@kiewit.com,2026-08-28 13:17:45,null,null,DDP,,Manual,1,0,0,0,,,EA,2026-08-23,2026-08-23,null,null,null,,null,2026-10-27,null,null,2026-10-19,2026-10-19,null,null,null,null,null,null,2026-08-24,2026-08-24,null,null,null,TRUE,10,SITE,,,null,null,2026-10-29,2026-10-29,null,null,null,null,null,null,2026-10-27,,2026-11-26,PRO.EE.MECH.1260,CLARIFIER A SLUDGE PUMP SKID,91-RWT-SKD-19,91-RWT-CLR-01/02/03/04,null
25658,402,4,oranda.barter@kiewit.com,2026-08-28 13:17:45,null,null,DDP,,Manual,1,0,0,0,,,EA,2026-04-02,2026-04-02,null,null,null,,null,2026-10-13,null,null,2026-10-12,2026-10-12,2026-07-30,null,null,null,null,null,2026-07-30,2026-07-30,null,null,2026-04-02,TRUE,10,AIC,,,null,null,2026-10-29,2026-10-29,null,null,null,null,null,null,2026-10-13,,2026-11-26,PRO.EE.MECH.1260,CLARIFIER  B DRIVE VFD,91-RWT-VFD-02,91-RWT-CLR-01/02/03/04,null
25659,402,5,oranda.barter@kiewit.com,2026-08-28 13:17:45,null,null,DDP,,Manual,1,0,0,0,,,EA,2026-08-23,2026-08-23,null,null,null,,null,2026-10-27,null,null,2026-10-19,2026-10-19,null,null,null,null,null,null,2026-08-24,2026-08-24,null,null,null,TRUE,10,SITE,,,null,null,2026-10-29,2026-10-29,null,null,null,null,null,null,2026-10-27,,2026-11-26,PRO.EE.MECH.1260,CLARIFIER B SLUDGE PUMP SKID,91-RWT-SKD-05,91-RWT-CLR-01/02/03/04,null
25660,402,6,oranda.barter@kiewit.com,2026-08-28 13:17:45,null,null,DDP,,Manual,1,0,0,0,,,EA,2026-04-02,2026-04-02,null,null,null,,null,2026-10-13,null,null,2026-10-12,2026-10-12,2026-07-30,null,null,null,null,null,2026-07-30,2026-07-30,null,null,2026-04-02,TRUE,10,AIC,,,null,null,2026-10-29,2026-10-29,null,null,null,null,null,null,2026-10-13,,2026-11-26,PRO.EE.MECH.1260,CLARIFIER C DRIVE VFD,91-RWT-VFD-03,91-RWT-CLR-01/02/03/04,null
25661,402,7,oranda.barter@kiewit.com,2026-08-28 13:17:45,null,null,DDP,,Manual,1,0,1,0,,,EA,2026-08-23,2026-08-23,null,null,null,,null,2026-10-27,null,null,2026-10-19,2026-10-19,null,null,null,null,null,null,2026-08-24,2026-08-24,null,null,null,TRUE,10,SITE,,,null,null,2026-10-29,2026-10-29,null,null,null,null,null,null,2026-10-27,,2026-11-26,PRO.EE.MECH.1260,CLARIFIER C SLUDGE PUMP SKID,91-RWT-SKD-06,91-RWT-CLR-01/02/03/04,null
25662,402,8,oranda.barter@kiewit.com,2026-08-28 13:17:45,null,null,DDP,,Manual,1,0,1,0,,,EA,2026-04-02,2026-04-02,null,null,null,,null,2026-10-13,null,null,2026-10-12,2026-10-12,2026-07-30,null,null,null,null,null,2026-07-30,2026-07-30,null,null,2026-04-02,TRUE,10,AIC,,,null,null,2026-10-29,2026-10-29,null,null,null,null,null,null,2026-10-13,,2026-11-26,PRO.EE.MECH.1260,CLARIFIER  D DRIVE VFD,91-RWT-VFD-04,91-RWT-CLR-01/02/03/04,null
25663,402,9,oranda.barter@kiewit.com,2026-08-28 13:17:45,null,null,DDP,,Manual,1,0,1,0,,,EA,2026-08-23,2026-08-23,null,null,null,,null,2026-10-27,null,null,2026-10-19,2026-10-19,null,null,null,null,null,null,2026-08-24,2026-08-24,null,null,null,TRUE,10,SITE,,,null,null,2026-10-29,2026-10-29,null,null,null,null,null,null,2026-10-27,,2026-11-26,PRO.EE.MECH.1260,CLARIFIER D SLUDGE PUMP SKID,91-RWT-SKD-09,91-RWT-CLR-01/02/03/04,null
25664,402,10,oranda.barter@kiewit.com,2026-08-28 13:17:45,null,null,DDP,,Manual,12,0,1,0,,,EA,2026-02-05,2026-02-05,null,null,null,,null,2026-09-09,null,null,2026-09-03,2026-09-03,2026-03-13,null,null,null,null,null,2026-03-13,2026-03-13,null,null,2026-02-05,TRUE,10,SITE,,,null,null,2026-09-15,2026-09-15,null,null,null,null,null,null,2026-09-09,,2026-11-26,PRO.EE.MECH.1260,GRAVITY FILTER A-L,91-RWT-FLT-01A-L,91-RWT-CLR-01/02/03/04,null
25667,402,13,oranda.barter@kiewit.com,2026-08-28 13:17:45,null,null,DDP,,Manual,1,1,1,1,,,EA,2026-02-12,2026-02-12,null,null,null,,null,2026-08-04,2026-07-30,null,2026-07-30,2026-07-30,2026-02-27,null,null,null,null,null,2026-02-27,2026-02-27,null,null,2026-02-12,TRUE,10,SITE,,,2026-08-10,null,2026-08-10,2026-08-10,null,null,null,null,2026-08-04,null,2026-08-04,,2026-11-26,PRO.EE.MECH.1260,THICKENER SLUDGE,91-RWT-CLR-07,91-RWT-CLR-01/02/03/04,null
25669,402,13.1,oranda.barter@kiewit.com,2026-08-28 13:17:45,null,null,DDP,,Manual,1,0,0,0,,,EA,null,null,2025-11-14,null,null,,null,null,null,null,null,null,null,null,null,null,null,null,null,null,null,null,null,TRUE,10,SITE,,,null,null,null,null,null,null,null,null,null,null,null,,2026-11-26,PRO.EE.MECH.1260,THICKENER DRIVE,91-RWT-MXR-07,91-RWT-CLR-01/02/03/04,null
25670,402,14.1,oranda.barter@kiewit.com,2026-08-28 13:17:45,null,null,DDP,,Manual,2,0,0,0,,,EA,null,null,2026-01-16,null,null,,null,null,null,null,null,null,null,null,null,null,null,null,null,null,null,null,null,TRUE,10,SITE,,,null,null,null,null,null,null,null,null,null,null,null,,2026-11-26,PRO.EE.MECH.1260,THICKENER SLUDGE PUMP A/B,91-RWT-PMP-08A/B,91-RWT-CLR-01/02/03/04,null
25671,402,14.2,oranda.barter@kiewit.com,2026-08-28 13:17:45,null,null,DDP,,Manual,2,0,0,0,,,EA,null,null,2026-01-16,null,null,,null,null,null,null,null,null,null,null,null,null,null,null,null,null,null,null,null,TRUE,10,SITE,,,null,null,null,null,null,null,null,null,null,null,null,,2026-11-26,PRO.EE.MECH.1260,THICKENER SLUDGE PUMP A/B MOTOR,91-RWT-MPM-08A/B,91-RWT-CLR-01/02/03/04,null
25672,402,15,oranda.barter@kiewit.com,2026-08-28 13:17:45,null,null,DDP,,Manual,2,2,1,2,,,EA,2025-11-14,2025-11-14,null,null,null,,null,2026-07-06,2026-06-26,null,2026-06-26,2026-06-26,2026-01-05,null,null,null,null,null,2026-01-05,2026-01-05,null,null,2025-11-14,TRUE,10,SITE,,,2026-07-10,null,2026-07-10,2026-07-10,null,null,null,null,2026-07-06,null,2026-07-06,,2026-11-26,PRO.EE.MECH.1260,FILTER PRESS A/B,91-RWT-FLT-02A/B,91-RWT-CLR-01/02/03/04,null
25674,402,17,oranda.barter@kiewit.com,2026-08-28 13:17:45,null,null,DDP,,Manual,1,0,1,0,,,EA,2026-02-26,2026-02-26,null,null,null,,null,2026-10-16,null,null,2026-10-15,2026-10-15,2026-04-17,null,null,null,null,null,2026-04-17,2026-04-17,null,null,2026-02-26,TRUE,10,SITE,,,null,null,2026-10-22,2026-10-22,null,null,null,null,null,null,2026-10-16,,2026-11-26,PRO.EE.MECH.1260,COAGULANT TANK,91-WCF-TNK-05,91-RWT-CLR-01/02/03/04,null
25675,402,16.1,oranda.barter@kiewit.com,2026-08-28 13:17:45,null,null,DDP,,Manual,4,0,0,0,,,EA,null,null,2026-01-23,null,null,,null,null,null,null,null,null,null,null,null,null,null,null,null,null,null,null,null,TRUE,10,SITE,,,null,null,null,null,null,null,null,null,null,null,null,,2026-11-26,PRO.EE.MECH.1260,COAGULANT DOSING PUMP A/B/C/D,91-WCF-PMP-04A/B/C/D,91-RWT-CLR-01/02/03/04,null
25676,402,16.2,oranda.barter@kiewit.com,2026-08-28 13:17:45,null,null,DDP,,Manual,4,0,0,0,,,EA,null,null,2026-01-23,null,null,,null,null,null,null,null,null,null,null,null,null,null,null,null,null,null,null,null,TRUE,10,SITE,,,null,null,null,null,null,null,null,null,null,null,null,,2026-11-26,PRO.EE.MECH.1260,COAGULANT DOSING PUMP A/B/C/D MOTOR,91-WCF-MPM-04A/B/C/D,91-RWT-CLR-01/02/03/04,null
25678,402,18.1,oranda.barter@kiewit.com,2026-08-28 13:17:45,null,null,DDP,,Manual,4,0,0,0,,,EA,null,null,2026-01-23,null,null,,null,null,null,null,null,null,null,null,null,null,null,null,null,null,null,null,null,TRUE,10,SITE,,,null,null,null,null,null,null,null,null,null,null,null,,2026-11-26,PRO.EE.MECH.1260,SODIUM HYPOCHLORITE DOSING PUMP A/B/C/D,91-WCF-PMP-01A/B/C/D,91-RWT-CLR-01/02/03/04,null
25679,402,18.2,oranda.barter@kiewit.com,2026-08-28 13:17:45,null,null,DDP,,Manual,4,0,0,0,,,EA,null,null,2026-01-23,null,null,,null,null,null,null,null,null,null,null,null,null,null,null,null,null,null,null,null,TRUE,10,SITE,,,null,null,null,null,null,null,null,null,null,null,null,,2026-11-26,PRO.EE.MECH.1260,SODIUM HYPOCHLORITE DOSING PUMP A/B/C/D MOTOR,91-WCF-MPM-01A/B/C/D,91-RWT-CLR-01/02/03/04,null
25680,402,19,oranda.barter@kiewit.com,2026-08-28 13:17:45,null,null,DDP,,Manual,3,0,1,0,,,EA,2026-02-26,2026-02-26,null,null,null,,null,2026-10-16,null,null,2026-10-15,2026-10-15,2026-04-17,null,null,null,null,null,2026-04-17,2026-04-17,null,null,2026-02-26,TRUE,10,SITE,,,null,null,2026-10-22,2026-10-22,null,null,null,null,null,null,2026-10-16,,2026-11-26,PRO.EE.MECH.1260,SODIUM HYPOCHLORITE STORAGE TANK A/B/C,91-WCF-TNK-01A/B/C,91-RWT-CLR-01/02/03/04,null
25681,402,20,oranda.barter@kiewit.com,2026-08-28 13:17:45,null,null,DDP,,Manual,1,0,1,0,,,EA,2026-02-05,2026-02-05,null,null,null,,null,2026-10-13,null,null,2026-10-01,2026-10-01,2026-04-03,null,null,null,null,null,2026-04-03,2026-04-03,null,null,2026-02-05,TRUE,10,SITE,,,null,null,2026-10-13,2026-10-13,null,null,null,null,null,null,2026-10-13,,2026-11-26,PRO.EE.MECH.1260,CLARIFIER POLYMER DOSING PUMP SKID,91-WCF-SKD-06,91-RWT-CLR-01/02/03/04,null
25682,402,20.1,oranda.barter@kiewit.com,2026-08-28 13:17:45,null,null,DDP,,Manual,4,0,0,0,,,EA,null,null,2026-01-23,null,null,,null,null,null,null,null,null,null,null,null,null,null,null,null,null,null,null,null,TRUE,10,SITE,,,null,null,null,null,null,null,null,null,null,null,null,,2026-11-26,PRO.EE.MECH.1260,CLARIFIER POLYMER DOSING PUMP A/B/C/D,91-WCF-PMP-06A/B/C/D,91-RWT-CLR-01/02/03/04,null
25683,402,20.2,oranda.barter@kiewit.com,2026-08-28 13:17:45,null,null,DDP,,Manual,4,0,0,0,,,EA,null,null,2026-01-23,null,null,,null,null,null,null,null,null,null,null,null,null,null,null,null,null,null,null,null,TRUE,10,SITE,,,null,null,null,null,null,null,null,null,null,null,null,,2026-11-26,PRO.EE.MECH.1260,CLARIFIER POLYMER DOSING PUMP A/B/C/D MOTOR,91-WCF-MPM-06A/B/C/D,91-RWT-CLR-01/02/03/04,null
25684,402,21,oranda.barter@kiewit.com,2026-08-28 13:17:45,null,null,DDP,,Manual,1,0,1,0,,,EA,2026-02-26,2026-02-26,null,null,null,,null,2026-10-16,null,null,2026-10-15,2026-10-15,2026-04-17,null,null,null,null,null,2026-04-17,2026-04-17,null,null,2026-02-26,TRUE,10,SITE,,,null,null,2026-10-22,2026-10-22,null,null,null,null,null,null,2026-10-16,,2026-11-26,PRO.EE.MECH.1260,CLARIFIER POLYMER TANK,91-WCF-TNK-01,91-RWT-CLR-01/02/03/04,null
25686,402,22.1,oranda.barter@kiewit.com,2026-08-28 13:17:45,null,null,DDP,,Manual,2,0,0,0,,,EA,null,null,2026-01-23,null,null,,null,null,null,null,null,null,null,null,null,null,null,null,null,null,null,null,null,TRUE,10,SITE,,,null,null,null,null,null,null,null,null,null,null,null,,2026-11-26,PRO.EE.MECH.1260,FILTER PRESS POLYMER PUMP A/B,91-WCF-PMP-12A/B,91-RWT-CLR-01/02/03/04,null
25687,402,22.2,oranda.barter@kiewit.com,2026-08-28 13:17:45,null,null,DDP,,Manual,2,0,0,0,,,EA,null,null,2026-01-23,null,null,,null,null,null,null,null,null,null,null,null,null,null,null,null,null,null,null,null,TRUE,10,SITE,,,null,null,null,null,null,null,null,null,null,null,null,,2026-11-26,PRO.EE.MECH.1260,FILTER PRESS POLYMER PUMP A/B MOTOR,91-WCF-MPM-12A/B,91-RWT-CLR-01/02/03/04,null
25688,402,3.1,oranda.barter@kiewit.com,2026-08-28 13:17:45,null,null,DDP,,Manual,1,0,0,0,,,EA,null,null,2026-01-16,null,null,,25657,null,null,null,null,null,null,null,null,null,null,null,null,null,null,null,null,TRUE,10,AIC,,,null,null,null,null,null,null,null,null,null,null,null,,2026-11-26,PRO.EE.MECH.1260,CLARIFIER A SLUDGE PUMP AA,91-RWT-PMP-19A,91-RWT-CLR-01/02/03/04,null
25689,402,3.2,oranda.barter@kiewit.com,2026-08-28 13:17:45,null,null,DDP,,Manual,1,0,0,0,,,EA,null,null,2026-01-16,null,null,,25657,null,null,null,null,null,null,null,null,null,null,null,null,null,null,null,null,TRUE,10,AIC,,,null,null,null,null,null,null,null,null,null,null,null,,2026-11-26,PRO.EE.MECH.1260,CLARIFIER A SLUDGE PUMP AB,91-RWT-PMP-19B,91-RWT-CLR-01/02/03/04,null
25690,402,3.3,oranda.barter@kiewit.com,2026-08-28 13:17:45,null,null,DDP,,Manual,1,0,0,0,,,EA,null,null,2025-11-14,null,null,,25657,null,null,null,null,null,null,null,null,null,null,null,null,null,null,null,null,TRUE,10,SITE,,,null,null,null,null,null,null,null,null,null,null,null,,2026-11-26,PRO.EE.MECH.1260,CLARIFIER A SLUDGE PUMP AA MOTOR,91-RWT-MPM-19A,91-RWT-CLR-01/02/03/04,null
25691,402,3.4,oranda.barter@kiewit.com,2026-08-28 13:17:45,null,null,DDP,,Manual,1,0,0,0,,,EA,null,null,2025-11-14,null,null,,25657,null,null,null,null,null,null,null,null,null,null,null,null,null,null,null,null,TRUE,10,SITE,,,null,null,null,null,null,null,null,null,null,null,null,,2026-11-26,PRO.EE.MECH.1260,CLARIFIER A SLUDGE PUMP AB MOTOR,91-RWT-MPM-19B,91-RWT-CLR-01/02/03/04,null
25692,402,5.1,oranda.barter@kiewit.com,2026-08-28 13:17:45,null,null,DDP,,Manual,1,0,0,0,,,EA,null,null,2026-01-16,null,null,,25659,null,null,null,null,null,null,null,null,null,null,null,null,null,null,null,null,TRUE,10,AIC,,,null,null,null,null,null,null,null,null,null,null,null,,2026-11-26,PRO.EE.MECH.1260,CLARIFIER B SLUDGE PUMP BA,91-RWT-PMP-05A,91-RWT-CLR-01/02/03/04,null
25693,402,9.1,oranda.barter@kiewit.com,2026-08-28 13:17:45,null,null,DDP,,Manual,1,0,1,0,,,EA,null,null,2026-01-16,null,null,,25663,null,null,null,null,null,null,null,null,null,null,null,null,null,null,null,null,TRUE,10,AIC,,,null,null,null,null,null,null,null,null,null,null,null,,2026-11-26,PRO.EE.MECH.1260,CLARIFIER D SLUDGE PUMP DA,91-RWT-PMP-09A,91-RWT-CLR-01/02/03/04,null
25694,402,9.2,oranda.barter@kiewit.com,2026-08-28 13:17:45,null,null,DDP,,Manual,1,0,1,0,,,EA,null,null,2026-01-16,null,null,,25663,null,null,null,null,null,null,null,null,null,null,null,null,null,null,null,null,TRUE,10,AIC,,,null,null,null,null,null,null,null,null,null,null,null,,2026-11-26,PRO.EE.MECH.1260,CLARIFIER D SLUDGE PUMP DB,91-RWT-PMP-09B,91-RWT-CLR-01/02/03/04,null
25695,402,9.3,oranda.barter@kiewit.com,2026-08-28 13:17:45,null,null,DDP,,Manual,1,0,1,0,,,EA,null,null,2025-11-14,null,null,,25663,null,null,null,null,null,null,null,null,null,null,null,null,null,null,null,null,TRUE,10,SITE,,,null,null,null,null,null,null,null,null,null,null,null,,2026-11-26,PRO.EE.MECH.1260,CLARIFIER D SLUDGE PUMP DA MOTOR,91-RWT-MPM-09A,91-RWT-CLR-01/02/03/04,null
25696,402,9.4,oranda.barter@kiewit.com,2026-08-28 13:17:45,null,null,DDP,,Manual,1,0,1,0,,,EA,null,null,2025-11-14,null,null,,25663,null,null,null,null,null,null,null,null,null,null,null,null,null,null,null,null,TRUE,10,SITE,,,null,null,null,null,null,null,null,null,null,null,null,,2026-11-26,PRO.EE.MECH.1260,CLARIFIER D SLUDGE PUMP DB MOTOR,91-RWT-MPM-09B,91-RWT-CLR-01/02/03/04,null
25697,402,11.1,oranda.barter@kiewit.com,2026-08-28 13:17:45,null,null,DDP,,Manual,2,0,1,0,,,EA,null,null,2025-12-19,null,null,,25665,null,null,null,null,null,null,null,null,null,null,null,null,null,null,null,null,TRUE,10,SITE,,,null,null,null,null,null,null,null,null,null,null,null,,2026-11-26,PRO.EE.MECH.1260,GRAVITY FILTER AIR SCOUR BLOWER A/B MOTOR,91-RWT-MTB-01A/B,91-RWT-CLR-01/02/03/04,null
25698,402,12.1,oranda.barter@kiewit.com,2026-08-28 13:17:45,null,null,DDP,,Manual,3,0,1,0,,,EA,null,null,2025-12-19,null,null,,25666,null,null,null,null,null,null,null,null,null,null,null,null,null,null,null,null,TRUE,10,SITE,,,null,null,null,null,null,null,null,null,null,null,null,,2026-11-26,PRO.EE.MECH.1260,GRAVITY FILTER BACKWASH PUMP A/B/C MOTOR,91-RWT-MPM-26A/B/C,91-RWT-CLR-01/02/03/04,null
25699,402,5.2,oranda.barter@kiewit.com,2026-08-28 13:17:45,null,null,DDP,,Manual,1,0,0,0,,,EA,null,null,2026-01-16,null,null,,25659,null,null,null,null,null,null,null,null,null,null,null,null,null,null,null,null,TRUE,10,AIC,,,null,null,null,null,null,null,null,null,null,null,null,,2026-11-26,PRO.EE.MECH.1260,CLARIFIER B SLUDGE PUMP BB,91-RWT-PMP-05B,91-RWT-CLR-01/02/03/04,null
25700,402,5.3,oranda.barter@kiewit.com,2026-08-28 13:17:45,null,null,DDP,,Manual,1,0,0,0,,,EA,null,null,2025-11-14,null,null,,25659,null,null,null,null,null,null,null,null,null,null,null,null,null,null,null,null,TRUE,10,SITE,,,null,null,null,null,null,null,null,null,null,null,null,,2026-11-26,PRO.EE.MECH.1260,CLARIFIER B SLUDGE PUMP BA MOTOR,91-RWT-MPM-05A,91-RWT-CLR-01/02/03/04,null
25701,402,5.4,oranda.barter@kiewit.com,2026-08-28 13:17:45,null,null,DDP,,Manual,1,0,0,0,,,EA,null,null,2025-11-14,null,null,,25659,null,null,null,null,null,null,null,null,null,null,null,null,null,null,null,null,TRUE,10,SITE,,,null,null,null,null,null,null,null,null,null,null,null,,2026-11-26,PRO.EE.MECH.1260,CLARIFIER B SLUDGE PUMP BB MOTOR,91-RWT-MPM-05B,91-RWT-CLR-01/02/03/04,null
25702,402,7.1,oranda.barter@kiewit.com,2026-08-28 13:17:45,null,null,DDP,,Manual,1,0,0,0,,,EA,null,null,2026-01-16,null,null,,25661,null,null,null,null,null,null,null,null,null,null,null,null,null,null,null,null,TRUE,10,AIC,,,null,null,null,null,null,null,null,null,null,null,null,,2026-11-26,PRO.EE.MECH.1260,CLARIFIER C SLUDGE PUMP CA,91-RWT-PMP-06A,91-RWT-CLR-01/02/03/04,null
25703,402,7.2,oranda.barter@kiewit.com,2026-08-28 13:17:45,null,null,DDP,,Manual,1,0,0,0,,,EA,null,null,2026-01-16,null,null,,25661,null,null,null,null,null,null,null,null,null,null,null,null,null,null,null,null,TRUE,10,AIC,,,null,null,null,null,null,null,null,null,null,null,null,,2026-11-26,PRO.EE.MECH.1260,CLARIFIER C SLUDGE PUMP CB,91-RWT-PMP-06B,91-RWT-CLR-01/02/03/04,null
25704,402,7.3,oranda.barter@kiewit.com,2026-08-28 13:17:45,null,null,DDP,,Manual,1,0,0,0,,,EA,null,null,2025-11-14,null,null,,25661,null,null,null,null,null,null,null,null,null,null,null,null,null,null,null,null,TRUE,10,SITE,,,null,null,null,null,null,null,null,null,null,null,null,,2026-11-26,PRO.EE.MECH.1260,CLARIFIER C SLUDGE PUMP CA MOTOR,91-RWT-MPM-06A,91-RWT-CLR-01/02/03/04,null
25705,402,7.4,oranda.barter@kiewit.com,2026-08-28 13:17:45,null,null,DDP,,Manual,1,0,0,0,,,EA,null,null,2025-11-14,null,null,,25661,null,null,null,null,null,null,null,null,null,null,null,null,null,null,null,null,TRUE,10,SITE,,,null,null,null,null,null,null,null,null,null,null,null,,2026-11-26,PRO.EE.MECH.1260,CLARIFIER C SLUDGE PUMP CB MOTOR,91-RWT-MPM-06B,91-RWT-CLR-01/02/03/04,null
25706,402,14.3,oranda.barter@kiewit.com,2026-08-28 13:17:45,null,null,DDP,,Manual,2,0,1,0,,,EA,null,null,2026-01-16,null,null,,25668,null,null,null,null,null,null,null,null,null,null,null,null,null,null,null,null,TRUE,10,SITE,,,null,null,null,null,null,null,null,null,null,null,null,,2026-11-26,PRO.EE.MECH.1260,THICKENER SLUDGE PUMP A/B VFD,91-RWT-VFD-08A/B,91-RWT-CLR-01/02/03/04,null
29099,412,1,oranda.barter@kiewit.com,2026-09-02 13:42:32,null,null,DDP,,Manual,2,2,0,2,". KGaA, Germany",,EA,null,null,null,null,null,,null,2026-06-15,2026-05-28,null,2026-05-28,2026-05-28,2026-01-08,2025-09-12,null,null,null,null,2026-01-08,2026-01-08,null,null,2025-10-23,TRUE,13,SITE,,,2026-08-25,null,2026-08-24,2026-08-24,null,null,null,null,2026-07-17,null,2026-06-15,,2026-08-24,PRO.BFW.1030,Boiler Feed Pumps,05-BFW-PMP-01A/B,0X-BFW-PMP-01A/B,null
29100,412,2,oranda.barter@kiewit.com,2026-09-02 13:42:32,null,null,DDP,,Manual,2,0,0,2,"WEG, India",,EA,null,null,null,null,null,,null,2026-05-23,2026-05-07,null,2026-05-07,2026-05-07,2026-04-22,2025-09-12,null,null,null,null,2026-04-22,2026-04-22,null,null,2026-03-02,TRUE,13,SITE,,,null,null,2026-09-04,2026-08-24,null,null,null,null,2026-06-23,null,2026-05-23,,2026-08-24,PRO.BFW.1030,Boiler Feed Pump Motors,05-BFW-MPM-01A/B,0X-BFW-PMP-01A/B,null
29101,412,3,oranda.barter@kiewit.com,2026-09-02 13:42:32,null,null,DDP,,Manual,2,2,0,2,". KGaA, Germany",,EA,null,null,null,null,null,,null,2026-06-15,2026-05-28,null,2026-05-28,2026-05-28,2026-01-08,2025-09-12,null,null,null,null,2026-01-08,2026-01-08,null,null,2025-10-23,TRUE,13,SITE,,,2026-08-25,null,2026-08-24,2026-08-24,null,null,null,null,2026-07-17,null,2026-06-15,,2026-08-24,PRO.BFW.1170,Boiler Feed Pumps,06-BFW-PMP-01A/B,0X-BFW-PMP-01A/B,null
29102,412,4,oranda.barter@kiewit.com,2026-09-02 13:42:32,null,null,DDP,,Manual,2,0,0,2,"WEG, India",,EA,null,null,null,null,null,,null,2026-05-23,2026-05-07,null,2026-05-07,2026-05-07,2026-04-22,2025-09-12,null,null,null,null,2026-04-22,2026-04-22,null,null,2026-03-02,TRUE,13,SITE,,,null,null,2026-09-04,2026-08-24,null,null,null,null,2026-06-23,null,2026-05-23,,2026-08-24,PRO.BFW.1170,Boiler Feed Pump Motors,06-BFW-MPM-01A/B,0X-BFW-PMP-01A/B,null
29103,412,5,oranda.barter@kiewit.com,2026-09-02 13:42:32,null,null,DDP,,Manual,2,0,0,0,". KGaA, Germany",,EA,null,null,null,null,null,,null,2026-08-17,null,null,2026-09-15,2026-07-06,2026-02-10,2025-09-12,null,null,null,null,2026-02-10,2026-02-10,null,null,2025-12-03,TRUE,13,SITE,,,null,null,2026-11-01,2026-11-01,null,null,null,null,null,null,2026-09-18,,2026-11-01,PRO.BFW.1040,Boiler Feed Pumps,02-BFW-PMP-01A/B,0X-BFW-PMP-01A/B,null
29104,412,6,oranda.barter@kiewit.com,2026-09-02 13:42:32,null,null,DDP,,Manual,2,0,0,0,"WEG, India",,EA,null,null,null,null,null,,null,2026-07-25,null,null,2026-09-18,2026-07-18,2026-07-01,2025-09-12,null,null,null,null,2026-07-01,2026-07-01,null,null,2026-05-22,TRUE,13,SITE,,,null,null,2026-11-01,2026-11-01,null,null,null,null,null,null,2026-09-25,,2026-11-01,PRO.BFW.1040,Boiler Feed Pump Motors,02-BFW-MPM-01A/B,0X-BFW-PMP-01A/B,null
29105,412,7,oranda.barter@kiewit.com,2026-09-02 13:42:32,null,null,DDP,,Manual,2,0,0,0,". KGaA, Germany",,EA,null,null,null,null,null,,null,2026-08-17,null,null,2026-09-15,2026-07-06,2026-02-10,2025-09-12,null,null,null,null,2026-02-10,2026-02-10,null,null,2025-12-03,TRUE,13,SITE,,,null,null,2026-11-01,2026-11-01,null,null,null,null,null,null,2026-09-18,,2026-11-01,PRO.BFW.1270,Boiler Feed Pumps,03-BFW-PMP-01A/B,0X-BFW-PMP-01A/B,null
29106,412,8,oranda.barter@kiewit.com,2026-09-02 13:42:32,null,null,DDP,,Manual,2,0,0,0,"WEG, India",,EA,null,null,null,null,null,,null,2026-07-25,null,null,2026-09-18,2026-07-18,2026-05-22,2025-09-12,null,null,null,null,2026-05-22,2026-05-22,null,null,2026-05-22,TRUE,13,SITE,,,null,null,2026-11-01,2026-11-01,null,null,null,null,null,null,2026-09-25,,2026-11-01,PRO.BFW.1270,Boiler Feed Pump Motors,03-BFW-MPM-01A/B,0X-BFW-PMP-01A/B,null
29107,412,9,oranda.barter@kiewit.com,2026-09-02 13:42:32,null,null,DDP,,Manual,2,0,0,0,". KGaA, Germany",,EA,null,null,null,null,null,,null,2026-11-16,null,null,2026-10-16,2026-10-16,2026-05-22,2025-09-12,null,null,null,null,2026-05-22,2026-05-22,null,null,2026-02-24,TRUE,13,SITE,,,null,null,2027-02-01,2027-02-01,null,null,null,null,null,null,2026-11-16,,2027-02-01,PRO.BFW.1050,Boiler Feed Pumps,07-BFW-PMP-01A/B,0X-BFW-PMP-01A/B,null
29108,412,10,oranda.barter@kiewit.com,2026-09-02 13:42:32,null,null,DDP,,Manual,2,0,0,0,"WEG, India",,EA,null,null,null,null,null,,null,2026-10-24,null,null,2026-12-28,2026-10-17,2026-09-30,2025-09-12,null,null,null,null,2026-09-30,2026-09-30,null,null,2026-08-21,TRUE,13,SITE,,,null,null,2027-02-08,2027-02-01,null,null,null,null,null,null,2027-01-04,,2027-02-01,PRO.BFW.1050,Boiler Feed Pump Motors,07-BFW-MPM-01A/B,0X-BFW-PMP-01A/B,null
29109,412,11,oranda.barter@kiewit.com,2026-09-02 13:42:32,null,null,DDP,,Manual,2,0,0,0,". KGaA, Germany",,EA,null,null,null,null,null,,null,2027-02-15,null,null,2027-01-18,2027-01-18,2026-07-28,2025-09-12,null,null,null,null,2026-07-28,2026-07-28,null,null,2026-04-30,TRUE,13,SITE,,,null,null,2027-05-01,2027-05-01,null,null,null,null,null,null,2027-02-15,,2027-05-01,PRO.BFW.1060,Boiler Feed Pumps,04-BFW-PMP-01A/B,0X-BFW-PMP-01A/B,null
29110,412,12,oranda.barter@kiewit.com,2026-09-02 13:42:32,null,null,DDP,,Manual,2,0,0,0,"WEG, India",,EA,null,null,null,null,null,,null,2027-01-27,null,null,2027-01-22,2027-01-19,2027-01-01,2025-09-12,null,null,null,null,2027-01-01,2027-01-01,null,null,2026-11-23,TRUE,13,SITE,,,null,null,2027-05-01,2027-05-01,null,null,null,null,null,null,2027-02-01,,2027-05-01,PRO.BFW.1060,Boiler Feed Pump Motors,04-BFW-MPM-01A/B,0X-BFW-PMP-01A/B,null
29111,412,13,oranda.barter@kiewit.com,2026-09-02 13:42:32,null,null,DDP,,Manual,2,0,0,0,". KGaA, Germany",,EA,null,null,null,null,null,,null,2027-04-26,null,null,2027-04-15,2027-04-15,2026-11-06,2025-09-12,null,null,null,null,2026-11-06,2026-11-06,null,null,2026-06-23,TRUE,13,SITE,,,null,null,2027-08-01,2027-08-01,null,null,null,null,null,null,2027-05-14,,2027-08-01,PRO.BFW.1070,Boiler Feed Pumps,01-BFW-PMP-01A/B,0X-BFW-PMP-01A/B,null
29112,412,14,oranda.barter@kiewit.com,2026-09-02 13:42:32,null,null,DDP,,Manual,2,0,0,0,"WEG, India",,EA,null,null,null,null,null,,null,2027-05-14,null,null,2027-04-21,2027-04-17,2027-03-31,2025-09-12,null,null,null,null,2027-03-31,2027-03-31,null,null,2027-02-19,TRUE,13,SITE,,,null,null,2027-08-01,2027-08-01,null,null,null,null,null,null,2027-05-01,,2027-08-01,PRO.BFW.1070,Boiler Feed Pump Motors,01-BFW-MPM-01A/B,0X-BFW-PMP-01A/B,null
29362,435,1,oranda.barter@kiewit.com,2026-09-08 18:45:45,null,null,DDP,1509463-1,Requisition,1,1,0,1,,,Ea,null,null,null,null,null,Phase C,null,2026-07-22,2026-07-20,null,2026-06-26,2026-07-20,2026-05-04,null,null,null,null,null,2026-05-04,null,null,null,null,TRUE,8,Site,1,R-100000011V0,2026-07-24,null,2026-07-24,2026-07-24,null,null,null,null,2026-07-22,null,2026-07-22,,2026-07-01,,OIL/WATER SEPARATOR,04-WDR-SEP-01,04-WDR-SEP-01,null
29363,435,2,oranda.barter@kiewit.com,2026-09-08 18:45:45,null,null,DDP,,Requisition,1,0,0,0,,,Ea,null,null,null,null,null,Phase C,null,2026-08-28,null,null,2026-08-18,2026-08-18,2026-05-12,null,null,null,null,null,2026-05-12,null,null,null,null,TRUE,8,Site,2,R-100000011V0,null,null,2026-09-11,2026-07-01,null,null,null,null,null,null,2026-09-08,,2026-07-01,,OIL/WATER  SEPARATOR  SUMP PUMP,04-WDR-PMP-01B,04-WDR-SEP-01,null
29364,435,3,oranda.barter@kiewit.com,2026-09-08 18:45:45,null,null,DDP,,Requisition,1,0,0,0,,,Ea,null,null,null,null,null,Phase C,null,2026-08-28,null,null,2026-08-18,2026-08-18,2026-05-12,null,null,null,null,null,2026-05-12,null,null,null,null,TRUE,8,Site,3,R-100000011V0,null,null,2026-09-11,2026-07-01,null,null,null,null,null,null,2026-09-08,,2026-07-01,,OIL/WATER  SEPARATOR  SUMP PUMP,04-WDR-PMP-01A,04-WDR-SEP-01,null
29365,435,4,oranda.barter@kiewit.com,2026-09-08 18:45:45,null,null,DDP,,Requisition,1,0,0,0,,,Ea,null,null,null,null,null,Phase C,null,2026-08-28,null,null,2026-08-18,2026-08-18,2026-05-12,null,null,null,null,null,2026-05-12,null,null,null,null,TRUE,8,Site,4,R-100000011V0,null,null,2026-09-04,2026-07-01,null,null,null,null,null,null,2026-09-01,,2026-07-01,,OIL/WATER SEPARATOR  CONTROL PANEL,04-WDR-CPL-01,04-WDR-SEP-01,null
29366,435,5,oranda.barter@kiewit.com,2026-09-08 18:45:45,null,null,DDP,,Requisition,1,1,0,0,,,Ea,null,null,null,null,null,Phase D,null,2026-08-28,2026-08-25,null,2026-08-26,null,2026-05-18,null,null,null,null,null,2026-05-18,null,null,null,null,TRUE,8,Site,5,R-100000011V0,2026-08-31,null,2026-09-01,2026-09-01,null,null,null,null,2026-08-28,null,2026-08-28,,2026-09-01,,OIL/WATER SEPARATOR,01-WDR-SEP-01,01-WDR-SEP-01,null
29367,435,6,oranda.barter@kiewit.com,2026-09-08 18:45:45,null,null,DDP,,Requisition,1,0,0,0,,,Ea,null,null,null,null,null,Phase D,null,2026-09-29,null,null,2026-08-26,null,2026-05-12,null,null,null,null,null,2026-05-12,null,null,null,null,TRUE,8,Site,6,R-100000011V0,null,null,2026-09-11,2026-09-01,null,null,null,null,null,null,2026-09-08,,2026-09-01,,OIL/WATER  SEPARATOR  SUMP PUMP,01-WDR-PMP-01B,01-WDR-PMP-01B,null
29368,435,7,oranda.barter@kiewit.com,2026-09-08 18:45:45,null,null,DDP,,Requisition,1,0,0,0,,,Ea,null,null,null,null,null,Phase D,null,2026-09-29,null,null,2026-08-26,null,2026-05-12,null,null,null,null,null,2026-05-12,null,null,null,null,TRUE,8,Site,7,R-100000011V0,null,null,2026-09-11,2026-09-01,null,null,null,null,null,null,2026-09-08,,2026-09-01,,OIL/WATER  SEPARATOR  SUMP PUMP,01-WDR-PMP-01A,01-WDR-PMP-01A,null
29369,435,8,oranda.barter@kiewit.com,2026-09-08 18:45:45,null,null,DDP,,Requisition,1,0,0,0,,,Ea,null,null,null,null,null,Phase D,null,2026-09-29,null,null,2026-08-26,null,2026-05-12,null,null,null,null,null,2026-05-12,null,null,null,null,TRUE,8,Site,8,R-100000011V0,null,null,2026-09-04,2026-09-01,null,null,null,null,null,null,2026-09-01,,2026-09-01,,OIL/WATER SEPARATOR  CONTROL PANEL,01-WDR-CPL-01,01-WDR-CPL-01,null
29370,435,9,oranda.barter@kiewit.com,2026-09-08 18:45:45,null,null,DDP,,Requisition,1,0,0,0,,,Ea,null,null,null,null,null,Phase E,null,null,null,null,null,null,2026-07-06,null,null,null,null,null,2026-07-06,null,null,null,null,TRUE,8,Site,9,R-100000011V0,null,null,null,null,null,null,null,null,null,null,null,working to cancel Unit 1,2026-10-01,,OIL/WATER SEPARATOR,TBD,TBD,null
29371,435,10,oranda.barter@kiewit.com,2026-09-08 18:45:45,null,null,DDP,,Requisition,1,0,0,0,,,Ea,null,null,null,null,null,Phase E,null,null,null,null,null,null,2026-05-12,null,null,null,null,null,2026-05-12,null,null,null,null,TRUE,8,Site,10,R-100000011V0,null,null,null,null,null,null,null,null,null,null,null,working to cancel Unit 1,2026-10-01,,OIL/WATER  SEPARATOR  SUMP PUMP,TBD,TBD,null
29372,435,11,oranda.barter@kiewit.com,2026-09-08 18:45:45,null,null,DDP,,Requisition,1,0,0,0,,,Ea,null,null,null,null,null,Phase E,null,null,null,null,null,null,2026-05-12,null,null,null,null,null,2026-05-12,null,null,null,null,TRUE,8,Site,11,R-100000011V0,null,null,null,null,null,null,null,null,null,null,null,working to cancel Unit 1,2026-10-01,,OIL/WATER  SEPARATOR  SUMP PUMP,TBD,TBD,null
29373,435,12,oranda.barter@kiewit.com,2026-09-08 18:45:45,null,null,DDP,,Requisition,1,0,0,0,,,Ea,null,null,null,null,null,Phase E,null,null,null,null,null,null,2026-05-12,null,null,null,null,null,2026-05-12,null,null,null,null,TRUE,8,Site,12,R-100000011V0,null,null,null,null,null,null,null,null,null,null,null,working to cancel Unit 1,2026-10-01,,OIL/WATER SEPARATOR  CONTROL PANEL,TBD,TBD,null
32655,425,2,oranda.barter@kiewit.com,2026-09-15 17:55:23,null,null,DDP,,Manual,1,0,0,0,,,LOT,null,null,null,null,null,,null,2026-10-21,null,null,null,null,null,null,null,null,null,null,2026-09-18,2026-09-18,null,null,null,TRUE,3,SITE,,,null,null,2026-12-25,2026-12-25,null,null,null,null,null,null,2026-10-21,,2026-12-25,PRO.EE.ELEC.1630,14 BAYS,Phase 1 GIB,GIS PHASE 1,null
32656,425,3,oranda.barter@kiewit.com,2026-09-15 17:55:23,null,null,DDP,,Manual,1,0,0,0,,,LOT,null,null,null,null,null,,null,2027-01-04,null,null,2026-12-30,2026-12-30,2026-05-19,null,null,null,null,null,2026-05-19,2026-05-19,null,null,null,TRUE,3,SITE,,,null,null,2027-01-31,2027-01-31,null,null,null,null,null,null,2027-01-04,,2027-01-31,PRO.EE.ELEC.1630,14 BAYS,Phase 1 LLC,GIS PHASE 1,null
32657,425,4,oranda.barter@kiewit.com,2026-09-15 17:55:23,null,null,DDP,,Manual,1,0,0,0,,,LOT,null,null,null,null,null,,null,2026-11-09,null,null,null,null,2026-08-03,null,null,null,null,null,2026-08-03,2026-08-03,null,null,null,TRUE,3,SITE,,,null,null,2027-01-18,2027-01-20,null,null,null,null,null,null,2026-11-09,,2027-01-20,PRO.EE.ELEC.1650,8 BAYS,Phase 2 GIS,GIS PHASE 2,null
32658,425,5,oranda.barter@kiewit.com,2026-09-15 17:55:23,null,null,DDP,,Manual,1,0,0,0,,,LOT,null,null,null,null,null,,null,2026-11-09,null,null,null,null,null,null,null,null,null,null,2026-09-18,2026-09-18,null,null,null,TRUE,3,SITE,,,null,null,2027-01-20,2027-01-20,null,null,null,null,null,null,2026-11-09,,2027-01-20,PRO.EE.ELEC.1650,8 BAYS,Phase 2 GIB,GIS PHASE 2,null
32659,425,6,oranda.barter@kiewit.com,2026-09-15 17:55:23,null,null,DDP,,Manual,1,0,0,0,,,LOT,null,null,null,null,null,,null,2027-01-04,null,null,2026-12-30,2026-12-30,2026-05-19,null,null,null,null,null,2026-05-19,2026-05-19,null,null,null,TRUE,3,SITE,,,null,null,2027-01-31,2027-01-31,null,null,null,null,null,null,2027-01-04,,2027-01-31,PRO.EE.ELEC.1650,8 BAYS,Phase 2 LLC,GIS PHASE 2,null
32660,425,7,oranda.barter@kiewit.com,2026-09-15 17:55:23,null,null,DDP,,Manual,1,0,0,0,,,LOT,null,null,null,null,null,,null,2026-11-09,null,null,null,null,2026-08-03,null,null,null,null,null,2026-08-03,2026-08-03,null,null,null,TRUE,3,SITE,,,null,null,2027-01-18,2027-01-20,null,null,null,null,null,null,2026-11-09,,2027-01-20,PRO.EE.ELEC.1640,18 BAYS,Phase 3 GIS,GIS PHASE 3,null
32661,425,8,oranda.barter@kiewit.com,2026-09-15 17:55:23,null,null,DDP,,Manual,1,0,0,0,,,LOT,null,null,null,null,null,,null,2026-11-09,null,null,null,null,null,null,null,null,null,null,2026-09-18,2026-09-18,null,null,null,TRUE,3,SITE,,,null,null,2027-01-20,2027-01-20,null,null,null,null,null,null,2026-11-09,,2027-01-20,PRO.EE.ELEC.1640,18 BAYS,Phase 3 GIB,GIS PHASE 3,null
32662,425,9,oranda.barter@kiewit.com,2026-09-15 17:55:23,null,null,DDP,,Manual,1,0,0,0,,,LOT,null,null,null,null,null,,null,2027-01-04,null,null,2026-12-30,2026-12-30,2026-05-19,null,null,null,null,null,2026-05-19,2026-05-19,null,null,null,TRUE,3,SITE,,,null,null,2027-01-18,2027-01-31,null,null,null,null,null,null,2027-01-04,,2027-01-31,PRO.EE.ELEC.1640,18 BAYS,Phase 3 LLC,GIS PHASE 3,null
32691,418,1,oranda.barter@kiewit.com,2026-09-15 19:05:41,null,null,DDP,,Manual,1,0,0,0,,,LOT,null,null,null,null,null,Phase E,null,null,null,null,2027-12-09,2027-12-09,null,2025-10-31,null,2025-10-31,null,null,null,null,null,null,null,TRUE,4,SITE,,,null,null,2027-12-31,2027-12-31,null,null,null,null,null,null,null,,2027-12-31,PRO.PDC.1070,MV Power Distribution Center,Unit 01 MV PDC,Unit 01 MV PDC,null
32692,418,2,oranda.barter@kiewit.com,2026-09-15 19:05:41,null,null,DDP,,Manual,1,0,0,0,,,LOT,null,null,null,null,null,Phase B,null,null,null,null,2027-05-14,2027-05-14,null,2025-10-31,null,2025-10-31,null,null,null,null,null,null,null,TRUE,4,SITE,,,null,null,2027-05-31,2027-05-31,null,null,null,null,null,null,null,,2027-05-31,PRO.PDC.1040,MV Power Distribution Center,Unit 02 MV PDC,Unit 02 MV PDC,null
32693,418,3,oranda.barter@kiewit.com,2026-09-15 19:05:41,null,null,DDP,,Manual,1,0,0,0,,,LOT,null,null,null,null,null,Phase B,null,null,null,null,2027-05-14,2027-05-14,null,2025-10-31,null,2025-10-31,null,null,null,null,null,null,null,TRUE,4,SITE,,,null,null,2027-05-31,2027-05-31,null,null,null,null,null,null,null,,2027-05-31,PRO.PDC.1270,MV Power Distribution Center,Unit 03 MV PDC,Unit 03 MV PDC,null
32694,418,4,oranda.barter@kiewit.com,2026-09-15 19:05:41,null,null,DDP,,Manual,1,0,0,0,,,LOT,null,null,null,null,null,Phase D,null,null,null,null,2027-10-15,2027-10-15,null,2025-10-31,null,2025-10-31,null,null,null,null,null,null,null,TRUE,4,SITE,,,null,null,2027-10-31,2027-10-31,null,null,null,null,null,null,null,,2027-10-31,PRO.PDC.1060,MV Power Distribution Center,Unit 04 MV PDC,Unit 04 MV PDC,null
32695,418,5,oranda.barter@kiewit.com,2026-09-15 19:05:41,null,null,DDP,,Manual,1,0,0,0,,,LOT,null,null,null,null,null,Phase A,null,null,null,null,2026-12-10,2026-12-10,2026-06-16,2025-10-31,null,2025-10-31,null,null,2026-06-16,2026-06-16,null,null,null,TRUE,4,SITE,,,null,null,2026-12-31,2026-12-31,null,null,null,null,null,null,null,,2026-12-31,PRO.PDC.1230,MV Power Distribution Center,Unit 05 MV PDC,Unit 05 MV PDC,null
32696,418,6,oranda.barter@kiewit.com,2026-09-15 19:05:41,null,null,DDP,,Manual,1,0,0,0,,,LOT,null,null,null,null,null,Phase A,null,null,null,null,2026-12-29,2026-12-29,2026-07-02,2025-10-31,null,2025-10-31,null,null,2026-07-02,2026-07-02,null,null,null,TRUE,4,SITE,,,null,null,2027-01-15,2026-12-31,null,null,null,null,null,null,null,,2026-12-31,PRO.PDC.1080,MV Power Distribution Center,Unit 06 MV PDC,Unit 06 MV PDC,null
32697,418,7,oranda.barter@kiewit.com,2026-09-15 19:05:41,null,null,DDP,,Manual,1,0,0,0,,,LOT,null,null,null,null,null,Phase C,null,null,null,null,2027-08-17,2027-08-17,null,2025-10-31,null,2025-10-31,null,null,null,null,null,null,null,TRUE,4,SITE,,,null,null,2027-08-31,2027-08-31,null,null,null,null,null,null,null,,2027-08-31,PRO.PDC.1050,MV Power Distribution Center,Unit 07 MV PDC,Unit 07 MV PDC,null
32698,418,8,oranda.barter@kiewit.com,2026-09-15 19:05:41,null,null,DDP,,Manual,1,0,0,0,,,LOT,null,null,null,null,null,Phase E,null,null,null,null,2027-12-09,2027-12-09,null,2025-10-31,null,2025-10-31,null,null,null,null,null,null,null,TRUE,4,SITE,,,null,null,2027-12-31,2027-12-31,null,null,null,null,null,null,null,,2027-12-31,PRO.PDC.1070,HRSG Power Distribution Center,Unit 01 HRSG PDC,Unit 01 HRSG PDC,null
32699,418,9,oranda.barter@kiewit.com,2026-09-15 19:05:41,null,null,DDP,,Manual,1,0,0,0,,,LOT,null,null,null,null,null,Phase B,null,null,null,null,2027-05-14,2027-05-14,null,2025-10-31,null,2025-10-31,null,null,null,null,null,null,null,TRUE,4,SITE,,,null,null,2027-05-31,2027-05-31,null,null,null,null,null,null,null,,2027-05-31,PRO.PDC.1040,HRSG Power Distribution Center,Unit 02 HRSG PDC,Unit 02 HRSG PDC,null
32700,418,10,oranda.barter@kiewit.com,2026-09-15 19:05:41,null,null,DDP,,Manual,1,0,0,0,,,LOT,null,null,null,null,null,Phase B,null,null,null,null,2027-05-14,2027-05-14,null,2025-10-31,null,2025-10-31,null,null,null,null,null,null,null,TRUE,4,SITE,,,null,null,2027-05-31,2027-05-31,null,null,null,null,null,null,null,,2027-05-31,PRO.PDC.1270,HRSG Power Distribution Center,Unit 03 HRSG PDC,Unit 03 HRSG PDC,null
32701,418,11,oranda.barter@kiewit.com,2026-09-15 19:05:41,null,null,DDP,,Manual,1,0,0,0,,,LOT,null,null,null,null,null,Phase D,null,null,null,null,2027-10-15,2027-10-15,null,2025-10-31,null,2025-10-31,null,null,null,null,null,null,null,TRUE,4,SITE,,,null,null,2027-10-31,2027-10-31,null,null,null,null,null,null,null,,2027-10-31,PRO.PDC.1060,HRSG Power Distribution Center,Unit 04 HRSG PDC,Unit 04 HRSG PDC,null
32702,418,12,oranda.barter@kiewit.com,2026-09-15 19:05:41,null,null,DDP,,Manual,1,0,0,0,,,LOT,null,null,null,null,null,Phase A,null,null,null,null,2026-12-10,2026-12-10,2026-07-29,2025-10-31,null,2025-10-31,null,null,2026-07-29,2026-07-29,null,null,null,TRUE,4,SITE,,,null,null,2027-01-14,2026-12-31,null,null,null,null,null,null,null,,2027-01-14,PRO.PDC.1230,HRSG Power Distribution Center,Unit 05 HRSG PDC,Unit 05 HRSG PDC,null
32703,418,13,oranda.barter@kiewit.com,2026-09-15 19:05:41,null,null,DDP,,Manual,1,0,0,0,,,LOT,null,null,null,null,null,Phase A,null,null,null,null,2026-12-29,2026-12-29,2026-08-21,2025-10-31,null,2025-10-31,null,null,2026-08-21,2026-08-21,null,null,null,TRUE,4,SITE,,,null,null,2027-02-02,2027-01-15,null,null,null,null,null,null,null,,2027-02-02,PRO.PDC.1080,HRSG Power Distribution Center,Unit 06 HRSG PDC,Unit 06 HRSG PDC,null
32704,418,14,oranda.barter@kiewit.com,2026-09-15 19:05:41,null,null,DDP,,Manual,1,0,0,0,,,LOT,null,null,null,null,null,Phase C,null,null,null,null,2027-08-17,2027-08-17,null,2025-10-31,null,2025-10-31,null,null,null,null,null,null,null,TRUE,4,SITE,,,null,null,2027-08-31,2027-08-31,null,null,null,null,null,null,null,,2027-08-31,PRO.PDC.1050,HRSG Power Distribution Center,Unit 07 HRSG PDC,Unit 07 HRSG PDC,null
32705,418,15,oranda.barter@kiewit.com,2026-09-15 19:05:41,null,null,DDP,,Manual,1,0,0,0,,,LOT,null,null,null,null,null,Phase E,null,null,null,null,2027-12-09,2027-12-09,null,2025-10-31,null,2025-10-31,null,null,null,null,null,null,null,TRUE,4,SITE,,,null,null,2027-12-31,2027-12-31,null,null,null,null,null,null,null,,2027-12-31,PRO.PDC.1070,CTW Power Distribution Center,Unit 01 CTW PDC,Unit 01 CTW PDC,null
32706,418,16,oranda.barter@kiewit.com,2026-09-15 19:05:41,null,null,DDP,,Manual,1,0,0,0,,,LOT,null,null,null,null,null,Phase B,null,null,null,null,2027-05-14,2027-05-14,null,2025-10-31,null,2025-10-31,null,null,null,null,null,null,null,TRUE,4,SITE,,,null,null,2027-05-31,2027-05-31,null,null,null,null,null,null,null,,2027-05-31,PRO.PDC.1040,CTW Power Distribution Center,Unit 02 CTW PDC,Unit 02 CTW PDC,null
32707,418,17,oranda.barter@kiewit.com,2026-09-15 19:05:41,null,null,DDP,,Manual,1,0,0,0,,,LOT,null,null,null,null,null,Phase B,null,null,null,null,2027-05-14,2027-05-14,null,2025-10-31,null,2025-10-31,null,null,null,null,null,null,null,TRUE,4,SITE,,,null,null,2027-05-31,2027-05-31,null,null,null,null,null,null,null,,2027-05-31,PRO.PDC.1270,CTW Power Distribution Center,Unit 03 CTW PDC,Unit 03 CTW PDC,null
32708,418,18,oranda.barter@kiewit.com,2026-09-15 19:05:41,null,null,DDP,,Manual,1,0,0,0,,,LOT,null,null,null,null,null,Phase D,null,null,null,null,2027-10-15,2027-10-15,null,2025-10-31,null,2025-10-31,null,null,null,null,null,null,null,TRUE,4,SITE,,,null,null,2027-10-31,2027-10-31,null,null,null,null,null,null,null,,2027-10-31,PRO.PDC.1060,CTW Power Distribution Center,Unit 04 CTW PDC,Unit 04 CTW PDC,null
32709,418,19,oranda.barter@kiewit.com,2026-09-15 19:05:41,null,null,DDP,,Manual,1,0,0,0,,,LOT,null,null,null,null,null,Phase A,null,null,null,null,2026-12-10,2026-12-10,2026-07-29,2025-10-31,null,2025-10-31,null,null,2026-07-29,2026-07-29,null,null,null,TRUE,4,SITE,,,null,null,2026-12-17,2026-12-31,null,null,null,null,null,null,null,,2026-12-31,PRO.PDC.1230,CTW Power Distribution Center,Unit 05 CTW PDC,Unit 05 CTW PDC,null
32710,418,20,oranda.barter@kiewit.com,2026-09-15 19:05:41,null,null,DDP,,Manual,1,0,0,0,,,LOT,null,null,null,null,null,Phase A,null,null,null,null,2026-12-29,2026-12-29,2026-08-21,2025-10-31,null,2025-10-31,null,null,2026-08-21,2026-08-21,null,null,null,TRUE,4,SITE,,,null,null,2027-01-15,2027-01-15,null,null,null,null,null,null,null,,2027-01-15,PRO.PDC.1080,CTW Power Distribution Center,Unit 06 CTW PDC,Unit 06 CTW PDC,null
32711,418,21,oranda.barter@kiewit.com,2026-09-15 19:05:41,null,null,DDP,,Manual,1,0,0,0,,,LOT,null,null,null,null,null,Phase C,null,null,null,null,2027-08-17,2027-08-17,null,2025-10-31,null,2025-10-31,null,null,null,null,null,null,null,TRUE,4,SITE,,,null,null,2027-08-31,2027-08-31,null,null,null,null,null,null,null,,2027-08-31,PRO.PDC.1050,CTW Power Distribution Center,Unit 07 CTW PDC,Unit 07 CTW PDC,null
32712,418,22,oranda.barter@kiewit.com,2026-09-15 19:05:41,null,null,DDP,,Manual,1,0,0,0,,,LOT,null,null,null,null,null,Phase E,null,null,null,null,2027-12-09,2027-12-09,null,null,null,null,null,null,null,null,null,null,null,TRUE,4,SITE,,,null,null,2027-12-31,2027-12-31,null,null,null,null,null,null,null,,2027-12-31,PRO.PDC.1070,STG Building Electrical Room Loose Equipment,Unit 01 STG Building,Unit 01 STG Building,null
32713,418,23,oranda.barter@kiewit.com,2026-09-15 19:05:41,null,null,DDP,,Manual,1,0,0,0,,,LOT,null,null,null,null,null,Phase B,null,null,null,null,2027-05-14,2027-05-14,null,null,null,null,null,null,null,null,null,null,null,TRUE,4,SITE,,,null,null,2027-05-31,2027-05-31,null,null,null,null,null,null,null,,2027-05-31,PRO.PDC.1040,STG Building Electrical Room Loose Equipment,Unit 02 STG Building,Unit 02 STG Building,null
32714,418,24,oranda.barter@kiewit.com,2026-09-15 19:05:41,null,null,DDP,,Manual,1,0,0,0,,,LOT,null,null,null,null,null,Phase B,null,null,null,null,2027-05-14,2027-05-14,null,null,null,null,null,null,null,null,null,null,null,TRUE,4,SITE,,,null,null,2027-05-31,2027-05-31,null,null,null,null,null,null,null,,2027-05-31,PRO.PDC.1270,STG Building Electrical Room Loose Equipment,Unit 03 STG Building,Unit 03 STG Building,null
32715,418,25,oranda.barter@kiewit.com,2026-09-15 19:05:41,null,null,DDP,,Manual,1,0,0,0,,,LOT,null,null,null,null,null,Phase D,null,null,null,null,2027-10-15,2027-10-15,null,null,null,null,null,null,null,null,null,null,null,TRUE,4,SITE,,,null,null,2027-10-31,2027-10-31,null,null,null,null,null,null,null,,2027-10-31,PRO.PDC.1060,STG Building Electrical Room Loose Equipment,Unit 04 STG Building,Unit 04 STG Building,null
32716,418,26,oranda.barter@kiewit.com,2026-09-15 19:05:41,null,null,DDP,,Manual,1,0,0,0,,,LOT,null,null,null,null,null,Phase A,null,null,null,null,2026-12-10,2026-12-10,null,null,null,null,null,null,2026-11-20,2026-11-20,null,null,null,TRUE,4,SITE,,,null,null,2027-01-31,2026-12-31,null,null,null,null,null,null,null,,2027-01-21,PRO.PDC.1230,STG Building Electrical Room Loose Equipment,Unit 05 STG Building,Unit 05 STG Building,null
32717,418,27,oranda.barter@kiewit.com,2026-09-15 19:05:41,null,null,DDP,,Manual,1,0,0,0,,,LOT,null,null,null,null,null,Phase A,null,null,null,null,2026-12-29,2026-12-29,null,null,null,null,null,null,2026-12-10,2026-12-10,null,null,null,TRUE,4,SITE,,,null,null,2027-02-05,2027-01-15,null,null,null,null,null,null,null,,2027-02-05,PRO.PDC.1080,STG Building Electrical Room Loose Equipment,Unit 06 STG Building,Unit 06 STG Building,null
32718,418,28,oranda.barter@kiewit.com,2026-09-15 19:05:41,null,null,DDP,,Manual,1,0,0,0,,,LOT,null,null,null,null,null,Phase C,null,null,null,null,2027-08-17,2027-08-17,null,null,null,null,null,null,null,null,null,null,null,TRUE,4,SITE,,,null,null,2027-08-31,2027-08-31,null,null,null,null,null,null,null,,2027-08-31,PRO.PDC.1050,STG Building Electrical Room Loose Equipment,Unit 07 STG Building,Unit 07 STG Building,null
32719,418,29,oranda.barter@kiewit.com,2026-09-15 19:05:41,null,null,DDP,,Manual,1,0,1,0,,,LOT,null,null,null,null,null,,null,null,null,null,2027-04-12,2027-04-12,null,null,null,null,null,null,null,null,null,null,null,TRUE,4,SITE,,,null,null,2027-04-30,2027-04-30,null,null,null,null,null,null,null,,2027-04-30,PRO.PDC.1280,Fire Water/Storage Enclosure,00-MVC-ENC-01,00-MVC-ENC-01,null
32789,384,2.1,oranda.barter@kiewit.com,2026-09-16 11:50:16,null,null,DDP,,Manual,1,0,0,0,,,EA,null,null,null,null,null,,32786,null,null,null,null,null,null,null,null,null,null,null,null,null,null,null,null,TRUE,5,SITE,,,null,null,null,null,null,null,null,null,null,null,null,,2026-10-01,PRO.FP.1040,ELECTRONIC FIRE PUMP 01 MOTOR,00-FPS-MPM-01,00-FPS-ENC-01,null
32790,384,2.2,oranda.barter@kiewit.com,2026-09-16 11:50:16,null,null,DDP,,Manual,1,0,0,0,,,EA,null,null,null,null,null,,32786,null,null,null,null,null,null,null,null,null,null,null,null,null,null,null,null,TRUE,5,SITE,,,null,null,null,null,null,null,null,null,null,null,null,,2026-10-01,PRO.FP.1040,Electric Fire Pump Controller,00-FPS-CPL-01,00-FPS-ENC-01,null
32791,384,3.1,oranda.barter@kiewit.com,2026-09-16 11:50:16,null,null,DDP,,Manual,1,0,0,0,,,EA,null,null,null,null,null,,32787,null,null,null,null,null,null,null,null,null,null,null,null,null,null,null,null,TRUE,5,SITE,,,null,null,null,null,null,null,null,null,null,null,null,,2026-10-01,PRO.FP.1040,DIESEL FIRE PUMP MOTOR,00-FPS-DSL-02,00-FPS-ENC-01,null
32792,384,3.2,oranda.barter@kiewit.com,2026-09-16 11:50:16,null,null,DDP,,Manual,1,0,0,0,,,EA,null,null,null,null,null,,32787,null,null,null,null,null,null,null,null,null,null,null,null,null,null,null,null,TRUE,5,SITE,,,null,null,null,null,null,null,null,null,null,null,null,,2026-10-01,PRO.FP.1040,Diesel Fire Pump Controller,00-FPS-CPL-02,00-FPS-ENC-01,null
32793,384,3.3,oranda.barter@kiewit.com,2026-09-16 11:50:16,null,null,DDP,,Manual,1,0,0,0,,,EA,null,null,null,null,null,,32787,null,null,null,null,null,null,null,null,null,null,null,null,null,null,null,null,TRUE,5,SITE,,,null,null,null,null,null,null,null,null,null,null,null,,2026-10-01,PRO.FP.1040,DIESEL FUEL TANK,00-FPS-TNK-02,00-FPS-ENC-01,null
32794,384,4.1,oranda.barter@kiewit.com,2026-09-16 11:50:16,null,null,DDP,,Manual,1,0,0,0,,,EA,null,null,null,null,null,,32788,null,null,null,null,null,null,null,null,null,null,null,null,null,null,null,null,TRUE,5,SITE,,,null,null,null,null,null,null,null,null,null,null,null,,2026-10-01,PRO.FP.1040,JOCKEY FIRE PUMP MOTOR,00-FPS-MPM-03,00-FPS-ENC-01,null
32795,384,4.2,oranda.barter@kiewit.com,2026-09-16 11:50:16,null,null,DDP,,Manual,1,0,0,0,,,EA,null,null,null,null,null,,32788,null,null,null,null,null,null,null,null,null,null,null,null,null,null,null,null,TRUE,5,SITE,,,null,null,null,null,null,null,null,null,null,null,null,,2026-10-01,PRO.FP.1040,Jockey Fire Pump Controller ,00-FPS-CPL-03,00-FPS-ENC-01,null
32831,383,1,oranda.barter@kiewit.com,2026-09-16 16:11:31,null,null,DDP,,Manual,1,0,0,0,"Abilene, TX",,ea,2026-06-08,null,null,null,null,,null,2026-11-30,null,null,2026-11-30,2026-11-30,2026-07-27,2026-03-12,null,null,null,null,2026-07-27,2026-07-27,null,null,2026-06-08,TRUE,11,SITE,,,null,null,2026-12-15,2026-12-14,null,null,null,null,null,null,2026-11-30,,2026-12-15,PRO.ABG.1040,Aux Boiler Phase A,00-AXS-BLR-60,00-AXS-BLR-60,null
32832,383,2,oranda.barter@kiewit.com,2026-09-16 16:11:31,null,null,DDP,,Manual,1,0,0,0,"Abilene, TX",,ea,2026-06-08,null,null,null,null,,null,2026-11-30,null,null,2026-11-30,2026-11-30,2026-07-27,2026-03-12,null,null,null,null,2026-07-27,2026-07-27,null,null,2026-06-08,TRUE,11,SITE,,,null,null,2026-12-15,2026-12-14,null,null,null,null,null,null,2026-11-30,,2026-12-15,PRO.ABG.1040,Aux Boiler Deaerator Skid,00-AXS-DEA-60,00-AXS-BLR-60,null
32833,383,3,oranda.barter@kiewit.com,2026-09-16 16:11:31,null,null,DDP,,Manual,1,0,0,0,"Alantic, IA",,ea,2026-06-08,null,null,null,null,,null,2026-11-30,null,null,2026-11-30,2026-11-30,2026-07-27,2026-03-12,null,null,null,null,2026-07-27,2026-07-27,null,null,2026-06-08,TRUE,11,SITE,,,null,null,2026-12-15,2026-12-14,null,null,null,null,null,null,2026-11-30,,2026-12-15,PRO.ABG.1040,Blowdown Tank Phase A,00-AXS-TNK-60,00-AXS-BLR-60,null
32834,383,4,oranda.barter@kiewit.com,2026-09-16 16:11:31,null,null,DDP,,Manual,1,0,0,0,"Olive branch, MS",,ea,2026-06-08,null,null,null,null,,null,2026-11-30,null,null,2026-11-30,2026-11-30,2026-07-27,2026-03-12,null,null,null,null,2026-07-27,2026-07-27,null,null,2026-06-08,TRUE,11,SITE,,,null,null,2026-12-15,2026-12-14,null,null,null,null,null,null,2026-11-30,,2026-12-15,PRO.ABG.1040,Aux Boiler MBS PLC,00-AXS-CPL-60,00-AXS-BLR-60,null
32835,383,5,oranda.barter@kiewit.com,2026-09-16 16:11:31,null,null,DDP,,Manual,2,0,0,0,"Abilene, TX",,ea,2026-06-08,null,null,null,null,,null,2026-11-30,null,null,2026-11-30,2026-11-30,2026-07-27,2026-03-12,null,null,null,null,2026-07-27,2026-07-27,null,null,2026-06-08,TRUE,11,SITE,,,null,null,2026-12-15,2026-12-14,null,null,null,null,null,null,2026-11-30,,2026-12-15,PRO.ABG.1040,Aux Boiler Feed Pumps,00-AXS-PMP-60A/B,00-AXS-BLR-60,null
32836,383,6,oranda.barter@kiewit.com,2026-09-16 16:11:31,null,null,DDP,,Manual,2,0,0,0,"Abilene, TX",,ea,2026-06-08,null,null,null,null,,null,2026-11-30,null,null,2026-11-30,2026-11-30,2026-07-27,2026-03-12,null,null,null,null,2026-07-27,2026-07-27,null,null,2026-06-08,TRUE,11,SITE,,,null,null,2026-12-15,2026-12-14,null,null,null,null,null,null,2026-11-30,,2026-12-15,PRO.ABG.1040,Aux Boiler Feed Pump Motors,00-AXS-MPM-60A/B,00-AXS-BLR-60,null
32837,383,7,oranda.barter@kiewit.com,2026-09-16 16:11:31,null,null,DDP,,Manual,1,0,0,0,"Abilene, TX",,EA,2026-06-08,null,null,null,null,,null,2026-11-30,null,null,2026-11-30,2026-11-30,2026-07-27,2026-03-12,null,null,null,null,2026-07-27,2026-07-27,null,null,2026-06-08,TRUE,11,SITE,,,null,null,2026-12-15,2026-12-14,null,null,null,null,null,null,2026-11-30,,2026-12-15,PRO.ABG.1040,Mud Drum Heater Phase A,00-AXS-HTR-60,00-AXS-BLR-60,null
32838,383,8,oranda.barter@kiewit.com,2026-09-16 16:11:31,null,null,DDP,,Manual,1,0,0,0,"Abilene, TX",,ea,2026-06-08,null,null,null,null,,null,2027-03-15,null,null,2027-03-15,2027-03-15,null,2026-03-12,null,null,null,null,2026-11-19,2026-11-09,null,null,2026-06-08,TRUE,11,SITE,,,null,null,2027-04-01,2027-03-29,null,null,null,null,null,null,2027-03-15,,2027-04-01,PRO.ABG.1050,Aux Boiler Phase B,00-AXS-BLR-20,00-AXS-BLR-20,null
32839,383,9,oranda.barter@kiewit.com,2026-09-16 16:11:31,null,null,DDP,,Manual,1,0,0,0,"Abilene, TX",,ea,2026-06-08,null,null,null,null,,null,2027-03-15,null,null,2027-03-15,2027-03-15,null,2026-03-12,null,null,null,null,2026-11-19,2026-11-09,null,null,2026-06-08,TRUE,11,SITE,,,null,null,2027-04-01,2027-03-29,null,null,null,null,null,null,2027-03-15,,2027-04-01,PRO.ABG.1050,Aux Boiler Deaerator Skid,00-AXS-DEA-20,00-AXS-BLR-20,null
32840,383,10,oranda.barter@kiewit.com,2026-09-16 16:11:31,null,null,DDP,,Manual,1,0,0,0,"Alantic, IA",,ea,2026-06-08,null,null,null,null,,null,2027-03-15,null,null,2027-03-15,2027-03-15,null,2026-03-12,null,null,null,null,2026-11-19,2026-11-09,null,null,2026-06-08,TRUE,11,SITE,,,null,null,2027-04-01,2027-03-29,null,null,null,null,null,null,2027-03-15,,2027-04-01,PRO.ABG.1050,Blowdown Tank Phase B,00-AXS-TNK-20,00-AXS-BLR-20,null
32841,383,11,oranda.barter@kiewit.com,2026-09-16 16:11:31,null,null,DDP,,Manual,1,0,0,0,"Olive branch, MS",,ea,2026-06-08,null,null,null,null,,null,2027-03-15,null,null,2027-03-15,2027-03-15,null,2026-03-12,null,null,null,null,2026-11-19,2026-11-09,null,null,2026-06-08,TRUE,11,SITE,,,null,null,2027-04-01,2027-03-29,null,null,null,null,null,null,2027-03-15,,2027-04-01,PRO.ABG.1050,Aux Boiler MBS PLC,00-AXS-CPL-20,00-AXS-BLR-20,null
32842,383,12,oranda.barter@kiewit.com,2026-09-16 16:11:31,null,null,DDP,,Manual,1,0,0,0,"Abilene, TX",,ea,2026-06-08,null,null,null,null,,null,2027-03-15,null,null,2027-03-15,2027-03-15,null,2026-03-12,null,null,null,null,2026-11-19,2026-11-09,null,null,2026-06-08,TRUE,11,SITE,,,null,null,2027-04-01,2027-03-29,null,null,null,null,null,null,2027-03-15,,2027-04-01,PRO.ABG.1050,Aux Boiler Feed Pumps,00-AXS-PMP-20A/B,00-AXS-BLR-20,null
32843,383,13,oranda.barter@kiewit.com,2026-09-16 16:11:31,null,null,DDP,,Manual,1,0,0,0,"Abilene, TX",,ea,2026-06-08,null,null,null,null,,null,2027-03-15,null,null,2027-03-15,2027-03-15,null,2026-03-12,null,null,null,null,2026-11-19,2026-11-09,null,null,2026-06-08,TRUE,11,SITE,,,null,null,2027-04-01,2027-03-29,null,null,null,null,null,null,2027-03-15,,2027-04-01,PRO.ABG.1050,Aux Boiler Feed Pump Motors,00-AXS-MPM-20A/B,00-AXS-BLR-20,null
32844,383,14,oranda.barter@kiewit.com,2026-09-16 16:11:31,null,null,DDP,,Manual,1,0,0,0,"Abilene, TX",,ea,2026-06-08,null,null,null,null,,null,2027-03-15,null,null,2027-03-15,2027-03-15,null,2026-03-12,null,null,null,null,2026-11-19,2026-11-09,null,null,2026-06-08,TRUE,11,SITE,,,null,null,2027-04-01,2027-03-29,null,null,null,null,null,null,2027-03-15,,2027-04-01,PRO.ABG.1050,Mud Drum Heater Phase B,00-AXS-HTR-20,00-AXS-BLR-20,null
32888,399,1,oranda.barter@kiewit.com,2026-09-16 19:57:58,null,null,DDP,,Manual,1,0,0,0,,,EA,2026-06-26,2026-06-26,null,null,null,,null,2026-09-17,null,null,2026-09-07,2026-09-07,2026-04-13,null,null,null,null,null,2026-04-13,2026-04-13,null,null,2026-06-26,TRUE,3,SITE,,,null,null,2027-01-31,2027-01-31,null,null,null,null,null,null,2026-09-22,,2027-01-31,PRO.GSU.1030,467-GSU Transformers,05-CTG-GSU-XFR-01,05-CTG-GSU-XFR-01,null
32889,399,2,oranda.barter@kiewit.com,2026-09-16 19:57:58,null,null,DDP,,Manual,1,0,0,0,,,EA,2026-07-17,2026-07-17,null,null,null,,null,2026-10-02,null,null,2026-09-23,2026-09-23,2026-04-29,null,null,null,null,null,2026-04-29,2026-04-29,null,null,2026-07-17,TRUE,3,SITE,,,null,null,2027-01-31,2027-01-31,null,null,null,null,null,null,2026-10-12,,2027-01-31,PRO.GSU.1170,467-GSU Transformers,06-CTG-GSU-XFR-01,06-CTG-GSU-XFR-01,null
32890,399,3,oranda.barter@kiewit.com,2026-09-16 19:57:58,null,null,DDP,,Manual,1,0,0,0,,,EA,2026-07-27,2026-07-27,null,null,null,,null,2026-10-07,null,null,2026-09-28,2026-09-28,2026-05-13,null,null,null,null,null,2026-05-13,2026-05-13,null,null,2026-07-27,TRUE,3,SITE,,,null,null,2027-02-28,2027-02-28,null,null,null,null,null,null,2026-10-15,,2027-02-28,PRO.GSU.1040,467-GSU Transformers,02-CTG-GSU-XFR-01,02-CTG-GSU-XFR-01,null
32891,399,4,oranda.barter@kiewit.com,2026-09-16 19:57:58,null,null,DDP,,Manual,1,0,0,0,,,EA,2026-08-04,2026-08-04,null,null,null,,null,2026-10-19,null,null,2026-10-19,2026-10-07,2026-05-26,null,null,null,null,null,2026-05-26,2026-05-26,null,null,2026-08-04,TRUE,3,SITE,,,null,null,2027-02-28,2027-02-28,null,null,null,null,null,null,2026-10-29,,2027-02-28,PRO.GSU.1270,467-GSU Transformers,03-CTG-GSU-XFR-01,03-CTG-GSU-XFR-01,null
32892,399,5,oranda.barter@kiewit.com,2026-09-16 19:57:58,null,null,DDP,,Manual,1,0,0,0,,,EA,2026-08-28,2026-08-28,null,null,null,,null,2026-10-30,null,null,2026-10-28,2026-10-21,2026-06-12,null,null,null,null,null,2026-06-12,2026-06-12,null,null,null,TRUE,3,SITE,,,null,null,2027-03-31,2027-03-31,null,null,null,null,null,null,2026-11-06,,2027-03-31,PRO.GSU.1050,467-GSU Transformers,07-CTG-GSU-XFR-01,07-CTG-GSU-XFR-01,null
32893,399,6,oranda.barter@kiewit.com,2026-09-16 19:57:58,null,null,DDP,,Manual,1,0,0,0,,,EA,2026-09-04,2026-09-04,null,null,null,,null,2026-11-04,null,null,2026-11-02,2026-10-26,2026-06-25,null,null,null,null,null,2026-06-25,2026-06-25,null,null,null,TRUE,3,SITE,,,null,null,2027-03-31,2027-03-31,null,null,null,null,null,null,2026-11-11,,2027-04-30,PRO.GSU.1060,467-GSU Transformers,04-CTG-GSU-XFR-01,04-CTG-GSU-XFR-01,null
32894,399,7,oranda.barter@kiewit.com,2026-09-16 19:57:58,null,null,DDP,,Manual,1,0,0,0,,,EA,2026-09-10,2026-09-10,null,null,null,,null,2026-12-30,null,null,2026-12-14,2026-12-15,null,null,null,null,null,null,2026-08-10,2026-08-10,null,null,null,TRUE,3,SITE,,,null,null,2027-04-30,2027-04-30,null,null,null,null,null,null,2026-12-28,,2028-05-31,PRO.GSU.1070,467-GSU Transformers,01-CTG-GSU-XFR-01,01-CTG-GSU-XFR-01,null
32895,399,8,oranda.barter@kiewit.com,2026-09-16 19:57:58,null,null,DDP,,Manual,1,0,0,0,,,EA,2027-08-26,2027-08-26,null,null,null,,null,2027-11-17,null,null,2027-11-13,2027-11-08,null,null,null,null,null,null,2027-07-02,2027-07-02,null,null,null,TRUE,3,SITE,,,null,null,2028-05-31,2028-05-31,null,null,null,null,null,null,2027-11-26,,2028-05-31,,467-GSU Transformers,SPARE-CTG-GSU-XFR-01,SPARE-CTG-GSU-XFR-01,null
32896,399,9,oranda.barter@kiewit.com,2026-09-16 19:57:58,null,null,DDP,,Manual,1,0,0,0,,,EA,2027-09-01,2027-09-01,null,null,null,,null,2027-11-25,null,null,2027-11-22,2027-11-12,null,null,null,null,null,null,2027-07-08,2027-07-08,null,null,null,TRUE,3,SITE,,,null,null,2028-05-31,2028-05-31,null,null,null,null,null,null,2027-11-25,,2028-05-31,,467-GSU Transformers,SPARE-CTG-GSU-XFR-02,SPARE-CTG-GSU-XFR-02,null
32897,399,10,oranda.barter@kiewit.com,2026-09-16 19:57:58,null,null,DDP,,Manual,1,0,0,0,,,EA,2026-06-23,2026-06-23,null,null,null,,null,2026-09-23,null,null,2026-09-17,2026-09-14,2026-04-16,null,null,null,null,null,2026-04-16,2026-04-16,null,null,2026-06-23,TRUE,3,SITE,,,null,null,2027-01-31,2027-01-31,null,null,null,null,null,null,2026-09-28,,2027-01-31,PRO.GSU.1030,367-GSU Transformers,05-STG-GSU-XFR-02,05-GSU-XFR-02,null
32898,399,11,oranda.barter@kiewit.com,2026-09-16 19:57:58,null,null,DDP,,Manual,1,0,0,0,,,EA,2026-07-17,2026-07-17,null,null,null,,null,2026-09-29,null,null,2026-09-26,2026-09-18,2026-04-25,null,null,null,null,null,2026-04-25,2026-04-25,null,null,2026-07-17,TRUE,3,SITE,,,null,null,2027-01-31,2027-01-31,null,null,null,null,null,null,2026-10-07,,2027-01-31,PRO.GSU.1170,367-GSU Transformers,06-STG-GSU-XFR-02,06-GSU-XFR-02,null
32899,399,12,oranda.barter@kiewit.com,2026-09-16 19:57:58,null,null,DDP,,Manual,1,0,0,0,,,EA,2026-08-03,2026-08-03,null,null,null,,null,2026-10-13,null,null,2026-10-14,2026-10-02,2026-05-13,null,null,null,null,null,2026-05-13,2026-05-13,null,null,2026-08-03,TRUE,3,SITE,,,null,null,2027-02-28,2027-02-28,null,null,null,null,null,null,2026-10-23,,2027-02-28,PRO.GSU.1040,367-GSU Transformers,02-STG-GSU-XFR-02,02-GSU-XFR-02,null
32900,399,13,oranda.barter@kiewit.com,2026-09-16 19:57:58,null,null,DDP,,Manual,1,0,0,0,,,EA,2026-08-12,2026-08-12,null,null,null,,null,2026-10-27,null,null,2026-10-23,2026-10-16,2026-05-27,null,null,null,null,null,2026-05-27,2026-05-27,null,null,null,TRUE,3,SITE,,,null,null,2027-02-28,2027-02-28,null,null,null,null,null,null,2026-11-03,,2027-02-28,PRO.GSU.1270,367-GSU Transformers,03-STG-GSU-XFR-02,03-GSU-XFR-02,null
32901,399,14,oranda.barter@kiewit.com,2026-09-16 19:57:58,null,null,DDP,,Manual,1,0,0,0,,,EA,2026-09-07,2026-09-07,null,null,null,,null,2026-11-10,null,null,2026-11-06,2026-10-30,2026-06-15,null,null,null,null,null,2026-06-15,2026-06-15,null,null,null,TRUE,3,SITE,,,null,null,2027-03-31,2027-03-31,null,null,null,null,null,null,2026-11-17,,2027-03-31,PRO.GSU.1050,367-GSU Transformers,07-STG-GSU-XFR-02,07-GSU-XFR-02,null
32902,399,15,oranda.barter@kiewit.com,2026-09-16 19:57:58,null,null,DDP,,Manual,1,0,0,0,,,EA,2026-09-14,2026-09-14,null,null,null,,null,2026-11-13,null,null,2026-11-11,2026-11-11,2026-06-30,null,null,null,null,null,2026-06-30,2026-06-30,null,null,null,TRUE,3,SITE,,,null,null,2027-04-30,2027-04-30,null,null,null,null,null,null,2026-11-24,,2027-04-30,PRO.GSU.1060,367-GSU Transformers,04-STG-GSU-XFR-02,04-GSU-XFR-02,null
32903,399,16,oranda.barter@kiewit.com,2026-09-16 19:57:58,null,null,DDP,,Manual,1,0,0,0,,,EA,2026-09-21,2026-09-21,null,null,null,,null,2026-11-19,null,null,2026-11-16,2026-11-09,2026-07-17,null,null,null,null,null,2026-07-17,2026-07-17,null,null,null,TRUE,3,SITE,,,null,null,2027-04-30,2027-04-30,null,null,null,null,null,null,2026-11-27,,2028-05-31,PRO.GSU.1070,367-GSU Transformers,01-STG-GSU-XFR-02,01-GSU-XFR-02,null
32904,399,17,oranda.barter@kiewit.com,2026-09-16 19:57:58,null,null,DDP,,Manual,1,0,0,0,,,EA,2026-10-19,2026-10-19,null,null,null,,null,2026-12-10,null,null,2026-12-01,2026-12-01,2026-07-17,null,null,null,null,null,2026-07-17,2026-07-17,null,null,null,TRUE,3,SITE,,,null,null,2027-03-31,2027-03-31,null,null,null,null,null,null,2026-12-10,,2027-03-31,PRO.GSU.1280,767-GSU Transformers, 01-SWYD-XFR-01, 01-SWYD-XFR-01,null
32905,399,18,oranda.barter@kiewit.com,2026-09-16 19:57:58,null,null,DDP,,Manual,1,0,0,0,,,EA,2027-08-26,2027-08-26,null,null,null,,null,2027-11-09,null,null,2027-10-28,2027-10-28,null,null,null,null,null,null,2027-07-05,2027-07-05,null,null,null,TRUE,3,SITE,,,null,null,2028-05-31,2028-05-31,null,null,null,null,null,null,2027-11-09,,2028-05-31,,767-GSU Transformers, SPARE-SWYD-XFR-01, SPARE-SWYD-XFR-01,null
32906,399,19,oranda.barter@kiewit.com,2026-09-16 19:57:58,null,null,DDP,,Manual,1,0,0,0,,,EA,2027-09-02,2027-09-02,null,null,null,,null,2027-11-12,null,null,2027-11-03,2027-11-03,null,null,null,null,null,null,2027-07-13,2027-07-13,null,null,null,TRUE,3,SITE,,,null,null,2028-05-31,2028-05-31,null,null,null,null,null,null,2027-11-12,,2028-05-31,,767-GSU Transformers, SPARE-SWYD-XFR-02, SPARE-SWYD-XFR-02,null
33039,387,1,oranda.barter@kiewit.com,2026-09-21 13:21:05,null,null,DDP,,Manual,1,0,0,0,,,EA,2026-01-26,null,null,null,null,,null,null,null,null,2026-11-26,2026-11-26,2026-01-27,2025-11-24,null,null,null,null,2026-01-27,2026-01-27,null,null,2026-01-26,TRUE,12,Site,,,null,null,2027-01-27,2027-01-27,null,null,null,null,null,null,null,,2027-01-27,PRO.DEW.1070,Fuel Gas Heater Unit 1,01-FGS-HTR-01,0X-FGS-HTR-01,null
33042,387,4,oranda.barter@kiewit.com,2026-09-21 13:21:05,null,null,DDP,,Manual,1,0,0,0,,,EA,2026-01-26,null,null,null,null,,null,null,null,null,2026-10-26,2026-10-26,2026-01-27,2025-11-24,null,null,null,null,2026-01-27,2026-01-27,null,null,2026-01-26,TRUE,12,Site,,,null,null,2026-12-18,2026-12-18,null,null,null,null,null,null,null,,2026-12-18,PRO.DEW.1060,Fuel Gas Heater Unit 4,04-FGS-HTR-01,0X-FGS-HTR-04,null
33043,387,5,oranda.barter@kiewit.com,2026-09-21 13:21:05,null,null,DDP,,Manual,1,1,0,1,,,EA,2026-01-26,null,null,null,null,,null,2026-08-10,2026-08-13,null,2026-08-13,2026-07-31,2026-01-27,2025-11-24,null,null,null,null,2026-01-27,2026-01-27,null,null,2026-01-26,TRUE,12,Site,,,2026-08-27,null,2026-08-26,2026-07-27,null,null,null,null,2026-08-24,null,2026-08-17,,2026-07-27,PRO.DEW.1030,Fuel Gas Heater Unit 5,05-FGS-HTR-01,0X-FGS-HTR-05,null
33045,387,7,oranda.barter@kiewit.com,2026-09-21 13:21:05,null,null,DDP,,Manual,1,0,0,0,,,EA,2026-01-26,null,null,null,null,,null,null,null,null,2026-09-26,2026-09-26,2026-01-27,2025-11-24,null,null,null,null,2026-01-27,2026-01-27,null,null,2026-01-26,TRUE,12,Site,,,null,null,2026-11-10,2026-11-10,null,null,null,null,null,null,null,,2026-11-10,PRO.DEW.1050,Fuel Gas Heater Unit 7,07-FGS-HTR-01,0X-FGS-HTR-07,null
33078,405,1,oranda.barter@kiewit.com,2026-09-21 16:06:03,null,null,null,,Manual,1,1,0,1,,,EA,null,null,null,null,null,,null,2026-06-26,2026-06-23,null,null,null,2026-04-03,null,null,null,null,null,2026-04-03,2026-04-03,null,null,null,TRUE,6,Site,,,2026-07-01,null,2026-07-01,2026-07-01,null,null,null,null,2026-06-26,null,2026-06-26,,null,PRO.SFT.1550,Closed Cooling Water Head Tank,05-CCW-TNK-01,05-CCW-TNK-01,null
33079,405,2,oranda.barter@kiewit.com,2026-09-21 16:06:03,null,null,null,,Manual,1,1,0,1,,,EA,null,null,null,null,null,,null,2026-06-26,2026-06-23,null,null,null,2026-04-03,null,null,null,null,null,2026-04-03,2026-04-03,null,null,null,TRUE,6,Site,,,2026-07-01,null,2026-07-01,2026-07-01,null,null,null,null,2026-06-26,null,2026-06-26,,null,PRO.SFT.1530,Closed Cooling Water Head Tank,06-CCW-TNK-01,06-CCW-TNK-01,null
33080,405,3,oranda.barter@kiewit.com,2026-09-21 16:06:03,null,null,null,,Manual,1,1,0,0,,,EA,null,null,null,null,null,,null,2026-08-31,2026-06-23,null,2026-08-28,2026-08-28,2026-04-03,null,null,null,null,null,2026-04-03,2026-04-03,null,null,null,TRUE,6,Site,,,2026-07-01,null,2026-07-01,2026-09-03,null,null,null,null,2026-06-26,null,2026-08-31,,null,PRO.SFT.1490,Closed Cooling Water Head Tank,02-CCW-TNK-01,02-CCW-TNK-01,null
33081,405,4,oranda.barter@kiewit.com,2026-09-21 16:06:03,null,null,null,,Manual,1,1,0,0,,,EA,null,null,null,null,null,,null,2026-08-31,2026-06-23,null,2026-08-28,2026-08-28,2026-04-03,null,null,null,null,null,2026-04-03,2026-04-03,null,null,null,TRUE,6,Site,,,2026-07-01,null,2026-07-01,2026-09-03,null,null,null,null,2026-06-26,null,2026-08-31,,null,PRO.SFT.1540,Closed Cooling Water Head Tank,03-CCW-TNK-01,03-CCW-TNK-01,null
33084,405,7,oranda.barter@kiewit.com,2026-09-21 16:06:03,null,null,null,,Manual,1,1,0,1,,,EA,null,null,null,null,null,,null,2026-10-27,2026-08-19,null,2026-10-26,2026-10-26,2026-06-11,null,null,null,null,null,2026-06-11,2026-06-11,null,null,null,TRUE,6,Site,,,2026-08-31,null,2026-08-31,2026-11-01,null,null,null,null,2026-08-28,null,2026-10-27,,null,PRO.SFT.1520,Closed Cooling Water Head Tank,01-CCW-TNK-01,01-CCW-TNK-01,null
33085,405,8,oranda.barter@kiewit.com,2026-09-21 16:06:03,null,null,null,,Manual,1,0,0,0,,,EA,null,null,null,null,null,,null,2026-10-26,null,null,2026-10-23,2026-10-23,2026-06-11,null,null,null,null,null,2026-06-11,2026-06-11,null,null,null,TRUE,6,Site,,,null,null,2026-11-09,2026-11-01,null,null,null,null,null,null,2026-10-30,,null,PRO.SFT.1340,Steam Turbine Drains Tank,05-STP-TNK-01,05-STP-TNK-01,null
33086,405,9,oranda.barter@kiewit.com,2026-09-21 16:06:03,null,null,null,,Manual,1,0,0,0,,,EA,null,null,null,null,null,,null,2026-11-25,null,null,2026-10-23,2026-11-24,2026-06-11,null,null,null,null,null,2026-06-11,2026-06-11,null,null,null,TRUE,6,Site,,,null,null,2026-12-01,2026-12-01,null,null,null,null,null,null,2026-11-25,,null,PRO.SFT.1320,Steam Turbine Drains Tank,06-STP-TNK-01,06-STP-TNK-01,null
33087,405,10,oranda.barter@kiewit.com,2026-09-21 16:06:03,null,null,null,,Manual,1,0,0,0,,,EA,null,null,null,null,null,,null,2026-12-30,null,null,2026-12-29,2026-12-29,2026-06-22,null,null,null,null,null,2026-06-22,2026-06-22,null,null,null,TRUE,6,Site,,,null,null,2027-01-05,2027-01-05,null,null,null,null,null,null,2026-12-30,,null,PRO.SFT.1280,Steam Turbine Drains Tank,02-STP-TNK-01,02-STP-TNK-01,null
33088,405,11,oranda.barter@kiewit.com,2026-09-21 16:06:03,null,null,null,,Manual,1,0,0,0,,,EA,null,null,null,null,null,,null,2027-01-28,null,null,2026-12-29,2027-01-27,2026-06-22,null,null,null,null,null,2026-06-22,2026-06-22,null,null,null,TRUE,6,Site,,,null,null,2027-02-03,2027-02-03,null,null,null,null,null,null,2027-01-28,,null,PRO.SFT.1330,Steam Turbine Drains Tank,03-STP-TNK-01,03-STP-TNK-01,null
33089,405,12,oranda.barter@kiewit.com,2026-09-21 16:06:03,null,null,null,,Manual,1,0,0,0,,,EA,null,null,null,null,null,,null,2027-02-23,null,null,2027-02-22,2027-02-22,2026-06-29,null,null,null,null,null,2026-06-29,2026-06-29,null,null,null,TRUE,6,Site,,,null,null,2027-03-01,2027-03-01,null,null,null,null,null,null,2027-02-23,,null,PRO.SFT.1290,Steam Turbine Drains Tank,07-STP-TNK-01,07-STP-TNK-01,null
33090,405,13,oranda.barter@kiewit.com,2026-09-21 16:06:03,null,null,null,,Manual,1,0,0,0,,,EA,null,null,null,null,null,,null,2027-04-01,null,null,2027-03-31,2027-03-31,2026-07-23,null,null,null,null,null,2026-07-23,2026-07-23,null,null,null,TRUE,6,Site,,,null,null,2027-04-07,2027-04-07,null,null,null,null,null,null,2027-04-01,,null,PRO.SFT.1300,Steam Turbine Drains Tank,04-STP-TNK-01,04-STP-TNK-01,null
33091,405,14,oranda.barter@kiewit.com,2026-09-21 16:06:03,null,null,null,,Manual,1,0,0,0,,,EA,null,null,null,null,null,,null,2027-04-26,null,null,2027-04-23,2027-04-23,null,null,null,null,null,null,2026-08-17,2026-08-17,null,null,null,TRUE,6,Site,,,null,null,2027-05-01,2027-05-01,null,null,null,null,null,null,2027-04-26,,null,PRO.SFT.1310,Steam Turbine Drains Tank,01-STP-TNK-01,01-STP-TNK-01,null
33092,405,15,oranda.barter@kiewit.com,2026-09-21 16:06:03,null,null,null,,Manual,1,1,0,1,,,EA,null,null,null,null,null,,null,2026-11-24,2026-08-19,null,2026-11-17,2026-11-17,2026-05-25,null,null,null,null,null,2026-05-25,2026-05-25,null,null,null,TRUE,6,Site,,,2026-08-31,null,2026-08-31,2026-12-01,null,null,null,null,2026-08-28,null,2026-11-24,,null,PRO.SFT.1030,Fuel Gas Conditioning Drains Tank,05-FGS-TNK-01,05-FGS-TNK-01,null
33093,405,16,oranda.barter@kiewit.com,2026-09-21 16:06:03,null,null,null,,Manual,1,1,0,1,,,EA,null,null,null,null,null,,null,2026-11-24,2026-08-19,null,2026-11-17,2026-11-17,2026-05-25,null,null,null,null,null,2026-05-25,2026-05-25,null,null,null,TRUE,6,Site,,,2026-08-31,null,2026-08-31,2026-12-01,null,null,null,null,2026-08-28,null,2026-11-24,,null,PRO.SFT.1170,Fuel Gas Conditioning Drains Tank,06-FGS-TNK-01,06-FGS-TNK-01,null
33096,405,19,oranda.barter@kiewit.com,2026-09-21 16:06:03,null,null,null,,Manual,1,0,0,0,,,EA,null,null,null,null,null,,null,2027-06-11,2026-08-19,null,2026-08-19,2027-06-04,null,null,null,null,null,null,2026-12-17,2026-12-17,null,null,null,TRUE,6,Site,,,null,null,2027-06-17,2027-06-17,null,null,null,null,null,null,2027-06-11,,null,PRO.SFT.1050,Fuel Gas Conditioning Drains Tank,07-FGS-TNK-01,07-FGS-TNK-01,null
33097,405,20,oranda.barter@kiewit.com,2026-09-21 16:06:03,null,null,null,,Manual,1,0,0,0,,,EA,null,null,null,null,null,,null,2027-07-01,2026-08-19,null,2026-08-19,2027-06-24,null,null,null,null,null,null,2027-01-06,2027-01-06,null,null,null,TRUE,6,Site,,,null,null,2027-07-07,2027-07-07,null,null,null,null,null,null,2027-07-01,,null,PRO.SFT.1060,Fuel Gas Conditioning Drains Tank,04-FGS-TNK-01,04-FGS-TNK-01,null
33098,405,21,oranda.barter@kiewit.com,2026-09-21 16:06:03,null,null,null,,Manual,1,0,0,0,,,EA,null,null,null,null,null,,null,2027-06-25,2026-08-19,null,2026-08-19,2027-06-18,null,null,null,null,null,null,2026-12-31,2026-12-31,null,null,null,TRUE,6,Site,,,null,null,2027-07-01,2027-07-01,null,null,null,null,null,null,2027-06-25,,null,PRO.SFT.1070,Fuel Gas Conditioning Drains Tank,01-FGS-TNK-01,01-FGS-TNK-01,null
33099,405,22,oranda.barter@kiewit.com,2026-09-21 16:06:03,null,null,null,,Manual,1,0,0,0,,,EA,null,null,null,null,null,,null,2026-10-26,null,null,2026-10-19,2026-10-19,2026-06-01,null,null,null,null,null,2026-06-01,2026-06-01,null,null,null,TRUE,6,Site,,,null,null,2026-11-01,2026-11-01,null,null,null,null,null,null,2026-10-26,,null,PRO.SFT.1410,Aqueous Ammonia Storage Tank ,05-AQA-TNK-01,05-AQA-TNK-01,null
33100,405,23,oranda.barter@kiewit.com,2026-09-21 16:06:03,null,null,null,,Manual,1,0,0,0,,,EA,null,null,null,null,null,,null,2026-11-25,null,null,2026-10-19,2026-11-18,2026-06-15,null,null,null,null,null,2026-06-15,2026-06-15,null,null,null,TRUE,6,Site,,,null,null,2026-12-01,2026-12-01,null,null,null,null,null,null,2026-11-25,,null,PRO.SFT.1390,Aqueous Ammonia Storage Tank ,06-AQA-TNK-01,06-AQA-TNK-01,null
33101,405,24,oranda.barter@kiewit.com,2026-09-21 16:06:03,null,null,null,,Manual,1,0,0,0,,,EA,null,null,null,null,null,,null,2026-12-30,null,null,2026-12-23,2026-12-23,2026-06-22,null,null,null,null,null,2026-06-22,2026-06-22,null,null,null,TRUE,6,Site,,,null,null,2027-01-05,2027-01-05,null,null,null,null,null,null,2026-12-30,,null,PRO.SFT.1350,Aqueous Ammonia Storage Tank ,02-AQA-TNK-01,02-AQA-TNK-01,null
33102,405,25,oranda.barter@kiewit.com,2026-09-21 16:06:03,null,null,null,,Manual,1,0,0,0,,,EA,null,null,null,null,null,,null,2027-01-28,null,null,2026-12-23,2027-01-21,2026-06-22,null,null,null,null,null,2026-06-22,2026-06-22,null,null,null,TRUE,6,Site,,,null,null,2027-02-03,2027-02-03,null,null,null,null,null,null,2027-01-28,,null,PRO.SFT.1400,Aqueous Ammonia Storage Tank ,03-AQA-TNK-01,03-AQA-TNK-01,null
33103,405,26,oranda.barter@kiewit.com,2026-09-21 16:06:03,null,null,null,,Manual,1,0,0,0,,,EA,null,null,null,null,null,,null,2027-02-23,null,null,2027-02-16,2027-02-16,2026-06-29,null,null,null,null,null,2026-06-29,2026-06-29,null,null,null,TRUE,6,Site,,,null,null,2027-03-01,2027-03-01,null,null,null,null,null,null,2027-02-23,,null,PRO.SFT.1360,Aqueous Ammonia Storage Tank ,07-AQA-TNK-01,07-AQA-TNK-01,null
33104,405,27,oranda.barter@kiewit.com,2026-09-21 16:06:03,null,null,null,,Manual,1,0,0,0,,,EA,null,null,null,null,null,,null,2027-04-01,null,null,2027-03-24,2027-03-25,2026-07-16,null,null,null,null,null,2026-07-16,2026-07-16,null,null,null,TRUE,6,Site,,,null,null,2027-04-07,2027-04-07,null,null,null,null,null,null,2027-04-01,,null,PRO.SFT.1370,Aqueous Ammonia Storage Tank ,04-AQA-TNK-01,04-AQA-TNK-01,null
33105,405,28,oranda.barter@kiewit.com,2026-09-21 16:06:03,null,null,null,,Manual,1,0,0,0,,,EA,null,null,null,null,null,,null,2027-04-26,null,null,2027-04-16,2027-04-19,null,null,null,null,null,null,2026-08-10,2026-08-10,null,null,null,TRUE,6,Site,,,null,null,2027-05-01,2027-05-01,null,null,null,null,null,null,2027-04-26,,null,PRO.SFT.1380,Aqueous Ammonia Storage Tank ,01-AQA-TNK-01,01-AQA-TNK-01,null
33106,405,29,oranda.barter@kiewit.com,2026-09-21 16:06:03,null,null,null,,Manual,1,1,0,1,,,EA,null,null,null,null,null,,null,2026-06-26,2026-06-23,null,2026-06-23,2026-08-19,2026-04-20,null,null,null,null,null,2026-04-20,2026-04-20,null,null,null,TRUE,6,Site,,,2026-07-01,null,2026-07-01,2026-07-01,null,null,null,null,2026-06-26,null,2026-06-26,,null,PRO.SFT.1620,Sulfuric Acid Storage Tank,05-TCF-TNK-02,05-TCF-TNK-02,null
33107,405,30,oranda.barter@kiewit.com,2026-09-21 16:06:03,null,null,null,,Manual,1,1,0,1,,,EA,null,null,null,null,null,,null,2026-06-26,2026-06-23,null,2026-06-23,2026-08-19,2026-04-20,null,null,null,null,null,2026-04-20,2026-04-20,null,null,null,TRUE,6,Site,,,2026-07-01,null,2026-07-01,2026-07-01,null,null,null,null,2026-06-26,null,2026-06-26,,null,PRO.SFT.1600,Sulfuric Acid Storage Tank,06-TCF-TNK-02,06-TCF-TNK-02,null
33108,405,31,oranda.barter@kiewit.com,2026-09-21 16:06:03,null,null,null,,Manual,1,1,0,1,,,EA,null,null,null,null,null,,null,2026-08-31,2026-06-23,null,2026-06-23,2026-08-28,2026-04-27,null,null,null,null,null,2026-04-27,2026-04-27,null,null,null,TRUE,6,Site,,,2026-08-31,null,2026-08-31,2026-09-01,null,null,null,null,2026-08-28,null,2026-08-31,,null,PRO.SFT.1560,Sulfuric Acid Storage Tank,02-TCF-TNK-02,02-TCF-TNK-02,null
33109,405,32,oranda.barter@kiewit.com,2026-09-21 16:06:03,null,null,null,,Manual,1,1,0,1,,,EA,null,null,null,null,null,,null,2026-08-31,2026-06-23,null,2026-06-23,2026-08-28,2026-04-27,null,null,null,null,null,2026-04-27,2026-04-27,null,null,null,TRUE,6,Site,,,2026-08-31,null,2026-08-31,2026-09-03,null,null,null,null,2026-08-28,null,2026-08-31,,null,PRO.SFT.1610,Sulfuric Acid Storage Tank,03-TCF-TNK-02,03-TCF-TNK-02,null
33110,405,33,oranda.barter@kiewit.com,2026-09-21 16:06:03,null,null,null,,Manual,1,0,0,0,,,EA,null,null,null,null,null,,null,2026-12-10,2026-08-19,null,2026-08-19,2026-12-09,2026-06-29,null,null,null,null,null,2026-06-29,2026-06-29,null,null,null,TRUE,6,Site,,,null,null,2026-12-15,2026-12-15,null,null,null,null,null,null,2026-12-10,,null,PRO.SFT.1570,Sulfuric Acid Storage Tank,07-TCF-TNK-02,07-TCF-TNK-02,null
33111,405,34,oranda.barter@kiewit.com,2026-09-21 16:06:03,null,null,null,,Manual,1,0,0,0,,,EA,null,null,null,null,null,,null,2027-02-02,2026-08-19,null,2026-08-19,2027-02-01,null,null,null,null,null,null,2026-08-20,2026-08-20,null,null,null,TRUE,6,Site,,,null,null,2027-02-05,2027-02-05,null,null,null,null,null,null,2027-02-02,,null,PRO.SFT.1580,Sulfuric Acid Storage Tank,04-TCF-TNK-02,04-TCF-TNK-02,null
33112,405,35,oranda.barter@kiewit.com,2026-09-21 16:06:03,null,null,null,,Manual,1,0,0,0,,,EA,null,null,null,null,null,,null,2027-01-27,2026-08-19,null,2026-08-19,2027-01-26,null,null,null,null,null,null,2026-08-14,2026-08-14,null,null,null,TRUE,6,Site,,,null,null,2027-02-01,2027-02-01,null,null,null,null,null,null,2027-01-27,,null,PRO.SFT.1590,Sulfuric Acid Storage Tank,01-TCF-TNK-02,01-TCF-TNK-02,null
33461,391,5,oranda.barter@kiewit.com,2026-09-22 18:49:58,null,null,DDP,,Manual,2,0,0,0,India,,EA,2026-06-18,null,null,null,null,,null,2026-08-12,null,null,2026-08-27,2026-08-02,2026-06-03,2025-10-15,null,null,null,null,2026-06-03,2026-06-03,null,null,null,TRUE,10,SITE,,,null,null,2026-12-19,2026-12-09,null,null,null,null,null,null,2026-09-25,,2026-12-14,PRO.CNP.1040,CONDENSATE PUMPS,02-CND-PMP-01  A/B,02-CND-PMP-01  A/B,null
33462,391,6,oranda.barter@kiewit.com,2026-09-22 18:49:58,null,null,DDP,,Manual,2,0,0,0,India,,EA,2026-07-26,null,null,null,null,,null,2026-07-31,null,null,2026-08-27,2026-07-27,2026-06-25,2025-10-15,null,null,null,null,2026-06-25,2026-06-25,null,null,null,TRUE,10,SITE,,,null,null,2026-12-19,2026-12-09,null,null,null,null,null,null,2026-09-25,,2026-12-14,PRO.CNP.1040, CONDENSATE PUMP MOTORS,02-CND-MPM-01 A/B,02-CND-PMP-01 A/B,null
33463,391,7,oranda.barter@kiewit.com,2026-09-22 18:49:58,null,null,DDP,,Manual,2,0,0,0,India,,EA,2026-06-18,null,null,null,null,,null,2026-09-16,null,null,2026-08-27,2026-09-02,2026-06-25,2025-10-15,null,null,null,null,2026-06-25,2026-06-25,null,null,null,TRUE,10,SITE,,,null,null,2026-12-19,2026-11-25,null,null,null,null,null,null,2026-09-25,,2026-12-14,PRO.CNP.1270,CONDENSATE PUMPS,03-CND-PMP-01 A/B,03-CND-PMP-01 A/B,null
33464,391,8,oranda.barter@kiewit.com,2026-09-22 18:49:58,null,null,DDP,,Manual,2,0,0,0,India,,EA,2026-07-26,null,null,null,null,,null,2026-07-31,null,null,2026-08-27,2026-08-10,2026-06-25,2025-10-15,null,null,null,null,2026-06-25,2026-06-25,null,null,null,TRUE,10,SITE,,,null,null,2026-12-19,2026-11-25,null,null,null,null,null,null,2026-09-25,,2026-12-14,PRO.CNP.1270, CONDENSATE PUMP MOTORS,03-CND-MPM-01 A/B,03-CND-PMP-01 A/B,null
33465,391,9,oranda.barter@kiewit.com,2026-09-22 18:49:58,null,null,DDP,,Manual,2,0,0,0,India,,EA,2026-07-18,null,null,null,null,,null,2026-11-25,null,null,2026-09-29,2026-11-01,null,2025-10-15,null,null,null,null,2026-08-24,2026-08-24,null,null,null,TRUE,10,SITE,,,null,null,2027-01-06,2027-01-06,null,null,null,null,null,null,2026-10-14,,2027-01-11,PRO.CNP.1050,CONDENSATE PUMPS,07-CND-PMP-01 A/B,07-CND-PMP-01 A/B,null
33466,391,10,oranda.barter@kiewit.com,2026-09-22 18:49:58,null,null,DDP,,Manual,2,0,0,0,India,,EA,2026-08-07,null,null,null,null,,null,2026-11-12,null,null,2026-10-10,2026-10-10,2026-07-20,2025-10-15,null,null,null,null,2026-07-20,2026-07-20,null,null,null,TRUE,10,SITE,,,null,null,2027-01-06,2027-01-06,null,null,null,null,null,null,2026-11-12,,2027-01-11,PRO.CNP.1050, CONDENSATE PUMP MOTORS,07-CND-MPM-01 A/B,07-CND-PMP-01 A/B,null
33467,391,11,oranda.barter@kiewit.com,2026-09-22 18:49:58,null,null,DDP,,Manual,2,0,0,0,India,,EA,2026-08-07,null,null,null,null,,null,2026-09-16,null,null,2026-10-18,2026-09-05,2026-07-25,2025-10-15,null,null,null,null,2026-07-25,2026-07-25,null,null,null,TRUE,10,SITE,,,null,null,2027-02-03,2027-02-03,null,null,null,null,null,null,2026-11-11,,2027-02-08,PRO.CNP.1060,CONDENSATE PUMPS,04-CND-PMP-01  A/B,04-CND-PMP-01  A/B,null
33468,391,12,oranda.barter@kiewit.com,2026-09-22 18:49:58,null,null,DDP,,Manual,2,0,0,0,India,,EA,2026-08-07,null,null,null,null,,null,2026-07-31,null,null,2026-10-18,2026-08-12,2026-06-25,2025-10-15,null,null,null,null,2026-06-25,2026-06-25,null,null,null,TRUE,10,SITE,,,null,null,2027-02-03,2027-02-03,null,null,null,null,null,null,2026-11-11,,2027-02-08,PRO.CNP.1060, CONDENSATE PUMP MOTORS,04-CND-MPM-01 A/B,04-CND-PMP-01  A/B,null
33469,391,13,oranda.barter@kiewit.com,2026-09-22 18:49:58,null,null,DDP,,Manual,2,0,0,0,India,,EA,2026-08-17,null,null,null,null,,null,2026-08-12,null,null,2026-11-01,2026-07-30,2026-06-03,2025-10-15,null,null,null,null,2026-06-03,2026-06-03,null,null,null,TRUE,10,SITE,,,null,null,2027-02-17,2027-02-17,null,null,null,null,null,null,2026-11-25,,2027-02-22,PRO.CNP.1070,CONDENSATE PUMPS,01-CND-PMP-01 A/B,01-CND-PMP-01 A/B,null
33470,391,14,oranda.barter@kiewit.com,2026-09-22 18:49:58,null,null,DDP,,Manual,2,0,0,0,India,,EA,2026-08-07,null,null,null,null,,null,2026-06-28,null,null,2026-11-01,2026-07-15,2026-05-25,2025-10-15,null,null,null,null,2026-05-25,2026-05-25,null,null,null,TRUE,10,SITE,,,null,null,2027-02-17,2027-02-17,null,null,null,null,null,null,2026-11-25,,2027-02-22,PRO.CNP.1070, CONDENSATE PUMP MOTORS,01-CND-MPM-01 A/B,01-CND-PMP-01 A/B,null
33487,420,17,oranda.barter@kiewit.com,2026-09-22 20:39:15,null,null,DDP,,Manual,1,0,0,0,"NOGALES, MEXICO",,EA,null,null,null,null,null,,null,2026-12-17,null,null,2027-01-14,2026-12-16,2026-02-16,null,null,null,null,null,2026-02-16,null,null,null,null,TRUE,10,SITE,,,null,null,2026-12-23,2026-12-23,null,null,null,null,null,null,2026-12-17,,2027-01-15,PRO.DRY.1170,Power Block 6,06-SUS-XFR-11,06-SUS-XFR-11,null
33488,420,18,oranda.barter@kiewit.com,2026-09-22 20:39:15,null,null,DDP,,Manual,1,0,0,0,"NOGALES, MEXICO",,EA,null,null,null,null,null,,null,2026-12-17,null,null,2027-01-14,2026-12-16,2026-02-16,null,null,null,null,null,2026-02-16,null,null,null,null,TRUE,10,SITE,,,null,null,2026-12-23,2026-12-23,null,null,null,null,null,null,2026-12-17,,2027-01-15,PRO.DRY.1170,Power Block 6,06-SUS-XFR-12,06-SUS-XFR-12,null
33489,420,19,oranda.barter@kiewit.com,2026-09-22 20:39:15,null,null,DDP,,Manual,1,0,0,0,"NOGALES, MEXICO",,EA,null,null,null,null,null,,null,2026-12-17,null,null,2027-01-14,2026-12-16,2026-02-16,null,null,null,null,null,2026-02-16,null,null,null,null,TRUE,10,SITE,,,null,null,2026-12-23,2026-12-23,null,null,null,null,null,null,2026-12-17,,2027-01-15,PRO.DRY.1170,Power Block 6,06-SUS-XFR-21 ,06-SUS-XFR-21 ,null
33490,420,20,oranda.barter@kiewit.com,2026-09-22 20:39:15,null,null,DDP,,Manual,1,0,0,0,"NOGALES, MEXICO",,EA,null,null,null,null,null,,null,2027-05-05,null,null,2027-05-03,2027-05-04,2026-02-16,null,null,null,null,null,2026-02-16,null,null,null,null,TRUE,10,SITE,,,null,null,2027-05-11,2027-05-11,null,null,null,null,null,null,2027-04-26,,2027-05-31,PRO.DRY.1040,Power Block 2,02-SUS-XFR-11,02-SUS-XFR-11,null
33491,420,21,oranda.barter@kiewit.com,2026-09-22 20:39:15,null,null,DDP,,Manual,1,0,0,0,"NOGALES, MEXICO",,EA,null,null,null,null,null,,null,2027-05-05,null,null,2027-05-03,2027-05-04,2026-02-16,null,null,null,null,null,2026-02-16,null,null,null,null,TRUE,10,SITE,,,null,null,2027-05-11,2027-05-11,null,null,null,null,null,null,2027-04-26,,2027-05-31,PRO.DRY.1040,Power Block 2,02-SUS-XFR-12,02-SUS-XFR-12,null
33492,420,22,oranda.barter@kiewit.com,2026-09-22 20:39:15,null,null,DDP,,Manual,1,0,0,0,"NOGALES, MEXICO",,EA,null,null,null,null,null,,null,2027-05-05,null,null,2027-05-03,2027-05-04,2026-02-16,null,null,null,null,null,2026-02-16,null,null,null,null,TRUE,10,SITE,,,null,null,2027-05-11,2027-05-11,null,null,null,null,null,null,2027-04-26,,2027-05-31,PRO.DRY.1040,Power Block 2,02-SUS-XFR-21,02-SUS-XFR-21,null
33493,420,23,oranda.barter@kiewit.com,2026-09-22 20:39:15,null,null,DDP,,Manual,1,0,0,0,"NOGALES, MEXICO",,EA,null,null,null,null,null,,null,2027-05-19,null,null,2027-05-17,2027-05-18,2026-02-16,null,null,null,null,null,2026-02-16,null,null,null,null,TRUE,10,SITE,,,null,null,2027-05-25,2027-05-25,null,null,null,null,null,null,2027-05-11,,2027-05-31,PRO.DRY.1270,Power Block 3,03-SUS-XFR-11,03-SUS-XFR-11,null
33494,420,24,oranda.barter@kiewit.com,2026-09-22 20:39:15,null,null,DDP,,Manual,1,0,0,0,"NOGALES, MEXICO",,EA,null,null,null,null,null,,null,2027-05-19,null,null,2027-05-17,2027-05-18,2026-02-16,null,null,null,null,null,2026-02-16,null,null,null,null,TRUE,10,SITE,,,null,null,2027-05-25,2027-05-25,null,null,null,null,null,null,2027-05-11,,2027-05-31,PRO.DRY.1270,Power Block 3,03-SUS-XFR-12,03-SUS-XFR-12,null
33495,420,25,oranda.barter@kiewit.com,2026-09-22 20:39:15,null,null,DDP,,Manual,1,0,0,0,"NOGALES, MEXICO",,EA,null,null,null,null,null,,null,2027-05-19,null,null,2027-05-17,2027-05-18,2026-02-16,null,null,null,null,null,2026-02-16,null,null,null,null,TRUE,10,SITE,,,null,null,2027-05-25,2027-05-25,null,null,null,null,null,null,2027-05-11,,2027-05-31,PRO.DRY.1270,Power Block 3,03-SUS-XFR-21 ,03-SUS-XFR-21 ,null
33496,420,26,oranda.barter@kiewit.com,2026-09-22 20:39:15,null,null,DDP,,Manual,1,0,0,0,"NOGALES, MEXICO",,EA,null,null,null,null,null,,null,2027-08-25,null,null,2027-08-23,2027-08-24,2026-02-16,null,null,null,null,null,2026-02-16,null,null,null,null,TRUE,10,SITE,,,null,null,2027-08-31,2027-08-31,null,null,null,null,null,null,2027-08-25,,2027-08-31,PRO.DRY.1050,Power Block 7,07-SUS-XFR-11,07-SUS-XFR-11,null
33497,420,27,oranda.barter@kiewit.com,2026-09-22 20:39:15,null,null,DDP,,Manual,1,0,0,0,"NOGALES, MEXICO",,EA,null,null,null,null,null,,null,2027-08-25,null,null,2027-08-23,2027-08-24,2026-02-16,null,null,null,null,null,2026-02-16,null,null,null,null,TRUE,10,SITE,,,null,null,2027-08-31,2027-08-31,null,null,null,null,null,null,2027-08-25,,2027-08-31,PRO.DRY.1050,Power Block 7,07-SUS-XFR-12,07-SUS-XFR-12,null
33498,420,28,oranda.barter@kiewit.com,2026-09-22 20:39:15,null,null,DDP,,Manual,1,0,0,0,"NOGALES, MEXICO",,EA,null,null,null,null,null,,null,2027-08-25,null,null,2027-08-23,2027-08-24,2026-02-16,null,null,null,null,null,2026-02-16,null,null,null,null,TRUE,10,SITE,,,null,null,2027-08-31,2027-08-31,null,null,null,null,null,null,2027-08-25,,2027-08-31,PRO.DRY.1050,Power Block 7,07-SUS-XFR-21,07-SUS-XFR-21,null
33499,420,29,oranda.barter@kiewit.com,2026-09-22 20:39:15,null,null,DDP,,Manual,1,0,0,0,"NOGALES, MEXICO",,EA,null,null,null,null,null,,null,2027-10-22,null,null,2027-10-20,2027-10-21,2026-02-16,null,null,null,null,null,2026-02-16,null,null,null,null,TRUE,10,SITE,,,null,null,2027-10-28,2027-10-28,null,null,null,null,null,null,2027-10-28,,2027-10-31,PRO.DRY.1060,Power Block 4,04-SUS-XFR-11,04-SUS-XFR-11,null
33500,420,30,oranda.barter@kiewit.com,2026-09-22 20:39:15,null,null,DDP,,Manual,1,0,0,0,"NOGALES, MEXICO",,EA,null,null,null,null,null,,null,2027-10-22,null,null,2027-10-20,2027-10-21,2026-02-16,null,null,null,null,null,2026-02-16,null,null,null,null,TRUE,10,SITE,,,null,null,2027-10-28,2027-10-28,null,null,null,null,null,null,2027-10-28,,2027-10-31,PRO.DRY.1060,Power Block 4,04-SUS-XFR-12,04-SUS-XFR-12,null
33501,420,31,oranda.barter@kiewit.com,2026-09-22 20:39:15,null,null,DDP,,Manual,1,0,0,0,"NOGALES, MEXICO",,EA,null,null,null,null,null,,null,2027-10-22,null,null,2027-10-20,2027-10-21,2026-02-16,null,null,null,null,null,2026-02-16,null,null,null,null,TRUE,10,SITE,,,null,null,2027-10-28,2027-10-28,null,null,null,null,null,null,2027-10-28,,2027-10-31,PRO.DRY.1060,Power Block 4,04-SUS-XFR-21 ,04-SUS-XFR-21 ,null
33514,427,1,oranda.barter@kiewit.com,2026-09-23 12:27:35,null,null,DDP,,Manual,1,0,0,0,"Ivyland, PA",,EA,2026-05-31,null,null,null,null,PHASE E,null,2027-07-07,null,null,2027-07-06,2027-07-06,null,2026-04-14,null,null,null,null,2027-02-23,2027-02-23,null,null,null,TRUE,4,SITE,,,null,null,2027-07-09,2027-07-19,null,null,null,null,null,null,2027-07-07,,2027-07-19,PRO.SPCF.1070,Cycle Chemical Feed & Sample Panel Enclosures,01-SMP-ENC-01,01-SMP-ENC-01,null
33515,427,2,oranda.barter@kiewit.com,2026-09-23 12:27:35,null,null,DDP,,Manual,1,0,0,0,"Ivyland, PA",,EA,2026-05-31,null,null,null,null,PHASE B,null,2027-01-30,null,null,2027-01-25,2027-01-25,2026-07-13,2026-04-14,null,null,null,null,2026-09-01,2026-09-01,null,null,null,TRUE,4,SITE,,,null,null,2027-02-01,2027-02-09,null,null,null,null,null,null,2027-01-30,,2027-01-26,PRO.SPCF.1040,Cycle Chemical Feed & Sample Panel Enclosures,02-SMP-ENC-01,02-SMP-ENC-01,null
33516,427,3,oranda.barter@kiewit.com,2026-09-23 12:27:35,null,null,DDP,,Manual,1,0,0,0,"Ivyland, PA",,EA,2026-05-31,null,null,null,null,PHASE B,null,2027-02-17,null,null,2027-02-12,2027-02-12,2026-07-20,2026-04-14,null,null,null,null,2026-09-29,2026-09-29,null,null,null,TRUE,4,SITE,,,null,null,2027-02-19,2027-03-12,null,null,null,null,null,null,2027-02-17,,2027-03-05,PRO.SPCF.1270,Cycle Chemical Feed & Sample Panel Enclosures,03-SMP-ENC-01,03-SMP-ENC-01,null
33517,427,4,oranda.barter@kiewit.com,2026-09-23 12:27:35,null,null,DDP,,Manual,1,0,0,0,"Ivyland, PA",,EA,2026-05-31,null,null,null,null,PHASE D,null,2027-05-19,null,null,2027-05-18,2027-05-18,null,2026-04-14,null,null,null,null,2027-01-05,2027-01-05,null,null,null,TRUE,4,SITE,,,null,null,2027-05-21,2027-06-06,null,null,null,null,null,null,2027-05-19,,2027-06-06,PRO.SPCF.1060,Cycle Chemical Feed & Sample Panel Enclosures,04-SMP-ENC-01,04-SMP-ENC-01,null
33518,427,5,oranda.barter@kiewit.com,2026-09-23 12:27:35,null,null,DDP,,Manual,1,0,0,0,"Ivyland, PA",,EA,2026-05-31,null,null,null,null,PHASE A,null,2026-11-28,null,null,2026-11-23,2026-11-23,2026-07-13,2026-04-14,null,null,null,null,2026-06-09,2026-06-09,null,null,null,TRUE,4,SITE,,,null,null,2026-11-30,2026-12-03,null,null,null,null,null,null,2026-11-28,,2026-10-22,PRO.SPCF.1280,Cycle Chemical Feed & Sample Panel Enclosures,05-SMP-ENC-01,05-SMP-ENC-01,null
33519,427,6,oranda.barter@kiewit.com,2026-09-23 12:27:35,null,null,DDP,,Manual,1,0,0,0,"Ivyland, PA",,EA,2026-05-31,null,null,null,null,PHASE A,null,2027-01-02,null,null,2026-12-28,2026-12-28,2026-07-13,2026-04-14,null,null,null,null,2026-07-21,2026-07-21,null,null,null,TRUE,4,SITE,,,null,null,2027-01-04,2027-01-08,null,null,null,null,null,null,2027-01-02,,2026-12-11,PRO.SPCF.1170,Cycle Chemical Feed & Sample Panel Enclosures,06-SMP-ENC-01,06-SMP-ENC-01,null
33520,427,7,oranda.barter@kiewit.com,2026-09-23 12:27:35,null,null,DDP,,Manual,1,0,0,0,"Ivyland, PA",,EA,2026-05-31,null,null,null,null,PHASE C,null,2027-03-10,null,null,2027-03-09,2027-03-09,null,2026-04-14,null,null,null,null,2026-10-27,2026-10-27,null,null,null,TRUE,4,SITE,,,null,null,2027-03-12,2027-04-24,null,null,null,null,null,null,2027-03-10,,2027-04-24,PRO.SPCF.1050,Cycle Chemical Feed & Sample Panel Enclosures,07-SMP-ENC-01,07-SMP-ENC-01,null
33521,427,8,oranda.barter@kiewit.com,2026-09-23 12:27:35,null,null,DDP,,Manual,1,0,0,0,"Ivyland, PA",,EA,2026-05-31,null,null,null,null,PHASE E,null,2027-07-07,null,null,2027-07-06,2027-07-06,null,2026-04-14,null,null,null,null,2027-02-23,2027-02-23,null,null,null,TRUE,4,SITE,,,null,null,2027-07-09,2027-07-29,null,null,null,null,null,null,2027-07-07,,2027-07-29,PRO.SPCF.1070,Circulating Water Sample Panels,01-SMP-PNL-02,01-SMP-PNL-02,null
33522,427,9,oranda.barter@kiewit.com,2026-09-23 12:27:35,null,null,DDP,,Manual,1,0,0,0,"Ivyland, PA",,EA,2026-05-31,null,null,null,null,PHASE B,null,2027-01-13,null,null,2027-01-12,2027-01-12,null,2026-04-14,null,null,null,null,2026-09-01,2026-09-01,null,null,null,TRUE,4,SITE,,,null,null,2027-01-15,2027-02-19,null,null,null,null,null,null,2027-01-13,,2027-02-19,PRO.SPCF.1040,Circulating Water Sample Panels,02-SMP-PNL-02,02-SMP-PNL-02,null
33523,427,10,oranda.barter@kiewit.com,2026-09-23 12:27:35,null,null,DDP,,Manual,1,0,0,0,"Ivyland, PA",,EA,2026-05-31,null,null,null,null,PHASE B,null,2027-02-10,null,null,2027-02-09,2027-02-09,null,2026-04-14,null,null,null,null,2026-09-29,2026-09-29,null,null,null,TRUE,4,SITE,,,null,null,2027-02-12,2027-02-19,null,null,null,null,null,null,2027-02-10,,2027-02-19,PRO.SPCF.1270,Circulating Water Sample Panels,03-SMP-PNL-02,03-SMP-PNL-02,null
33524,427,11,oranda.barter@kiewit.com,2026-09-23 12:27:35,null,null,DDP,,Manual,1,0,0,0,"Ivyland, PA",,EA,2026-05-31,null,null,null,null,PHASE D,null,2027-05-19,null,null,2027-05-18,2027-05-18,null,2026-04-14,null,null,null,null,2027-01-05,2027-01-05,null,null,null,TRUE,4,SITE,,,null,null,2027-05-21,2027-05-29,null,null,null,null,null,null,2027-05-19,,2027-05-29,PRO.SPCF.1060,Circulating Water Sample Panels,04-SMP-PNL-02,04-SMP-PNL-02,null
33525,427,12,oranda.barter@kiewit.com,2026-09-23 12:27:35,null,null,DDP,,Manual,1,0,0,0,"Ivyland, PA",,EA,2026-05-31,null,null,null,null,PHASE A,null,2026-12-02,null,null,2026-10-20,2026-10-20,null,2026-04-14,null,null,null,null,2026-06-09,2026-06-09,null,null,null,TRUE,4,SITE,,,null,null,2026-12-04,2026-12-11,null,null,null,null,null,null,2026-12-02,,2026-12-11,PRO.SPCF.1280,Circulating Water Sample Panels,05-SMP-PNL-02,05-SMP-PNL-02,null
33526,427,13,oranda.barter@kiewit.com,2026-09-23 12:27:35,null,null,DDP,,Manual,1,0,0,0,"Ivyland, PA",,EA,2026-05-31,null,null,null,null,PHASE A,null,2026-12-02,null,null,2026-12-01,2026-12-01,null,2026-04-14,null,null,null,null,2026-07-21,2026-07-21,null,null,null,TRUE,4,SITE,,,null,null,2026-12-04,2026-12-11,null,null,null,null,null,null,2026-12-02,,2026-12-11,PRO.SPCF.1170,Circulating Water Sample Panels,06-SMP-PNL-02,06-SMP-PNL-02,null
33527,427,14,oranda.barter@kiewit.com,2026-09-23 12:27:35,null,null,DDP,,Manual,1,0,0,0,"Ivyland, PA",,EA,2026-05-31,null,null,null,null,PHASE C,null,2027-03-10,null,null,2027-03-09,2027-03-09,null,2026-04-14,null,null,null,null,2026-10-27,2026-10-27,null,null,null,TRUE,4,SITE,,,null,null,2027-03-12,2027-03-29,null,null,null,null,null,null,2027-03-10,,2027-03-29,PRO.SPCF.1050,Circulating Water Sample Panels,07-SMP-PNL-02,07-SMP-PNL-02,null
33528,427,15,oranda.barter@kiewit.com,2026-09-23 12:27:35,null,null,DDP,,Manual,1,0,0,0,"Ivyland, PA",,EA,2026-05-31,null,null,null,null,PHASE E,null,2027-07-07,null,null,2027-07-06,2027-07-06,null,2026-04-14,null,null,null,null,2027-02-23,2027-02-23,null,null,null,TRUE,4,SITE,,,null,null,2027-07-09,2027-07-29,null,null,null,null,null,null,2027-07-07,,2027-07-29,PRO.SPCF.1070,Cooling Tower Chemical Feed Enclosures,01-TCF-ENC-01,01-TCF-ENC-01,null
33529,427,16,oranda.barter@kiewit.com,2026-09-23 12:27:35,null,null,DDP,,Manual,1,0,0,0,"Ivyland, PA",,EA,2026-05-31,null,null,null,null,PHASE B,null,2027-01-13,null,null,2027-01-12,2027-01-12,null,2026-04-14,null,null,null,null,2026-09-01,2026-09-01,null,null,null,TRUE,4,SITE,,,null,null,2027-01-15,2027-01-26,null,null,null,null,null,null,2027-01-13,,2027-01-26,PRO.SPCF.1040,Cooling Tower Chemical Feed Enclosures,02-TCF-ENC-01,02-TCF-ENC-01,null
33530,427,17,oranda.barter@kiewit.com,2026-09-23 12:27:35,null,null,DDP,,Manual,1,0,0,0,"Ivyland, PA",,EA,2026-05-31,null,null,null,null,PHASE B,null,2027-02-10,null,null,2027-02-09,2027-02-09,null,2026-04-14,null,null,null,null,2026-09-29,2026-09-29,null,null,null,TRUE,4,SITE,,,null,null,2027-02-12,2027-03-05,null,null,null,null,null,null,2027-02-10,,2027-03-05,PRO.SPCF.1270,Cooling Tower Chemical Feed Enclosures,03-TCF-ENC-01,03-TCF-ENC-01,null
33531,427,18,oranda.barter@kiewit.com,2026-09-23 12:27:35,null,null,DDP,,Manual,1,0,0,0,"Ivyland, PA",,EA,2026-05-31,null,null,null,null,PHASE D,null,2027-05-19,null,null,2027-05-18,2027-05-18,null,2026-04-14,null,null,null,null,2027-01-05,2027-01-05,null,null,null,TRUE,4,SITE,,,null,null,2027-05-21,2027-06-06,null,null,null,null,null,null,2027-05-19,,2027-06-06,PRO.SPCF.1060,Cooling Tower Chemical Feed Enclosures,04-TCF-ENC-01,04-TCF-ENC-01,null
33532,427,19,oranda.barter@kiewit.com,2026-09-23 12:27:35,null,null,DDP,,Manual,1,0,0,0,"Ivyland, PA",,EA,2026-05-31,null,null,null,null,PHASE A,null,2026-10-21,null,null,2026-10-20,2026-10-20,null,2026-04-14,null,null,null,null,2026-06-09,2026-06-09,null,null,null,TRUE,4,SITE,,,null,null,2026-10-23,2026-10-29,null,null,null,null,null,null,2026-10-21,,2026-10-29,PRO.SPCF.1280,Cooling Tower Chemical Feed Enclosures,05-TCF-ENC-01,05-TCF-ENC-01,null
33533,427,20,oranda.barter@kiewit.com,2026-09-23 12:27:35,null,null,DDP,,Manual,1,0,0,0,"Ivyland, PA",,EA,2026-05-31,null,null,null,null,PHASE A,null,2026-12-02,null,null,2026-12-01,2026-12-01,null,2026-04-14,null,null,null,null,2026-07-21,2026-07-21,null,null,null,TRUE,4,SITE,,,null,null,2026-12-04,2026-12-11,null,null,null,null,null,null,2026-12-02,,2026-12-11,PRO.SPCF.1170,Cooling Tower Chemical Feed Enclosures,06-TCF-ENC-01,06-TCF-ENC-01,null
33534,427,21,oranda.barter@kiewit.com,2026-09-23 12:27:35,null,null,DDP,,Manual,1,0,0,0,"Ivyland, PA",,EA,2026-05-31,null,null,null,null,PHASE C,null,2027-03-10,null,null,2027-03-09,2027-03-09,null,2026-04-14,null,null,null,null,2026-10-27,2026-10-27,null,null,null,TRUE,4,SITE,,,null,null,2027-03-12,2027-04-24,null,null,null,null,null,null,2027-03-10,,2027-04-24,PRO.SPCF.1050,Cooling Tower Chemical Feed Enclosures,07-TCF-ENC-01,07-TCF-ENC-01,null
33535,427,22,oranda.barter@kiewit.com,2026-09-23 12:27:35,null,null,DDP,,Manual,1,0,0,0,"Ivyland, PA",,EA,2026-05-31,null,null,null,null,PHASE A,null,2026-12-02,null,null,2026-12-01,2026-12-01,null,2026-04-14,null,null,null,null,2026-07-21,2026-07-21,null,null,null,TRUE,4,SITE,,,null,null,2026-12-04,2026-12-11,null,null,null,null,null,null,2026-12-02,,2026-12-11,,Fire Water Chem Feed Enclosure,00-CCF-ENC-01,00-CCF-ENC-01,null
33536,427,23,oranda.barter@kiewit.com,2026-09-23 12:27:35,null,null,DDP,,Manual,1,0,0,0,"Ivyland, PA",,EA,2026-05-31,null,null,null,null,PHASE A,null,2026-12-02,null,null,2026-12-01,2026-12-01,null,2026-04-14,null,null,null,null,2026-07-21,2026-07-21,null,null,null,TRUE,4,SITE,,,null,null,2026-12-04,2026-12-11,null,null,null,null,null,null,2026-12-02,,2026-12-11,PRO.SPCF.1070,24 Hour Composite Sampler 1,01-WDR-SKD-01,01-WDR-SKD-01,null
33537,427,24,oranda.barter@kiewit.com,2026-09-23 12:27:35,null,null,DDP,,Manual,1,0,0,0,"Ivyland, PA",,EA,2026-05-31,null,null,null,null,PHASE E,null,2027-07-07,null,null,2027-07-06,2027-07-06,null,2026-04-14,null,null,null,null,2027-02-23,2027-02-23,null,null,null,TRUE,4,SITE,,,null,null,2027-07-09,2027-07-19,null,null,null,null,null,null,2027-07-07,,2027-07-19,PRO.SPCF.1070,Condensate Ammonia Feed Skid,01-CCF-SKD-01,01-CCF-SKD-01,null
33538,427,25,oranda.barter@kiewit.com,2026-09-23 12:27:35,null,null,DDP,,Manual,1,0,0,0,"Ivyland, PA",,EA,2026-05-31,null,null,null,null,PHASE B,null,2027-01-30,null,null,2027-01-25,2027-01-25,null,2026-04-14,null,null,null,null,2026-09-01,2026-09-01,null,null,null,TRUE,4,SITE,,,null,null,2027-02-01,2027-02-09,null,null,null,null,null,null,2027-01-30,,2027-02-19,PRO.SPCF.1040,Condensate Ammonia Feed Skid,02-CCF-SKD-01,02-CCF-SKD-01,null
33539,427,26,oranda.barter@kiewit.com,2026-09-23 12:27:35,null,null,DDP,,Manual,1,0,0,0,"Ivyland, PA",,EA,2026-05-31,null,null,null,null,PHASE B,null,2027-02-17,null,null,2027-02-12,2027-02-12,null,2026-04-14,null,null,null,null,2026-09-29,2026-09-29,null,null,null,TRUE,4,SITE,,,null,null,2027-02-19,2027-03-12,null,null,null,null,null,null,2027-02-17,,2027-02-19,PRO.SPCF.1270,Condensate Ammonia Feed Skid,03-CCF-SKD-01,03-CCF-SKD-01,null
33540,427,27,oranda.barter@kiewit.com,2026-09-23 12:27:35,null,null,DDP,,Manual,1,0,0,0,"Ivyland, PA",,EA,2026-05-31,null,null,null,null,PHASE D,null,2027-05-19,null,null,2027-05-18,2027-05-18,null,2026-04-14,null,null,null,null,2027-01-05,2027-01-05,null,null,null,TRUE,4,SITE,,,null,null,2027-05-21,2027-06-06,null,null,null,null,null,null,2027-05-19,,2027-06-06,PRO.SPCF.1060,Condensate Ammonia Feed Skid,04-CCF-SKD-01,04-CCF-SKD-01,null
33541,427,28,oranda.barter@kiewit.com,2026-09-23 12:27:35,null,null,DDP,,Manual,1,0,0,0,"Ivyland, PA",,EA,2026-05-31,null,null,null,null,PHASE A,null,2026-11-28,null,null,2026-11-23,2026-11-23,2026-07-13,2026-04-14,null,null,null,null,2026-06-09,2026-06-09,null,null,null,TRUE,4,SITE,,,null,null,2026-11-30,2026-12-03,null,null,null,null,null,null,2026-11-28,,2026-12-11,PRO.SPCF.1280,Condensate Ammonia Feed Skid,05-CCF-SKD-01,05-CCF-SKD-01,null
33542,427,29,oranda.barter@kiewit.com,2026-09-23 12:27:35,null,null,DDP,,Manual,1,0,0,0,"Ivyland, PA",,EA,2026-05-31,null,null,null,null,PHASE A,null,2027-01-02,null,null,2026-12-28,2026-12-28,2026-07-13,2026-04-14,null,null,null,null,2026-07-21,2026-07-21,null,null,null,TRUE,4,SITE,,,null,null,2027-01-04,2027-01-08,null,null,null,null,null,null,2027-01-02,,2026-12-11,PRO.SPCF.1170,Condensate Ammonia Feed Skid,06-CCF-SKD-01,06-CCF-SKD-01,null
33543,427,30,oranda.barter@kiewit.com,2026-09-23 12:27:35,null,null,DDP,,Manual,1,0,0,0,"Ivyland, PA",,EA,2026-05-31,null,null,null,null,PHASE C,null,2027-03-10,null,null,2027-03-09,2027-03-09,null,2026-04-14,null,null,null,null,2026-10-27,2026-10-27,null,null,null,TRUE,4,SITE,,,null,null,2027-03-12,2027-04-24,null,null,null,null,null,null,2027-03-10,,2027-03-24,PRO.SPCF.1050,Condensate Ammonia Feed Skid,07-CCF-SKD-01,07-CCF-SKD-01,null
33544,427,31,oranda.barter@kiewit.com,2026-09-23 12:27:35,null,null,DDP,,Manual,1,0,0,0,"Ivyland, PA",,EA,2026-05-31,null,null,null,null,PHASE E,null,2027-07-07,null,null,2027-07-06,2027-07-06,null,2026-04-14,null,null,null,null,2027-02-23,2027-02-23,null,null,null,TRUE,4,SITE,,,null,null,2027-07-09,2027-07-29,null,null,null,null,null,null,2027-07-07,,2027-07-29,PRO.SPCF.1070,Sodium Hypochlorite Tank,01-TCF-TNK-01,01-TCF-TNK-01,null
33545,427,32,oranda.barter@kiewit.com,2026-09-23 12:27:35,null,null,DDP,,Manual,1,0,0,0,"Ivyland, PA",,EA,2026-05-31,null,null,null,null,PHASE B,null,2027-01-13,null,null,2027-01-12,2027-01-12,null,2026-04-14,null,null,null,null,2026-09-01,2026-09-01,null,null,null,TRUE,4,SITE,,,null,null,2027-01-15,2027-03-05,null,null,null,null,null,null,2027-01-13,,2027-03-05,PRO.SPCF.1040,Sodium Hypochlorite Tank,02-TCF-TNK-01,02-TCF-TNK-01,null
33546,427,33,oranda.barter@kiewit.com,2026-09-23 12:27:35,null,null,DDP,,Manual,1,0,0,0,"Ivyland, PA",,EA,2026-05-31,null,null,null,null,PHASE B,null,2027-01-24,null,null,2027-02-09,2027-02-09,null,2026-04-14,null,null,null,null,2026-09-29,2026-09-29,null,null,null,TRUE,4,SITE,,,null,null,2027-01-26,2027-03-05,null,null,null,null,null,null,2027-01-24,,2027-03-05,PRO.SPCF.1270,Sodium Hypochlorite Tank,03-TCF-TNK-01,03-TCF-TNK-01,null
33547,427,34,oranda.barter@kiewit.com,2026-09-23 12:27:35,null,null,DDP,,Manual,1,0,0,0,"Ivyland, PA",,EA,2026-05-31,null,null,null,null,PHASE D,null,2027-05-19,null,null,2027-05-18,2027-05-18,null,2026-04-14,null,null,null,null,2027-01-05,2027-01-05,null,null,null,TRUE,4,SITE,,,null,null,2027-05-21,2027-06-06,null,null,null,null,null,null,2027-05-19,,2027-06-06,PRO.SPCF.1060,Sodium Hypochlorite Tank,04-TCF-TNK-01,04-TCF-TNK-01,null
33548,427,35,oranda.barter@kiewit.com,2026-09-23 12:27:35,null,null,DDP,,Manual,1,0,0,0,"Ivyland, PA",,EA,2026-05-31,null,null,null,null,PHASE A,null,2026-10-21,null,null,2026-10-20,2026-10-20,null,2026-04-14,null,null,null,null,2026-06-09,2026-06-09,null,null,null,TRUE,4,SITE,,,null,null,2026-10-29,2026-10-29,null,null,null,null,null,null,2026-10-21,,2026-12-11,PRO.SPCF.1280,Sodium Hypochlorite Tank,05-TCF-TNK-01,05-TCF-TNK-01,null
33549,427,36,oranda.barter@kiewit.com,2026-09-23 12:27:35,null,null,DDP,,Manual,1,0,0,0,"Ivyland, PA",,EA,2026-05-31,null,null,null,null,PHASE A,null,2026-12-02,null,null,2026-12-01,2026-12-01,null,2026-04-14,null,null,null,null,2026-07-21,2026-07-21,null,null,null,TRUE,4,SITE,,,null,null,2026-10-29,2026-12-11,null,null,null,null,null,null,2026-12-02,,2026-12-11,PRO.SPCF.1170,Sodium Hypochlorite Tank,06-TCF-TNK-01,06-TCF-TNK-01,null
33550,427,37,oranda.barter@kiewit.com,2026-09-23 12:27:35,null,null,DDP,,Manual,1,0,0,0,"Ivyland, PA",,EA,2026-05-31,null,null,null,null,PHASE C,null,2027-03-10,null,null,2027-03-09,2027-03-09,null,2026-04-14,null,null,null,null,2026-10-27,2026-10-27,null,null,null,TRUE,4,SITE,,,null,null,2027-03-12,2027-04-24,null,null,null,null,null,null,2027-03-10,,2027-04-24,PRO.SPCF.1050,Sodium Hypochlorite Tank,07-TCF-TNK-01,07-TCF-TNK-01,null
33551,427,38,oranda.barter@kiewit.com,2026-09-23 12:27:35,null,null,DDP,,Manual,1,0,0,0,"Ivyland, PA",,EA,2026-05-31,null,null,null,null,PHASE E,null,2027-07-07,null,null,2027-07-06,2027-07-06,null,2026-04-14,null,null,null,null,2027-02-23,2027-02-23,null,null,null,TRUE,4,SITE,,,null,null,2027-07-09,2027-07-19,null,null,null,null,null,null,2027-07-07,,2027-07-29,PRO.SPCF.1070,    IP Phosphate Feed Pump Skid,01-CCF-SKD-02,01-CCF-SKD-02,null
33552,427,39,oranda.barter@kiewit.com,2026-09-23 12:27:35,null,null,DDP,,Manual,1,0,0,0,"Ivyland, PA",,EA,2026-05-31,null,null,null,null,PHASE B,null,2027-01-30,null,null,2027-01-25,2027-01-25,null,2026-04-14,null,null,null,null,2026-09-01,2026-09-01,null,null,null,TRUE,4,SITE,,,null,null,2027-02-01,2027-02-09,null,null,null,null,null,null,2027-01-30,,2027-03-05,PRO.SPCF.1040,    IP Phosphate Feed Pump Skid,02-CCF-SKD-02,02-CCF-SKD-02,null
33553,427,40,oranda.barter@kiewit.com,2026-09-23 12:27:35,null,null,DDP,,Manual,1,0,0,0,"Ivyland, PA",,EA,2026-05-31,null,null,null,null,PHASE B,null,2027-02-17,null,null,2027-02-12,2027-02-12,null,2026-04-14,null,null,null,null,2026-09-29,2026-09-29,null,null,null,TRUE,4,SITE,,,null,null,2027-02-19,2027-03-12,null,null,null,null,null,null,2027-02-17,,2027-03-05,PRO.SPCF.1270,    IP Phosphate Feed Pump Skid,03-CCF-SKD-02,03-CCF-SKD-02,null
33554,427,41,oranda.barter@kiewit.com,2026-09-23 12:27:35,null,null,DDP,,Manual,1,0,0,0,"Ivyland, PA",,EA,2026-05-31,null,null,null,null,PHASE D,null,2027-05-19,null,null,2027-05-18,2027-05-18,null,2026-04-14,null,null,null,null,2027-01-05,2027-01-05,null,null,null,TRUE,4,SITE,,,null,null,2027-05-21,2027-06-06,null,null,null,null,null,null,2027-05-19,,2027-06-06,PRO.SPCF.1060,    IP Phosphate Feed Pump Skid,04-CCF-SKD-02,04-CCF-SKD-02,null
33555,427,42,oranda.barter@kiewit.com,2026-09-23 12:27:35,null,null,DDP,,Manual,1,0,0,0,"Ivyland, PA",,EA,2026-05-31,null,null,null,null,PHASE A,null,2026-11-28,null,null,2026-11-23,2026-11-23,null,2026-04-14,null,null,null,null,2026-06-09,2026-06-09,null,null,null,TRUE,4,SITE,,,null,null,2026-11-30,2026-12-03,null,null,null,null,null,null,2026-11-28,,2026-12-11,PRO.SPCF.1280,    IP Phosphate Feed Pump Skid,05-CCF-SKD-02,05-CCF-SKD-02,null
33556,427,43,oranda.barter@kiewit.com,2026-09-23 12:27:35,null,null,DDP,,Manual,1,0,0,0,"Ivyland, PA",,EA,2026-05-31,null,null,null,null,PHASE A,null,2027-01-02,null,null,2026-12-28,2026-12-28,null,2026-04-14,null,null,null,null,2026-07-21,2026-07-21,null,null,null,TRUE,4,SITE,,,null,null,2027-01-04,2027-01-08,null,null,null,null,null,null,2027-01-02,,2026-12-11,PRO.SPCF.1170,    IP Phosphate Feed Pump Skid,06-CCF-SKD-02,06-CCF-SKD-02,null
33557,427,44,oranda.barter@kiewit.com,2026-09-23 12:27:35,null,null,DDP,,Manual,1,0,0,0,"Ivyland, PA",,EA,2026-05-31,null,null,null,null,PHASE C,null,2027-03-10,null,null,2027-03-09,2027-03-09,null,2026-04-14,null,null,null,null,2026-10-27,2026-10-27,null,null,null,TRUE,4,SITE,,,null,null,2027-03-12,2027-04-24,null,null,null,null,null,null,2027-03-10,,2027-04-24,PRO.SPCF.1050,    IP Phosphate Feed Pump Skid,07-CCF-SKD-02,07-CCF-SKD-02,null
33558,427,45,oranda.barter@kiewit.com,2026-09-23 12:27:35,null,null,DDP,,Manual,1,0,0,0,"Ivyland, PA",,EA,2026-05-31,null,null,null,null,PHASE E,null,2027-07-07,null,null,2027-07-06,2027-07-06,null,2026-04-14,null,null,null,null,2027-02-23,2027-02-23,null,null,null,TRUE,4,SITE,,,null,null,2027-07-09,2027-07-29,null,null,null,null,null,null,2027-07-07,,2027-07-29,PRO.SPCF.1070, Sodium Bisulfite Feed Pump Skid,01-TCF-SKD-04,01-TCF-SKD-04,null
33559,427,46,oranda.barter@kiewit.com,2026-09-23 12:27:35,null,null,DDP,,Manual,1,0,0,0,"Ivyland, PA",,EA,2026-05-31,null,null,null,null,PHASE B,null,2027-01-13,null,null,2027-01-12,2027-01-12,null,2026-04-14,null,null,null,null,2026-09-01,2026-09-01,null,null,null,TRUE,4,SITE,,,null,null,2027-01-15,2027-01-26,null,null,null,null,null,null,2027-01-13,,2027-03-05,PRO.SPCF.1040, Sodium Bisulfite Feed Pump Skid,02-TCF-SKD-04,02-TCF-SKD-04,null
33560,427,47,oranda.barter@kiewit.com,2026-09-23 12:27:35,null,null,DDP,,Manual,1,0,0,0,"Ivyland, PA",,EA,2026-05-31,null,null,null,null,PHASE B,null,2027-02-10,null,null,2027-02-09,2027-02-09,null,2026-04-14,null,null,null,null,2026-09-29,2026-09-29,null,null,null,TRUE,4,SITE,,,null,null,2027-02-12,2027-03-05,null,null,null,null,null,null,2027-02-10,,2027-03-05,PRO.SPCF.1270, Sodium Bisulfite Feed Pump Skid,03-TCF-SKD-04,03-TCF-SKD-04,null
33561,427,48,oranda.barter@kiewit.com,2026-09-23 12:27:35,null,null,DDP,,Manual,1,0,0,0,"Ivyland, PA",,EA,2026-05-31,null,null,null,null,PHASE D,null,2027-05-19,null,null,2027-05-18,2027-05-18,null,2026-04-14,null,null,null,null,2027-01-05,2027-01-05,null,null,null,TRUE,4,SITE,,,null,null,2027-05-21,2027-06-06,null,null,null,null,null,null,2027-05-19,,2027-06-06,PRO.SPCF.1060, Sodium Bisulfite Feed Pump Skid,04-TCF-SKD-04,04-TCF-SKD-04,null
33562,427,49,oranda.barter@kiewit.com,2026-09-23 12:27:35,null,null,DDP,,Manual,1,0,0,0,"Ivyland, PA",,EA,2026-05-31,null,null,null,null,PHASE A,null,2026-10-21,null,null,2026-10-20,2026-10-20,null,2026-04-14,null,null,null,null,2026-06-09,2026-06-09,null,null,null,TRUE,4,SITE,,,null,null,2026-10-23,2026-10-29,null,null,null,null,null,null,2026-10-21,,2026-12-11,PRO.SPCF.1280, Sodium Bisulfite Feed Pump Skid,05-TCF-SKD-04,05-TCF-SKD-04,null
33563,427,50,oranda.barter@kiewit.com,2026-09-23 12:27:35,null,null,DDP,,Manual,1,0,0,0,"Ivyland, PA",,EA,2026-05-31,null,null,null,null,PHASE A,null,2026-12-02,null,null,2026-12-01,2026-12-01,null,2026-04-14,null,null,null,null,2026-07-21,2026-07-21,null,null,null,TRUE,4,SITE,,,null,null,2026-12-04,2026-12-11,null,null,null,null,null,null,2026-12-02,,2026-12-11,PRO.SPCF.1170, Sodium Bisulfite Feed Pump Skid,06-TCF-SKD-04,06-TCF-SKD-04,null
33564,427,51,oranda.barter@kiewit.com,2026-09-23 12:27:35,null,null,DDP,,Manual,1,0,0,0,"Ivyland, PA",,EA,2026-05-31,null,null,null,null,PHASE C,null,2027-03-10,null,null,2027-03-09,2027-03-09,null,2026-04-14,null,null,null,null,2026-10-27,2026-10-27,null,null,null,TRUE,4,SITE,,,null,null,2027-03-12,2027-04-24,null,null,null,null,null,null,2027-03-10,,2027-04-24,PRO.SPCF.1050, Sodium Bisulfite Feed Pump Skid,07-TCF-SKD-04,07-TCF-SKD-04,null
33565,427,52,oranda.barter@kiewit.com,2026-09-23 12:27:35,null,null,DDP,,Manual,1,0,0,0,"Ivyland, PA",,EA,2026-05-31,null,null,null,null,PHASE E,null,2027-07-07,null,null,2027-07-06,2027-07-06,null,2026-04-14,null,null,null,null,2027-02-23,2027-02-23,null,null,null,TRUE,4,SITE,,,null,null,2027-07-09,2027-07-29,null,null,null,null,null,null,2027-07-07,,2027-07-29,PRO.SPCF.1070, Sodium Hypochlorite Feed Pump Skid,01-TCF-SKD-01,01-TCF-SKD-01,null
33566,427,53,oranda.barter@kiewit.com,2026-09-23 12:27:35,null,null,DDP,,Manual,1,0,0,0,"Ivyland, PA",,EA,2026-05-31,null,null,null,null,PHASE B,null,2027-01-13,null,null,2027-01-12,2027-01-12,null,2026-04-14,null,null,null,null,2026-09-01,2026-09-01,null,null,null,TRUE,4,SITE,,,null,null,2027-01-15,2027-01-26,null,null,null,null,null,null,2027-01-13,,2027-03-05,PRO.SPCF.1040, Sodium Hypochlorite Feed Pump Skid,02-TCF-SKD-01,02-TCF-SKD-01,null
33567,427,54,oranda.barter@kiewit.com,2026-09-23 12:27:35,null,null,DDP,,Manual,1,0,0,0,"Ivyland, PA",,EA,2026-05-31,null,null,null,null,PHASE B,null,2027-02-10,null,null,2027-02-09,2027-02-09,null,2026-04-14,null,null,null,null,2026-09-29,2026-09-29,null,null,null,TRUE,4,SITE,,,null,null,2027-02-12,2027-03-05,null,null,null,null,null,null,2027-02-10,,2027-03-05,PRO.SPCF.1270, Sodium Hypochlorite Feed Pump Skid,03-TCF-SKD-01,03-TCF-SKD-01,null
33568,427,55,oranda.barter@kiewit.com,2026-09-23 12:27:35,null,null,DDP,,Manual,1,0,0,0,"Ivyland, PA",,EA,2026-05-31,null,null,null,null,PHASE D,null,2027-05-19,null,null,2027-05-18,2027-05-18,null,2026-04-14,null,null,null,null,2027-01-05,2027-01-05,null,null,null,TRUE,4,SITE,,,null,null,2027-05-21,2027-06-06,null,null,null,null,null,null,2027-05-19,,2027-06-06,PRO.SPCF.1060, Sodium Hypochlorite Feed Pump Skid,04-TCF-SKD-01,04-TCF-SKD-01,null
33569,427,56,oranda.barter@kiewit.com,2026-09-23 12:27:35,null,null,DDP,,Manual,1,0,0,0,"Ivyland, PA",,EA,2026-05-31,null,null,null,null,PHASE A,null,2026-10-21,null,null,2026-10-20,2026-10-20,null,2026-04-14,null,null,null,null,2026-06-09,2026-06-09,null,null,null,TRUE,4,SITE,,,null,null,2026-10-23,2026-10-29,null,null,null,null,null,null,2026-10-21,,2026-12-11,PRO.SPCF.1280, Sodium Hypochlorite Feed Pump Skid,05-TCF-SKD-01,05-TCF-SKD-01,null
33570,427,57,oranda.barter@kiewit.com,2026-09-23 12:27:35,null,null,DDP,,Manual,1,0,0,0,"Ivyland, PA",,EA,2026-05-31,null,null,null,null,PHASE A,null,2026-12-02,null,null,2026-12-01,2026-12-01,null,2026-04-14,null,null,null,null,2026-07-21,2026-07-21,null,null,null,TRUE,4,SITE,,,null,null,2026-12-04,2026-12-11,null,null,null,null,null,null,2026-12-02,,2026-12-11,PRO.SPCF.1170, Sodium Hypochlorite Feed Pump Skid,06-TCF-SKD-01,06-TCF-SKD-01,null
33571,427,58,oranda.barter@kiewit.com,2026-09-23 12:27:35,null,null,DDP,,Manual,1,0,0,0,"Ivyland, PA",,EA,2026-05-31,null,null,null,null,PHASE C,null,2027-03-10,null,null,2027-03-09,2027-03-09,null,2026-04-14,null,null,null,null,2026-10-27,2026-10-27,null,null,null,TRUE,4,SITE,,,null,null,2027-03-12,2027-04-24,null,null,null,null,null,null,2027-03-10,,2027-04-24,PRO.SPCF.1050, Sodium Hypochlorite Feed Pump Skid,07-TCF-SKD-01,07-TCF-SKD-01,null
33572,427,59,oranda.barter@kiewit.com,2026-09-23 12:27:35,null,null,DDP,,Manual,1,0,0,0,"Ivyland, PA",,EA,2026-05-31,null,null,null,null,PHASE E,null,2027-07-07,null,null,2027-07-06,2027-07-06,null,2026-04-14,null,null,null,null,2027-02-23,2027-02-23,null,null,null,TRUE,4,SITE,,,null,null,2027-07-09,2027-07-29,null,null,null,null,null,null,2027-07-07,,2027-07-29,PRO.SPCF.1070,  Sulfuric Acid Feed Pump Skid,01-TCF-SKD-02,01-TCF-SKD-02,null
33573,427,60,oranda.barter@kiewit.com,2026-09-23 12:27:35,null,null,DDP,,Manual,1,0,0,0,"Ivyland, PA",,EA,2026-05-31,null,null,null,null,PHASE B,null,2027-01-13,null,null,2027-01-12,2027-01-12,null,2026-04-14,null,null,null,null,2026-09-01,2026-09-01,null,null,null,TRUE,4,SITE,,,null,null,2027-01-15,2027-01-26,null,null,null,null,null,null,2027-01-13,,2027-03-05,PRO.SPCF.1040,  Sulfuric Acid Feed Pump Skid,02-TCF-SKD-02,02-TCF-SKD-02,null
33574,427,61,oranda.barter@kiewit.com,2026-09-23 12:27:35,null,null,DDP,,Manual,1,0,0,0,"Ivyland, PA",,EA,2026-05-31,null,null,null,null,PHASE B,null,2027-02-10,null,null,2027-02-09,2027-02-09,null,2026-04-14,null,null,null,null,2026-09-29,2026-09-29,null,null,null,TRUE,4,SITE,,,null,null,2027-02-12,2027-03-05,null,null,null,null,null,null,2027-02-10,,2027-03-05,PRO.SPCF.1270,  Sulfuric Acid Feed Pump Skid,03-TCF-SKD-02,03-TCF-SKD-02,null
33575,427,62,oranda.barter@kiewit.com,2026-09-23 12:27:35,null,null,DDP,,Manual,1,0,0,0,"Ivyland, PA",,EA,2026-05-31,null,null,null,null,PHASE D,null,2027-05-19,null,null,2027-05-18,2027-05-18,null,2026-04-14,null,null,null,null,2027-01-05,2027-01-05,null,null,null,TRUE,4,SITE,,,null,null,2027-05-21,2027-06-06,null,null,null,null,null,null,2027-05-19,,2027-06-06,PRO.SPCF.1060,  Sulfuric Acid Feed Pump Skid,04-TCF-SKD-02,04-TCF-SKD-02,null
33576,427,63,oranda.barter@kiewit.com,2026-09-23 12:27:35,null,null,DDP,,Manual,1,0,0,0,"Ivyland, PA",,EA,2026-05-31,null,null,null,null,PHASE A,null,2026-10-21,null,null,2026-10-20,2026-10-20,null,2026-04-14,null,null,null,null,2026-06-09,2026-06-09,null,null,null,TRUE,4,SITE,,,null,null,2026-10-23,2026-10-29,null,null,null,null,null,null,2026-10-21,,2026-12-11,PRO.SPCF.1280,  Sulfuric Acid Feed Pump Skid,05-TCF-SKD-02,05-TCF-SKD-02,null
33577,427,64,oranda.barter@kiewit.com,2026-09-23 12:27:35,null,null,DDP,,Manual,1,0,0,0,"Ivyland, PA",,EA,2026-05-31,null,null,null,null,PHASE A,null,2026-12-02,null,null,2026-12-01,2026-12-01,null,2026-04-14,null,null,null,null,2026-07-21,2026-07-21,null,null,null,TRUE,4,SITE,,,null,null,2026-12-04,2026-12-11,null,null,null,null,null,null,2026-12-02,,2026-12-11,PRO.SPCF.1170,  Sulfuric Acid Feed Pump Skid,06-TCF-SKD-02,06-TCF-SKD-02,null
33578,427,65,oranda.barter@kiewit.com,2026-09-23 12:27:35,null,null,DDP,,Manual,1,0,0,0,"Ivyland, PA",,EA,2026-05-31,null,null,null,null,PHASE C,null,2027-03-10,null,null,2027-03-09,2027-03-09,null,2026-04-14,null,null,null,null,2026-10-27,2026-10-27,null,null,null,TRUE,4,SITE,,,null,null,2027-03-12,2027-04-24,null,null,null,null,null,null,2027-03-10,,2027-04-24,PRO.SPCF.1050,  Sulfuric Acid Feed Pump Skid,07-TCF-SKD-02,07-TCF-SKD-02,null
33579,427,66,oranda.barter@kiewit.com,2026-09-23 12:27:35,null,null,DDP,,Manual,1,0,0,0,"Ivyland, PA",,EA,2026-05-31,null,null,null,null,PHASE E,null,2027-07-07,null,null,2027-07-06,2027-07-06,null,2026-04-14,null,null,null,null,2027-02-23,2027-02-23,null,null,null,TRUE,4,SITE,,,null,null,2027-07-09,2027-07-29,null,null,null,null,null,null,2027-07-07,,2027-07-29,PRO.SPCF.1070,  Corrosion/Scale Inhibitor Feed Pump Skid,01-TCF-SKD-03,01-TCF-SKD-03,null
33580,427,67,oranda.barter@kiewit.com,2026-09-23 12:27:35,null,null,DDP,,Manual,1,0,0,0,"Ivyland, PA",,EA,2026-05-31,null,null,null,null,PHASE B,null,2027-01-13,null,null,2027-01-12,2027-01-12,null,2026-04-14,null,null,null,null,2026-09-01,2026-09-01,null,null,null,TRUE,4,SITE,,,null,null,2027-01-15,2027-01-26,null,null,null,null,null,null,2027-01-13,,2027-03-05,PRO.SPCF.1040,  Corrosion/Scale Inhibitor Feed Pump Skid,02-TCF-SKD-03,02-TCF-SKD-03,null
33581,427,68,oranda.barter@kiewit.com,2026-09-23 12:27:35,null,null,DDP,,Manual,1,0,0,0,"Ivyland, PA",,EA,2026-05-31,null,null,null,null,PHASE B,null,2027-02-10,null,null,2027-02-09,2027-02-09,null,2026-04-14,null,null,null,null,2026-09-29,2026-09-29,null,null,null,TRUE,4,SITE,,,null,null,2027-02-12,2027-03-05,null,null,null,null,null,null,2027-02-10,,2027-03-05,PRO.SPCF.1270,  Corrosion/Scale Inhibitor Feed Pump Skid,03-TCF-SKD-03,03-TCF-SKD-03,null
33582,427,69,oranda.barter@kiewit.com,2026-09-23 12:27:35,null,null,DDP,,Manual,1,0,0,0,"Ivyland, PA",,EA,2026-05-31,null,null,null,null,PHASE D,null,2027-05-19,null,null,2027-05-18,2027-05-18,null,2026-04-14,null,null,null,null,2027-01-05,2027-01-05,null,null,null,TRUE,4,SITE,,,null,null,2027-05-21,2027-06-06,null,null,null,null,null,null,2027-05-19,,2027-06-06,PRO.SPCF.1060,  Corrosion/Scale Inhibitor Feed Pump Skid,04-TCF-SKD-03,04-TCF-SKD-03,null
33583,427,70,oranda.barter@kiewit.com,2026-09-23 12:27:35,null,null,DDP,,Manual,1,0,0,0,"Ivyland, PA",,EA,2026-05-31,null,null,null,null,PHASE A,null,2026-10-21,null,null,2026-10-20,2026-10-20,null,2026-04-14,null,null,null,null,2026-06-09,2026-06-09,null,null,null,TRUE,4,SITE,,,null,null,2026-10-23,2026-10-29,null,null,null,null,null,null,2026-10-21,,2026-12-11,PRO.SPCF.1280,  Corrosion/Scale Inhibitor Feed Pump Skid,05-TCF-SKD-03,05-TCF-SKD-03,null
33584,427,71,oranda.barter@kiewit.com,2026-09-23 12:27:35,null,null,DDP,,Manual,1,0,0,0,"Ivyland, PA",,EA,2026-05-31,null,null,null,null,PHASE A,null,2026-12-02,null,null,2026-12-01,2026-12-01,null,2026-04-14,null,null,null,null,2026-07-21,2026-07-21,null,null,null,TRUE,4,SITE,,,null,null,2026-12-04,2026-12-11,null,null,null,null,null,null,2026-12-02,,2026-12-11,PRO.SPCF.1170,  Corrosion/Scale Inhibitor Feed Pump Skid,06-TCF-SKD-03,06-TCF-SKD-03,null
33585,427,72,oranda.barter@kiewit.com,2026-09-23 12:27:35,null,null,DDP,,Manual,1,0,0,0,"Ivyland, PA",,EA,2026-05-31,null,null,null,null,PHASE C,null,2027-03-10,null,null,2027-03-09,2027-03-09,null,2026-04-14,null,null,null,null,2026-10-27,2026-10-27,null,null,null,TRUE,4,SITE,,,null,null,2027-03-12,2027-04-24,null,null,null,null,null,null,2027-03-10,,2027-04-24,PRO.SPCF.1050,  Corrosion/Scale Inhibitor Feed Pump Skid,07-TCF-SKD-03,07-TCF-SKD-03,null
33586,427,73,oranda.barter@kiewit.com,2026-09-23 12:27:35,null,null,DDP,,Manual,1,0,0,0,"Ivyland, PA",,EA,2026-05-31,null,null,null,null,PHASE E,null,2027-07-07,null,null,2027-07-06,2027-07-06,null,2026-04-14,null,null,null,null,2027-02-23,2027-02-23,null,null,null,TRUE,4,SITE,,,null,null,2027-07-09,2027-07-29,null,null,null,null,null,null,2027-07-07,,2027-07-29,PRO.SPCF.1070, Dispersant Feed Pump Skid,01-TCF-SKD-05,01-TCF-SKD-05,null
33587,427,74,oranda.barter@kiewit.com,2026-09-23 12:27:35,null,null,DDP,,Manual,1,0,0,0,"Ivyland, PA",,EA,2026-05-31,null,null,null,null,PHASE B,null,2027-01-13,null,null,2027-01-12,2027-01-12,null,2026-04-14,null,null,null,null,2026-09-01,2026-09-01,null,null,null,TRUE,4,SITE,,,null,null,2027-01-15,2027-01-26,null,null,null,null,null,null,2027-01-13,,2027-03-05,PRO.SPCF.1040, Dispersant Feed Pump Skid,02-TCF-SKD-05,02-TCF-SKD-05,null
33588,427,75,oranda.barter@kiewit.com,2026-09-23 12:27:35,null,null,DDP,,Manual,1,0,0,0,"Ivyland, PA",,EA,2026-05-31,null,null,null,null,PHASE B,null,2027-02-10,null,null,2027-02-09,2027-02-09,null,2026-04-14,null,null,null,null,2026-09-29,2026-09-29,null,null,null,TRUE,4,SITE,,,null,null,2027-02-12,2027-03-05,null,null,null,null,null,null,2027-02-10,,2027-03-05,PRO.SPCF.1270, Dispersant Feed Pump Skid,03-TCF-SKD-05,03-TCF-SKD-05,null
33589,427,76,oranda.barter@kiewit.com,2026-09-23 12:27:35,null,null,DDP,,Manual,1,0,0,0,"Ivyland, PA",,EA,2026-05-31,null,null,null,null,PHASE D,null,2027-05-19,null,null,2027-05-18,2027-05-18,null,2026-04-14,null,null,null,null,2027-01-05,2027-01-05,null,null,null,TRUE,4,SITE,,,null,null,2027-05-21,2027-06-06,null,null,null,null,null,null,2027-05-19,,2027-06-06,PRO.SPCF.1060, Dispersant Feed Pump Skid,04-TCF-SKD-05,04-TCF-SKD-05,null
33590,427,77,oranda.barter@kiewit.com,2026-09-23 12:27:35,null,null,DDP,,Manual,1,0,0,0,"Ivyland, PA",,EA,2026-05-31,null,null,null,null,PHASE A,null,2026-10-21,null,null,2026-10-20,2026-10-20,null,2026-04-14,null,null,null,null,2026-06-09,2026-06-09,null,null,null,TRUE,4,SITE,,,null,null,2026-10-23,2026-10-29,null,null,null,null,null,null,2026-10-21,,2026-12-11,PRO.SPCF.1280, Dispersant Feed Pump Skid,05-TCF-SKD-05,05-TCF-SKD-05,null
33591,427,78,oranda.barter@kiewit.com,2026-09-23 12:27:35,null,null,DDP,,Manual,1,0,0,0,"Ivyland, PA",,EA,2026-05-31,null,null,null,null,PHASE A,null,2026-12-02,null,null,2026-12-01,2026-12-01,null,2026-04-14,null,null,null,null,2026-07-21,2026-07-21,null,null,null,TRUE,4,SITE,,,null,null,2026-12-04,2026-12-11,null,null,null,null,null,null,2026-12-02,,2026-12-11,PRO.SPCF.1170, Dispersant Feed Pump Skid,06-TCF-SKD-05,06-TCF-SKD-05,null
33592,427,79,oranda.barter@kiewit.com,2026-09-23 12:27:35,null,null,DDP,,Manual,1,0,0,0,"Ivyland, PA",,EA,2026-05-31,null,null,null,null,PHASE C,null,2027-03-10,null,null,2027-03-09,2027-03-09,null,2026-04-14,null,null,null,null,2026-10-27,2026-10-27,null,null,null,TRUE,4,SITE,,,null,null,2027-03-12,2027-04-24,null,null,null,null,null,null,2027-03-10,,2027-04-24,PRO.SPCF.1050, Dispersant Feed Pump Skid,07-TCF-SKD-05,07-TCF-SKD-05,null
33593,427,80,oranda.barter@kiewit.com,2026-09-23 12:27:35,null,null,DDP,,Manual,1,0,0,0,"Ivyland, PA",,EA,2026-05-31,null,null,null,null,PHASE B,null,2027-02-10,null,null,2027-02-09,2027-02-09,null,2026-04-14,null,null,null,null,2026-09-29,2026-09-29,null,null,null,TRUE,4,SITE,,,null,null,2027-02-12,2027-03-05,null,null,null,null,null,null,2027-02-10,,2027-03-05,,Aux Boiler Ammonia Feed Pump Skid,00-CCF-SKD-04,00-CCF-SKD-04,null
33594,427,81,oranda.barter@kiewit.com,2026-09-23 12:27:35,null,null,DDP,,Manual,1,0,0,0,"Ivyland, PA",,EA,2026-05-31,null,null,null,null,PHASE C,null,2027-03-10,null,null,2027-03-09,2027-03-09,null,2026-04-14,null,null,null,null,2026-10-27,2026-10-27,null,null,null,TRUE,4,SITE,,,null,null,2027-03-12,2027-03-24,null,null,null,null,null,null,2027-03-10,,2027-04-24,,Aux Boiler Ammonia Feed Pump Skid,00-CCF-SKD-05,00-CCF-SKD-05,null
33595,427,82,oranda.barter@kiewit.com,2026-09-23 12:27:35,null,null,DDP,,Manual,1,0,0,0,"Ivyland, PA",,EA,2026-05-31,null,null,null,null,PHASE A,null,2026-12-02,null,null,2026-12-01,2026-12-01,null,2026-04-14,null,null,null,null,2026-07-21,2026-07-21,null,null,null,TRUE,4,SITE,,,null,null,2026-12-04,2026-12-11,null,null,null,null,null,null,2026-12-02,,2026-12-11,,  Sodium Hypochlorite Feed Pump Skid for Fire Water,00-CCF-SKD-03,00-CCF-SKD-03,null
33596,427,83,oranda.barter@kiewit.com,2026-09-23 12:27:35,null,null,DDP,,Manual,1,0,1,0,"Ivyland, PA",,EA,2026-05-31,null,null,null,null,PHASE D,null,2027-05-19,null,null,2027-05-18,2027-05-18,null,2026-04-14,null,null,null,null,2027-01-05,2027-01-05,null,null,null,TRUE,4,SITE,,,null,null,2027-05-21,2027-05-29,null,null,null,null,null,null,2027-05-19,,2027-05-29,,Sodium Permanganate Chemical Feed Enclosure,91-WCF-SKD-08,91-WCF-SKD-08,null
33597,427,84,oranda.barter@kiewit.com,2026-09-23 12:27:35,null,null,DDP,,Manual,1,0,1,0,"Ivyland, PA",,EA,2026-05-31,null,null,null,null,PHASE A,null,2026-12-02,null,null,2026-12-01,2026-12-01,2026-07-13,2026-04-14,null,null,null,null,2026-07-21,2026-07-21,null,null,null,TRUE,4,SITE,,,null,null,2026-12-04,2026-12-11,null,null,null,null,null,null,2026-12-02,,2026-12-11,,Fire Water Tank Analyzer Junction Box,00-FPS-JBX-01,00-FPS-JBX-01,null
33598,427,85,oranda.barter@kiewit.com,2026-09-23 12:27:35,null,null,DDP,,Manual,1,0,1,0,"Ivyland, PA",,EA,2026-05-31,null,null,null,null,PHASE A,null,2026-12-02,null,null,2026-12-01,2026-12-01,2026-07-13,2026-04-14,null,null,null,null,2026-07-21,2026-07-21,null,null,null,TRUE,4,SITE,,,null,null,2026-12-04,2026-12-11,null,null,null,null,null,null,2026-12-02,,2026-12-11,,Service Water Tank Analyzer Junction Box,00-SWS-JBX-01,00-SWS-JBX-01,null
33599,436,1,oranda.barter@kiewit.com,2026-09-23 13:31:37,null,null,DDP,,Requisition,1,0,0,0," Villeurbanne, France",,EA,null,null,null,null,null,PHASE C,null,2026-12-17,null,null,2026-12-10,2026-12-10,null,null,null,null,null,null,2026-11-16,2026-11-16,null,null,null,TRUE,2,Site,1,R-100000013V0,null,null,2027-03-12,2027-03-24,null,null,null,null,null,null,2026-12-17,,2027-01-07,PRO.GCB.1050,STG GENERATOR CIRCUIT BREAKER,07-STG-GCB-02,07-STG-GCB-02,null
33600,436,2,oranda.barter@kiewit.com,2026-09-23 13:31:37,null,null,DDP,,Requisition,1,0,0,0," Villeurbanne, France",,EA,null,null,null,null,null,PHASE C,null,2026-12-17,null,null,2026-12-10,2026-12-10,null,null,null,null,null,null,2026-11-16,2026-11-16,null,null,null,TRUE,2,Site,2,R-100000013V0,null,null,2027-03-12,2027-03-24,null,null,null,null,null,null,2026-12-17,,2027-01-07,PRO.GCB.1050,CTG GENERATOR BREAKER,07-CTG-GCB-01,07-CTG-GCB-01,null
33603,436,5,oranda.barter@kiewit.com,2026-09-23 13:31:37,null,null,DDP,,Requisition,1,0,0,0," Villeurbanne, France",,EA,null,null,null,null,null,PHASE A,null,2026-10-27,null,null,2026-10-08,2026-09-21,null,null,null,null,null,null,2026-08-24,2026-08-24,null,null,null,TRUE,2,Site,5,R-100000013V0,null,null,2027-01-22,2026-12-15,null,null,null,null,null,null,2026-10-27,,2027-01-07,PRO.GCB.1030,STG GENERATOR CIRCUIT BREAKER,05-STG-GCB-02,05-STG-GCB-02,null
33604,436,6,oranda.barter@kiewit.com,2026-09-23 13:31:37,null,null,DDP,,Requisition,1,0,0,0," Villeurbanne, France",,EA,null,null,null,null,null,PHASE A,null,2026-10-27,null,null,2026-10-01,2026-10-01,null,null,null,null,null,null,2026-08-24,2026-08-24,null,null,null,TRUE,2,Site,6,R-100000013V0,null,null,2027-01-22,2026-12-15,null,null,null,null,null,null,2026-10-27,,2027-01-07,PRO.GCB.1030,CTG GENERATOR BREAKER,05-CTG-GCB-01,05-CTG-GCB-01,null
33605,436,7,oranda.barter@kiewit.com,2026-09-23 13:31:37,null,null,DDP,,Requisition,1,0,0,0," Villeurbanne, France",,EA,null,null,null,null,null,PHASE D,null,2027-01-05,null,null,2026-12-29,2026-12-29,null,null,null,null,null,null,2026-12-03,2026-12-03,null,null,null,TRUE,2,Site,7,R-100000013V0,null,null,2027-03-26,2027-07-16,null,null,null,null,null,null,2027-01-05,,2027-01-07,PRO.GCB.1060,STG GENERATOR CIRCUIT BREAKER,04-STG-GCB-02,04-STG-GCB-02,null
33606,436,8,oranda.barter@kiewit.com,2026-09-23 13:31:37,null,null,DDP,,Requisition,1,0,0,0," Villeurbanne, France",,EA,null,null,null,null,null,PHASE D,null,2027-01-05,null,null,2026-12-29,2026-12-29,null,null,null,null,null,null,2026-12-03,2026-12-03,null,null,null,TRUE,2,Site,8,R-100000013V0,null,null,2027-03-26,2027-07-16,null,null,null,null,null,null,2027-01-05,,2027-01-07,PRO.GCB.1060,CTG GENERATOR BREAKER,04-CTG-GCB-01,04-CTG-GCB-01,null
33607,436,9,oranda.barter@kiewit.com,2026-09-23 13:31:37,null,null,DDP,,Requisition,1,0,0,0," Villeurbanne, France",,EA,null,null,null,null,null,PHASE B,null,2026-10-27,null,null,2026-10-08,2026-10-08,null,null,null,null,null,null,2026-09-22,2026-09-22,null,null,null,TRUE,2,Site,9,R-100000013V0,null,null,2027-01-22,2027-01-12,null,null,null,null,null,null,2026-10-27,,2027-01-07,PRO.GCB.1270,STG GENERATOR CIRCUIT BREAKER,03-STG-GCB-02,03-STG-GCB-02,null
33608,436,10,oranda.barter@kiewit.com,2026-09-23 13:31:37,null,null,DDP,,Requisition,1,0,0,0," Villeurbanne, France",,EA,null,null,null,null,null,PHASE B,null,2026-10-27,null,null,2026-10-15,2026-10-15,null,null,null,null,null,null,2026-09-22,2026-09-22,null,null,null,TRUE,2,Site,10,R-100000013V0,null,null,2027-01-22,2027-01-12,null,null,null,null,null,null,2026-10-27,,2027-01-07,PRO.GCB.1270,CTG GENERATOR BREAKER,03-CTG-GCB-01,03-CTG-GCB-01,null
33609,436,11,oranda.barter@kiewit.com,2026-09-23 13:31:37,null,null,DDP,,Requisition,1,0,0,0," Villeurbanne, France",,EA,null,null,null,null,null,PHASE B,null,2026-10-15,null,null,2026-10-08,2026-10-08,null,null,null,null,null,null,2026-09-15,2026-09-15,null,null,null,TRUE,2,Site,11,R-100000013V0,null,null,2027-01-15,2027-02-15,null,null,null,null,null,null,2026-10-15,,2027-01-07,PRO.GCB.1040,STG GENERATOR CIRCUIT BREAKER,02-STG-GCB-02,02-STG-GCB-02,null
33610,436,12,oranda.barter@kiewit.com,2026-09-23 13:31:37,null,null,DDP,,Requisition,1,0,0,0," Villeurbanne, France",,EA,null,null,null,null,null,PHASE B,null,2026-10-15,null,null,2026-10-08,2026-10-08,null,null,null,null,null,null,2026-09-15,2026-09-15,null,null,null,TRUE,2,Site,12,R-100000013V0,null,null,2027-01-15,2027-02-15,null,null,null,null,null,null,2026-10-15,,2027-01-07,PRO.GCB.1040,CTG GENERATOR BREAKER,02-CTG-GCB-01,02-CTG-GCB-01,null
33611,436,13,oranda.barter@kiewit.com,2026-09-23 13:31:37,null,null,DDP,,Requisition,1,0,0,0," Villeurbanne, France",,EA,null,null,null,null,null,PHASE E,null,2027-01-05,null,null,2026-12-29,2026-12-29,null,null,null,null,null,null,2026-12-03,2026-12-03,null,null,null,TRUE,2,Site,13,R-100000013V0,null,null,2027-03-26,2027-11-10,null,null,null,null,null,null,2027-01-05,,2027-01-07,PRO.GCB.1070,STG GENERATOR CIRCUIT BREAKER,01-STG-GCB-02,01-STG-GCB-02,null
33612,436,14,oranda.barter@kiewit.com,2026-09-23 13:31:37,null,null,DDP,,Requisition,1,0,0,0," Villeurbanne, France",,EA,null,null,null,null,null,PHASE E,null,2027-01-05,null,null,2026-12-29,2026-12-29,null,null,null,null,null,null,2026-12-03,2026-12-03,null,null,null,TRUE,2,Site,14,R-100000013V0,null,null,2027-03-26,2027-11-10,null,null,null,null,null,null,2027-01-05,,2027-01-07,PRO.GCB.1070,CTG GENERATOR BREAKER,01-CTG-GCB-01,01-CTG-GCB-01,null
33613,429,1,oranda.barter@kiewit.com,2026-09-23 14:44:06,null,null,DDP,,Manual,1,0,0,0,Kleindöttingen,,EA,2026-04-03,null,null,null,null,Delivered to Fibrebond,null,2026-06-26,2026-06-12,null,2026-06-12,2026-06-12,2026-05-18,2026-01-29,null,null,null,null,2026-05-18,null,null,null,null,TRUE,5,Fibrebond,,,null,null,2027-01-31,2027-01-31,null,null,null,null,2026-07-17,null,2026-06-26,,2027-01-31,PRO.BUPS.1030,Power Block Charger,05-LVE-CHG-01A / 01B,0X-LVE-CHG-01A / 01B,null
33614,429,2,oranda.barter@kiewit.com,2026-09-23 14:44:06,null,null,DDP,,Manual,1,0,0,0,Kleindöttingen,,EA,2026-04-03,null,null,null,null,Delivered 7/12 to Fibrebond,null,2026-07-03,2026-06-19,null,2026-06-19,2026-06-19,2026-05-26,2026-01-29,null,null,null,null,2026-05-26,null,null,null,null,TRUE,5,Fibrebond,,,null,null,2027-02-15,2027-02-15,null,null,null,null,2026-07-01,null,2026-07-03,,2027-02-15,PRO.BUPS.1270,Power Block Charger,06-LVE-CHG-01A / 01B,0X-LVE-CHG-01A / 01B,null
33615,429,3,oranda.barter@kiewit.com,2026-09-23 14:44:06,null,null,DDP,,Manual,1,0,0,0,Kleindöttingen,,EA,2026-04-03,null,null,null,null,,null,2026-10-02,null,null,2026-09-18,2026-09-18,2026-08-17,2026-01-29,null,null,null,null,2026-08-17,null,null,null,null,TRUE,5,SITE,,,null,null,2026-11-30,2027-06-30,null,null,null,null,null,null,2026-10-02,,2027-06-30,PRO.BUPS.1040,Power Block Charger,02-LVE-CHG-01A / 01B,0X-LVE-CHG-01A / 01B,null
33616,429,4,oranda.barter@kiewit.com,2026-09-23 14:44:06,null,null,DDP,,Manual,1,0,0,0,Kleindöttingen,,EA,2026-04-03,null,null,null,null,,null,2026-10-02,null,null,2026-09-18,2026-09-18,2026-08-17,2026-01-29,null,null,null,null,2026-08-17,null,null,null,null,TRUE,5,SITE,,,null,null,2026-11-30,2027-06-30,null,null,null,null,null,null,2026-10-02,,2027-06-30,PRO.BUPS.1170,Power Block Charger,03-LVE-CHG-01A / 01B,0X-LVE-CHG-01A / 01B,null
33617,429,5,oranda.barter@kiewit.com,2026-09-23 14:44:06,null,null,DDP,,Manual,1,0,0,0,Kleindöttingen,,EA,2026-04-03,null,null,null,null,,null,2026-12-16,null,null,2026-12-04,2026-12-04,null,2026-01-29,null,null,null,null,2026-11-09,null,null,null,null,TRUE,5,SITE,,,null,null,2027-02-27,2027-09-30,null,null,null,null,null,null,2026-12-18,,2027-09-30,PRO.BUPS.1050,Power Block Charger,07-LVE-CHG-01A / 01B,0X-LVE-CHG-01A / 01B,null
33618,429,6,oranda.barter@kiewit.com,2026-09-23 14:44:06,null,null,DDP,,Manual,1,0,0,0,Kleindöttingen,,EA,2026-04-03,null,null,null,null,,null,2027-03-05,null,null,2027-02-19,2027-02-19,null,2026-01-29,null,null,null,null,2027-01-18,null,null,null,null,TRUE,5,SITE,,,null,null,2027-04-30,2027-11-30,null,null,null,null,null,null,2027-03-05,,2027-11-30,PRO.BUPS.1060,Power Block Charger,04-LVE-CHG-01A / 01B,0X-LVE-CHG-01A / 01B,null
33619,429,7,oranda.barter@kiewit.com,2026-09-23 14:44:06,null,null,DDP,,Manual,1,0,0,0,Kleindöttingen,,EA,2026-04-03,null,null,null,null,,null,2027-04-30,null,null,2027-04-16,2027-04-16,null,2026-01-29,null,null,null,null,2027-03-15,null,null,null,null,TRUE,5,SITE,,,null,null,2027-06-30,2028-01-30,null,null,null,null,null,null,2027-04-30,,2028-01-30,PRO.BUPS.1070,Power Block Charger,01-LVE-CHG-01A / 01B,0X-LVE-CHG-01A / 01B,null
33620,429,8,oranda.barter@kiewit.com,2026-09-23 14:44:06,null,null,DDP,,Manual,1,0,0,0,Kleindöttingen,,EA,2026-03-06,null,null,null,null,Delivered 6/30 to Fibrebond,null,2026-06-12,2026-05-29,null,2026-05-29,2026-05-29,2026-05-04,2026-01-29,null,null,null,null,2026-05-04,null,null,null,null,TRUE,5,SITE,,,null,null,2026-10-02,2026-10-02,null,null,null,null,2026-06-26,null,2026-06-12,,2026-10-02,,Water Treatment Charger,90-LVE-CHG-01 / 02 ,90-LVE-CHG-01 / 02 ,null
33621,429,9,oranda.barter@kiewit.com,2026-09-23 14:44:06,null,null,DDP,,Manual,1,0,0,0,Kleindöttingen,,EA,2026-05-01,null,null,null,null,,null,2027-03-19,null,null,2026-12-21,2026-12-24,null,2026-01-29,null,null,null,null,2026-11-23,null,null,null,null,TRUE,5,SITE,,,null,null,2027-03-19,2027-03-20,null,null,null,null,null,null,2027-01-22,,2027-03-20,,Administration Charger,08-LVE-CHG-01A / 01B,08-LVE-CHG-01A / 01B,null
33622,429,10,oranda.barter@kiewit.com,2026-09-23 14:44:06,null,null,DDP,,Manual,1,0,0,0,Kleindöttingen,,EA,2026-03-06,null,null,null,null,"Per vendor, delivered 8/5",null,2026-06-26,2026-06-12,null,2026-06-12,2026-06-12,2026-05-11,2026-01-29,null,null,null,null,2026-05-11,null,null,null,null,TRUE,5,SITE,,,null,null,2026-08-18,2026-08-18,null,null,null,null,2026-07-17,null,2026-06-26,,2026-08-18,,Water Intake Charger,00-LVE-CHG-02A / 02B,00-LVE-CHG-02A / 02B,null
33623,429,11,oranda.barter@kiewit.com,2026-09-23 14:44:06,null,null,DDP,,Manual,1,0,0,0,Kleindöttingen,,EA,2026-05-01,null,null,null,null,,null,2026-09-04,null,null,2027-08-21,2027-08-21,2026-08-03,2026-01-29,null,null,null,null,2026-08-03,null,null,null,null,TRUE,5,Fibrebond,,,null,null,2026-10-30,2027-03-20,null,null,null,null,null,null,2026-09-04,,2027-03-20,,Fire Water Storage Charger,00-LVE-CHG-01A / 01B ,00-LVE-CHG-01A / 01B ,null
33624,429,12,oranda.barter@kiewit.com,2026-09-23 14:44:06,null,null,DDP,,Manual,1,0,0,0,Kleindöttingen,,EA,2026-04-03,null,null,null,null,Delivered to Fibrebond,null,2026-06-26,2026-06-12,null,2026-06-12,2026-06-12,2026-05-18,2026-01-29,null,null,null,null,2026-05-18,null,null,null,null,TRUE,5,Fibrebond,,,null,null,2027-01-31,2027-01-31,null,null,null,null,2026-07-17,null,2026-06-26,,2027-01-31,PRO.BUPS.1030,Power Block UPS,05-LVF-UPS-01,0X-LVF-UPS-01,null
33625,429,13,oranda.barter@kiewit.com,2026-09-23 14:44:06,null,null,DDP,,Manual,1,0,0,0,Kleindöttingen,,EA,2026-04-03,null,null,null,null,Delivered 7/12 to Fibrebond,null,2026-07-03,2026-06-19,null,2026-06-19,2026-06-19,2026-05-26,2026-01-29,null,null,null,null,2026-05-26,null,null,null,null,TRUE,5,Fibrebond,,,null,null,2027-02-15,2027-02-15,null,null,null,null,2026-07-01,null,2026-07-03,,2027-02-15,PRO.BUPS.1270,Power Block UPS,06-LVF-UPS-01,0X-LVF-UPS-01,null
33626,429,14,oranda.barter@kiewit.com,2026-09-23 14:44:06,null,null,DDP,,Manual,1,0,0,0,Kleindöttingen,,EA,2026-04-03,null,null,null,null,,null,2026-10-02,null,null,2026-09-18,2026-09-18,2026-08-17,2026-01-29,null,null,null,null,2026-08-17,null,null,null,null,TRUE,5,SITE,,,null,null,2026-11-30,2027-06-30,null,null,null,null,null,null,2026-10-02,,2027-06-30,PRO.BUPS.1040,Power Block UPS,02-LVF-UPS-01,0X-LVF-UPS-01,null
33627,429,15,oranda.barter@kiewit.com,2026-09-23 14:44:06,null,null,DDP,,Manual,1,0,0,0,Kleindöttingen,,EA,2026-04-03,null,null,null,null,,null,2026-10-02,null,null,2026-09-18,2026-09-18,2026-08-17,2026-01-29,null,null,null,null,2026-08-17,null,null,null,null,TRUE,5,SITE,,,null,null,2026-11-30,2027-06-30,null,null,null,null,null,null,2026-10-02,,2027-06-30,PRO.BUPS.1170,Power Block UPS,03-LVF-UPS-01,0X-LVF-UPS-01,null
33628,429,16,oranda.barter@kiewit.com,2026-09-23 14:44:06,null,null,DDP,,Manual,1,0,0,0,Kleindöttingen,,EA,2026-04-03,null,null,null,null,,null,2026-12-16,null,null,2026-12-04,2026-12-04,null,2026-01-29,null,null,null,null,2026-11-09,null,null,null,null,TRUE,5,SITE,,,null,null,2027-02-27,2027-09-30,null,null,null,null,null,null,2026-12-18,,2027-09-30,PRO.BUPS.1050,Power Block UPS,07-LVF-UPS-01,0X-LVF-UPS-01,null
33629,429,17,oranda.barter@kiewit.com,2026-09-23 14:44:06,null,null,DDP,,Manual,1,0,0,0,Kleindöttingen,,EA,2026-04-03,null,null,null,null,,null,2027-03-05,null,null,2027-02-19,2027-02-19,null,2026-01-29,null,null,null,null,2027-01-18,null,null,null,null,TRUE,5,SITE,,,null,null,2027-04-30,2027-11-30,null,null,null,null,null,null,2027-03-05,,2027-11-30,PRO.BUPS.1060,Power Block UPS,04-LVF-UPS-01,0X-LVF-UPS-01,null
33630,429,18,oranda.barter@kiewit.com,2026-09-23 14:44:06,null,null,DDP,,Manual,1,0,0,0,Kleindöttingen,,EA,2026-04-03,null,null,null,null,,null,2027-04-30,null,null,2027-04-16,2027-04-16,null,2026-01-29,null,null,null,null,2027-03-15,null,null,null,null,TRUE,5,SITE,,,null,null,2027-06-30,2028-01-30,null,null,null,null,null,null,2027-04-30,,2028-01-30,PRO.BUPS.1070,Power Block UPS,01-LVF-UPS-01,0X-LVF-UPS-01,null
33631,429,19,oranda.barter@kiewit.com,2026-09-23 14:44:06,null,null,DDP,,Manual,1,0,0,0,Kleindöttingen,,EA,2026-03-06,null,null,null,null,Delivered 6/30 to Fibrebond,null,2026-06-12,2026-05-29,null,2026-05-29,2026-05-29,2026-05-04,2026-01-29,null,null,null,null,2026-05-04,null,null,null,null,TRUE,5,Fibrebond,,,null,null,2026-10-02,2026-10-02,null,null,null,null,2026-06-26,null,2026-06-12,,2026-10-02,,Water Treatment UPS,90-LVF-UPS-01,90-LVF-UPS-01,null
33632,429,20,oranda.barter@kiewit.com,2026-09-23 14:44:06,null,null,DDP,,Manual,1,0,0,0,Kleindöttingen,,EA,2026-05-01,null,null,null,null,,null,2027-03-19,null,null,2026-12-21,2026-12-24,null,2026-01-29,null,null,null,null,2026-11-23,null,null,null,null,TRUE,5,SITE,,,null,null,2027-03-19,2027-03-20,null,null,null,null,null,null,2027-01-22,,2027-03-20,,Administration UPS,08-LVF-UPS-01,08-LVF-UPS-01,null
33633,429,21,oranda.barter@kiewit.com,2026-09-23 14:44:06,null,null,DDP,,Manual,1,0,0,0,Kleindöttingen,,EA,2026-03-06,null,null,null,null,"Per vendor, delivered 8/5",null,2026-06-26,2026-06-12,null,2026-06-12,2026-06-12,2026-05-11,2026-01-29,null,null,null,null,2026-05-11,null,null,null,null,TRUE,5,SITE,,,null,null,2026-08-18,2026-08-18,null,null,null,null,2026-07-17,null,2026-06-26,,2026-08-18,,Water Intake UPS,00-LVF-UPS-02,00-LVF-UPS-02,null
33634,429,22,oranda.barter@kiewit.com,2026-09-23 14:44:06,null,null,DDP,,Manual,1,0,0,0,Kleindöttingen,,EA,2026-05-01,null,null,null,null,,null,2026-09-04,null,null,2027-08-21,2027-08-21,2026-08-03,2026-01-29,null,null,null,null,2026-08-03,null,null,null,null,TRUE,5,SITE,,,null,null,2026-10-30,2027-03-20,null,null,null,null,null,null,2026-09-04,,2027-03-20,,Fire Water Storage UPS,00-LVF- UPS-01,00-LVF- UPS-01,null
34372,398,2,oranda.barter@kiewit.com,2026-09-25 14:22:20,null,null,DDP,,Manual,1,1,0,1,"West Chester, PA",,EA,2026-08-06,2026-08-06,null,null,null,PHASE A UNITS,null,2026-08-28,2026-08-26,null,2026-08-26,2026-08-21,2026-08-03,2026-01-22,null,2026-01-22,null,null,2026-08-07,2026-08-07,null,null,2026-07-30,TRUE,14,SITE,,,2026-09-01,null,2026-09-01,2026-09-01,null,null,null,null,2026-08-31,null,2026-08-28,,2026-08-01,PRO.CPA.1290,Power Block Air Dryer,05-INA-ADY-01A,05-INA-ADY-01A,null
34374,398,4,oranda.barter@kiewit.com,2026-09-25 14:22:20,null,null,DDP,,Manual,1,1,0,1,"Lebanon, VA",,EA,2026-08-06,2026-08-06,null,null,null,PHASE A UNITS,null,2026-08-28,2026-08-26,null,2026-08-26,2026-08-21,2026-07-17,2026-01-22,null,2026-01-22,null,null,2026-08-07,2026-08-07,null,null,2026-07-03,TRUE,14,SITE,,,2026-09-11,null,2026-09-11,2026-09-01,null,null,null,null,2026-09-10,null,2026-09-08,,2026-08-01,PRO.CPA.1290,Power Block Wet Air Receiver,05-INA-REC-01,05-INA-REC-01,null
34377,398,7,oranda.barter@kiewit.com,2026-09-25 14:22:20,null,null,DDP,,Manual,1,1,0,1,"West Chester, PA",,EA,2026-08-06,2026-08-06,null,null,null,PHASE A UNITS,null,2026-08-28,2026-08-26,null,2026-08-26,2026-08-21,2026-08-03,2026-01-22,null,2026-01-22,null,null,2026-08-07,2026-08-07,null,null,2026-07-30,TRUE,14,SITE,,,2026-09-01,null,2026-09-01,2026-09-01,null,null,null,null,2026-08-31,null,2026-08-28,,2026-08-01,PRO.CPA.1290,Power Block Air Dryer,05-INA-ADY-01B,05-INA-ADY-01B,null
34380,398,10,oranda.barter@kiewit.com,2026-09-25 14:22:20,null,null,DDP,,Manual,1,1,0,1,"West Chester, PA",,EA,2026-08-06,2026-08-06,null,null,null,PHASE A UNITS,null,2026-08-28,2026-08-26,null,2026-08-26,2026-08-21,2026-08-03,2026-01-22,null,2026-01-22,null,null,2026-08-07,2026-08-07,null,null,2026-07-30,TRUE,14,SITE,,,2026-09-01,null,2026-09-01,2026-09-01,null,null,null,null,2026-08-31,null,2026-08-28,,2026-08-01,PRO.CPA.1180,Power Block Air Dryer,06-INA-ADY-01A,06-INA-ADY-01A,null
34382,398,12,oranda.barter@kiewit.com,2026-09-25 14:22:20,null,null,DDP,,Manual,1,1,0,1,"Lebanon, VA",,EA,2026-08-06,2026-08-06,null,null,null,PHASE A UNITS,null,2026-08-28,2026-08-26,null,2026-08-26,2026-08-21,2026-07-17,2026-01-22,null,2026-01-22,null,null,2026-08-07,2026-08-07,null,null,2026-07-03,TRUE,14,SITE,,,2026-09-11,null,2026-09-11,2026-09-01,null,null,null,null,2026-09-10,null,2026-08-28,,2026-08-01,PRO.CPA.1180,Power Block Wet Air Receiver,06-INA-REC-01,06-INA-REC-01,null
34385,398,15,oranda.barter@kiewit.com,2026-09-25 14:22:20,null,null,DDP,,Manual,1,1,0,1,"West Chester, PA",,EA,2026-08-06,2026-08-06,null,null,null,PHASE A UNITS,null,2026-08-28,2026-08-26,null,2026-08-26,2026-08-21,2026-08-03,2026-01-22,null,2026-01-22,null,null,2026-08-07,2026-08-07,null,null,2026-07-30,TRUE,14,SITE,,,2026-09-01,null,2026-09-01,2026-09-01,null,null,null,null,2026-08-31,null,2026-08-28,,2026-08-01,PRO.CPA.1180,Power Block Air Dryer,06-INA-ADY-01B,06-INA-ADY-01B,null
34388,398,18,oranda.barter@kiewit.com,2026-09-25 14:22:20,null,null,DDP,,Manual,1,1,3,1,"West Chester, PA",,EA,2026-08-06,2026-08-06,null,null,null,PHASE A UNITS,null,2026-08-28,2026-08-26,null,2026-08-26,2026-08-21,2026-08-03,2026-01-22,null,2026-01-22,null,null,2026-08-07,2026-08-07,null,null,2026-07-30,TRUE,14,SITE,,,2026-09-01,null,2026-09-01,2026-09-01,null,null,null,null,2026-08-31,null,2026-08-28,,2026-08-01,PRO.EE.MECH.1210,Water Treatment Air Dryer,91-INA-ADY-02A,91-INA-ADY-02A,null
34390,398,20,oranda.barter@kiewit.com,2026-09-25 14:22:20,null,null,DDP,,Manual,1,1,3,1,"Lebanon, VA",,EA,2026-08-06,2026-08-06,null,null,null,PHASE A UNITS,null,2026-08-28,2026-08-26,null,2026-08-26,2026-08-21,2026-07-17,2026-01-22,null,2026-01-22,null,null,2026-08-07,2026-08-07,null,null,2026-07-03,TRUE,14,SITE,,,2026-09-11,null,2026-09-11,2026-09-01,null,null,null,null,2026-09-10,null,2026-09-08,,2026-08-01,PRO.EE.MECH.1210,Water Treatment Wet Air Receiver,91-INA-REC-04,91-INA-REC-04,null
34391,398,21,oranda.barter@kiewit.com,2026-09-25 14:22:20,null,null,DDP,,Manual,1,1,3,1,"Lebanon, VA",,EA,2026-08-06,2026-08-06,null,null,null,PHASE A UNITS,null,2026-08-28,2026-08-26,null,2026-08-26,2026-08-21,2026-07-08,2026-01-22,null,2026-01-22,null,null,2026-08-07,2026-08-07,null,null,2026-06-26,TRUE,14,SITE,,,2026-09-11,null,2026-09-11,2026-09-01,null,null,null,null,2026-09-10,null,2026-09-08,,2026-08-01,PRO.EE.MECH.1210,Water Treatment IWT Air Receiver,94-INA-REC-01,94-INA-REC-01,null
34392,398,22,oranda.barter@kiewit.com,2026-09-25 14:22:20,null,null,DDP,,Manual,1,1,3,1,"Lebanon, VA",,EA,2026-08-06,2026-08-06,null,null,null,PHASE A UNITS,null,2026-08-28,2026-08-26,null,2026-08-26,2026-08-21,2026-07-30,2026-01-22,null,2026-01-22,null,null,2026-08-07,2026-08-07,null,null,2026-07-10,TRUE,14,SITE,,,2026-09-11,null,2026-09-11,2026-09-01,null,null,null,null,2026-09-10,null,2026-09-08,,2026-08-01,PRO.EE.MECH.1210,Water Treatment DryAir Receiver,91-INA-REC-05,91-INA-REC-05,null
34394,398,24,oranda.barter@kiewit.com,2026-09-25 14:22:20,null,null,DDP,,Manual,1,1,3,1,"West Chester, PA",,EA,2026-08-06,2026-08-06,null,null,null,PHASE A UNITS,null,2026-08-28,2026-08-26,null,2026-08-26,2026-08-21,2026-08-03,2026-01-22,null,2026-01-22,null,null,2026-08-07,2026-08-07,null,null,2026-07-30,TRUE,14,SITE,,,2026-09-01,null,2026-09-01,2026-09-01,null,null,null,null,2026-08-31,null,2026-08-28,,2026-08-01,PRO.EE.MECH.1210,Water Treatment Air Dryer,91-INA-ADY-02B,91-INA-ADY-02B,null
34396,398,26,oranda.barter@kiewit.com,2026-09-25 14:22:20,null,null,DDP,,Manual,1,0,3,0,"Mocksville, NC",,EA,2026-10-02,2026-10-02,null,null,null,PHASE B UNITS,null,2026-10-27,null,null,2026-10-19,2026-10-19,null,2026-01-22,null,2026-01-22,null,null,2026-10-05,2026-10-05,null,null,null,TRUE,14,SITE,,,null,null,2026-11-01,2026-11-01,null,null,null,null,null,null,2026-10-27,,2026-11-01,PRO.CPA.1040,Power Block Air Compressor,02-INA-CMP-01A,02-INA-CMP-01A,null
34397,398,27,oranda.barter@kiewit.com,2026-09-25 14:22:20,null,null,DDP,,Manual,1,0,3,0,"West Chester, PA",,EA,2026-10-02,2026-10-02,null,null,null,PHASE B UNITS,null,2026-10-27,null,null,2026-10-19,2026-10-19,null,2026-01-22,null,2026-01-22,null,null,2026-10-05,2026-10-05,null,null,null,TRUE,14,SITE,,,null,null,2026-11-01,2026-11-01,null,null,null,null,null,null,2026-10-27,,2026-11-01,PRO.CPA.1040,Power Block Air Dryer,02-INA-ADY-01A,02-INA-ADY-01A,null
34398,398,28,oranda.barter@kiewit.com,2026-09-25 14:22:20,null,null,DDP,,Manual,1,0,3,0,"Charlotte, NC",,EA,2026-10-02,2026-10-02,null,null,null,PHASE B UNITS,null,2026-10-27,null,null,2026-10-19,2026-10-19,null,2026-01-22,null,2026-01-22,null,null,2026-10-05,2026-10-05,null,null,null,TRUE,14,SITE,,,null,null,2026-11-01,2026-11-01,null,null,null,null,null,null,2026-10-27,,2026-11-01,PRO.CPA.1040,Power Block Trim Cooler,02-INA-CLR-01A,02-INA-CLR-01A,null
34399,398,29,oranda.barter@kiewit.com,2026-09-25 14:22:20,null,null,DDP,,Manual,1,0,0,0,"Lebanon, VA",,EA,2026-10-02,2026-10-02,null,null,null,PHASE B UNITS,null,2026-11-20,null,null,2026-10-19,2026-10-19,null,2026-01-22,null,2026-01-22,null,null,2026-10-05,2026-10-05,null,null,null,TRUE,14,SITE,,,null,null,2026-11-24,2026-11-24,null,null,null,null,null,null,2026-11-20,,2026-11-01,PRO.CPA.1040,Power Block Wet Air Receiver,02-INA-REC-01,02-INA-REC-01,null
34400,398,30,oranda.barter@kiewit.com,2026-09-25 14:22:20,null,null,DDP,,Manual,1,0,0,0,"Lebanon, VA",,EA,2026-10-02,2026-10-02,null,null,null,PHASE B UNITS,null,2026-11-20,null,null,2026-10-19,2026-10-19,null,2026-01-22,null,2026-01-22,null,null,2026-10-05,2026-10-05,null,null,null,TRUE,14,SITE,,,null,null,2026-11-24,2026-11-24,null,null,null,null,null,null,2026-11-20,,2026-11-01,PRO.CPA.1040,Power Block Dry Air Receiver,02-INA-REC-02,02-INA-REC-02,null
34401,398,31,oranda.barter@kiewit.com,2026-09-25 14:22:20,null,null,DDP,,Manual,1,0,3,0,"Mocksville, NC",,EA,2026-10-02,2026-10-02,null,null,null,PHASE B UNITS,null,2026-10-27,null,null,2026-10-19,2026-10-19,null,2026-01-22,null,2026-01-22,null,null,2026-10-05,2026-10-05,null,null,null,TRUE,14,SITE,,,null,null,2026-11-01,2026-11-01,null,null,null,null,null,null,2026-10-27,,2026-11-01,PRO.CPA.1040,Power Block Air Compressor,02-INA-CMP-01B,02-INA-CMP-01B,null
34402,398,32,oranda.barter@kiewit.com,2026-09-25 14:22:20,null,null,DDP,,Manual,1,0,3,0,"West Chester, PA",,EA,2026-10-02,2026-10-02,null,null,null,PHASE B UNITS,null,2026-10-27,null,null,2026-10-19,2026-10-19,null,2026-01-22,null,2026-01-22,null,null,2026-10-05,2026-10-05,null,null,null,TRUE,14,SITE,,,null,null,2026-11-01,2026-11-01,null,null,null,null,null,null,2026-10-27,,2026-11-01,PRO.CPA.1040,Power Block Air Dryer,02-INA-ADY-01B,02-INA-ADY-01B,null
34403,398,33,oranda.barter@kiewit.com,2026-09-25 14:22:20,null,null,DDP,,Manual,1,0,3,0,"Charlotte, NC",,EA,2026-10-02,2026-10-02,null,null,null,PHASE B UNITS,null,2026-10-27,null,null,2026-10-19,2026-10-19,null,2026-01-22,null,2026-01-22,null,null,2026-10-05,2026-10-05,null,null,null,TRUE,14,SITE,,,null,null,2026-11-01,2026-11-01,null,null,null,null,null,null,2026-10-27,,2026-11-01,PRO.CPA.1040,Power Block Trim Cooler,02-INA-CLR-01B,02-INA-CLR-01B,null
34404,398,34,oranda.barter@kiewit.com,2026-09-25 14:22:20,null,null,DDP,,Manual,1,0,3,0,"Mocksville, NC",,EA,2026-10-02,2026-10-02,null,null,null,PHASE B UNITS,null,2026-10-27,null,null,2026-10-19,2026-10-19,null,2026-01-22,null,2026-01-22,null,null,2026-10-05,2026-10-05,null,null,null,TRUE,14,SITE,,,null,null,2026-11-01,2026-11-01,null,null,null,null,null,null,2026-10-27,,2026-11-01,PRO.CPA.1280,Power Block Air Compressor,03-INA-CMP-01A,03-INA-CMP-01A,null
34405,398,35,oranda.barter@kiewit.com,2026-09-25 14:22:20,null,null,DDP,,Manual,1,0,3,0,"West Chester, PA",,EA,2026-10-02,2026-10-02,null,null,null,PHASE B UNITS,null,2026-10-27,null,null,2026-10-19,2026-10-19,null,2026-01-22,null,2026-01-22,null,null,2026-10-05,2026-10-05,null,null,null,TRUE,14,SITE,,,null,null,2026-11-01,2026-11-01,null,null,null,null,null,null,2026-10-27,,2026-11-01,PRO.CPA.1280,Power Block Air Dryer,03-INA-ADY-01A,03-INA-ADY-01A,null
34406,398,36,oranda.barter@kiewit.com,2026-09-25 14:22:20,null,null,DDP,,Manual,1,0,3,0,"Charlotte, NC",,EA,2026-10-02,2026-10-02,null,null,null,PHASE B UNITS,null,2026-10-27,null,null,2026-10-19,2026-10-19,null,2026-01-22,null,2026-01-22,null,null,2026-10-05,2026-10-05,null,null,null,TRUE,14,SITE,,,null,null,2026-11-01,2026-11-01,null,null,null,null,null,null,2026-10-27,,2026-11-01,PRO.CPA.1280,Power Block Trim Cooler,03-INA-CLR-01A,03-INA-CLR-01A,null
34407,398,37,oranda.barter@kiewit.com,2026-09-25 14:22:20,null,null,DDP,,Manual,1,0,0,0,"Lebanon, VA",,EA,2026-10-02,2026-10-02,null,null,null,PHASE B UNITS,null,2026-11-20,null,null,2026-10-19,2026-10-19,null,2026-01-22,null,2026-01-22,null,null,2026-10-05,2026-10-05,null,null,null,TRUE,14,SITE,,,null,null,2026-11-24,2026-11-24,null,null,null,null,null,null,2026-11-20,,2026-11-01,PRO.CPA.1280,Power Block Wet Air Receiver,03-INA-REC-01,03-INA-REC-01,null
34408,398,38,oranda.barter@kiewit.com,2026-09-25 14:22:20,null,null,DDP,,Manual,1,0,0,0,"Lebanon, VA",,EA,2026-10-02,2026-10-02,null,null,null,PHASE B UNITS,null,2026-11-20,null,null,2026-10-19,2026-10-19,null,2026-01-22,null,2026-01-22,null,null,2026-10-05,2026-10-05,null,null,null,TRUE,14,SITE,,,null,null,2026-11-24,2026-11-24,null,null,null,null,null,null,2026-11-20,,2026-11-01,PRO.CPA.1280,Power Block Dry Air Receiver,03-INA-REC-02,03-INA-REC-02,null
34409,398,39,oranda.barter@kiewit.com,2026-09-25 14:22:20,null,null,DDP,,Manual,1,0,3,0,"Mocksville, NC",,EA,2026-10-02,2026-10-02,null,null,null,PHASE B UNITS,null,2026-10-27,null,null,2026-10-19,2026-10-19,null,2026-01-22,null,2026-01-22,null,null,2026-10-05,2026-10-05,null,null,null,TRUE,14,SITE,,,null,null,2026-11-01,2026-11-01,null,null,null,null,null,null,2026-10-27,,2026-11-01,PRO.CPA.1280,Power Block Air Compressor,03-INA-CMP-01B,03-INA-CMP-01B,null
34410,398,40,oranda.barter@kiewit.com,2026-09-25 14:22:20,null,null,DDP,,Manual,1,0,3,0,"West Chester, PA",,EA,2026-10-02,2026-10-02,null,null,null,PHASE B UNITS,null,2026-10-27,null,null,2026-10-19,2026-10-19,null,2026-01-22,null,2026-01-22,null,null,2026-10-05,2026-10-05,null,null,null,TRUE,14,SITE,,,null,null,2026-11-01,2026-11-01,null,null,null,null,null,null,2026-10-27,,2026-11-01,PRO.CPA.1280,Power Block Air Dryer,03-INA-ADY-01B,03-INA-ADY-01B,null
34411,398,41,oranda.barter@kiewit.com,2026-09-25 14:22:20,null,null,DDP,,Manual,1,0,3,0,"Charlotte, NC",,EA,2026-10-02,2026-10-02,null,null,null,PHASE B UNITS,null,2026-10-27,null,null,2026-10-19,2026-10-19,null,2026-01-22,null,2026-01-22,null,null,2026-10-05,2026-10-05,null,null,null,TRUE,14,SITE,,,null,null,2026-11-01,2026-11-01,null,null,null,null,null,null,2026-10-27,,2026-11-01,PRO.CPA.1280,Power Block Trim Cooler,03-INA-CLR-01B,03-INA-CLR-01B,null
34412,398,42,oranda.barter@kiewit.com,2026-09-25 14:22:20,null,null,DDP,,Manual,1,0,3,0,"Mocksville, NC",,EA,2027-01-04,2027-01-04,null,null,null,PHASE C UNITS,null,2027-01-27,null,null,2027-01-19,2027-01-19,null,2026-01-22,null,2026-01-22,null,null,2027-01-05,2027-01-05,null,null,null,TRUE,14,SITE,,,null,null,2027-02-01,2027-02-01,null,null,null,null,null,null,2027-01-27,,2027-02-01,PRO.CPA.1050,Power Block Air Compressor,07-INA-CMP-01A,07-INA-CMP-01A,null
34413,398,43,oranda.barter@kiewit.com,2026-09-25 14:22:20,null,null,DDP,,Manual,1,0,3,0,"West Chester, PA",,EA,2027-01-04,2027-01-04,null,null,null,PHASE C UNITS,null,2027-01-27,null,null,2027-01-19,2027-01-19,null,2026-01-22,null,2026-01-22,null,null,2027-01-05,2027-01-05,null,null,null,TRUE,14,SITE,,,null,null,2027-02-01,2027-02-01,null,null,null,null,null,null,2027-01-27,,2027-02-01,PRO.CPA.1050,Power Block Air Dryer,07-INA-ADY-01A,07-INA-ADY-01A,null
34414,398,44,oranda.barter@kiewit.com,2026-09-25 14:22:20,null,null,DDP,,Manual,1,0,3,0,"Charlotte, NC",,EA,2027-01-04,2027-01-04,null,null,null,PHASE C UNITS,null,2027-01-27,null,null,2027-01-19,2027-01-19,null,2026-01-22,null,2026-01-22,null,null,2027-01-05,2027-01-05,null,null,null,TRUE,14,SITE,,,null,null,2027-02-01,2027-02-01,null,null,null,null,null,null,2027-01-27,,2027-02-01,PRO.CPA.1050,Power Block Trim Cooler,07-INA-CLR-01A,07-INA-CLR-01A,null
34415,398,45,oranda.barter@kiewit.com,2026-09-25 14:22:20,null,null,DDP,,Manual,1,0,0,0,"Lebanon, VA",,EA,2027-01-04,2027-01-04,null,null,null,PHASE C UNITS,null,2027-02-01,null,null,2027-01-19,2027-01-19,null,2026-01-22,null,2026-01-22,null,null,2027-01-05,2027-01-05,null,null,null,TRUE,14,SITE,,,null,null,2027-02-04,2027-02-04,null,null,null,null,null,null,2027-02-01,,2027-02-01,PRO.CPA.1050,Power Block Wet Air Receiver,07-INA-REC-01,07-INA-REC-01,null
34416,398,46,oranda.barter@kiewit.com,2026-09-25 14:22:20,null,null,DDP,,Manual,1,0,0,0,"Lebanon, VA",,EA,2027-01-04,2027-01-04,null,null,null,PHASE C UNITS,null,2027-02-01,null,null,2027-01-19,2027-01-19,null,2026-01-22,null,2026-01-22,null,null,2027-01-05,2027-01-05,null,null,null,TRUE,14,SITE,,,null,null,2027-02-04,2027-02-04,null,null,null,null,null,null,2027-02-01,,2027-02-01,PRO.CPA.1050,Power Block Dry Air Receiver,07-INA-REC-02,07-INA-REC-02,null
34417,398,47,oranda.barter@kiewit.com,2026-09-25 14:22:20,null,null,DDP,,Manual,1,0,3,0,"Mocksville, NC",,EA,2027-01-04,2027-01-04,null,null,null,PHASE C UNITS,null,2027-01-27,null,null,2027-01-19,2027-01-19,null,2026-01-22,null,2026-01-22,null,null,2027-01-05,2027-01-05,null,null,null,TRUE,14,SITE,,,null,null,2027-02-01,2027-02-01,null,null,null,null,null,null,2027-01-27,,2027-02-01,PRO.CPA.1050,Power Block Air Compressor,07-INA-CMP-01B,07-INA-CMP-01B,null
34418,398,48,oranda.barter@kiewit.com,2026-09-25 14:22:20,null,null,DDP,,Manual,1,0,3,0,"West Chester, PA",,EA,2027-01-04,2027-01-04,null,null,null,PHASE C UNITS,null,2027-01-27,null,null,2027-01-19,2027-01-19,null,2026-01-22,null,2026-01-22,null,null,2027-01-05,2027-01-05,null,null,null,TRUE,14,SITE,,,null,null,2027-02-01,2027-02-01,null,null,null,null,null,null,2027-01-27,,2027-02-01,PRO.CPA.1050,Power Block Air Dryer,07-INA-ADY-01B,07-INA-ADY-01B,null
34419,398,49,oranda.barter@kiewit.com,2026-09-25 14:22:20,null,null,DDP,,Manual,1,0,3,0,"Charlotte, NC",,EA,2027-01-04,2027-01-04,null,null,null,PHASE C UNITS,null,2027-01-27,null,null,2027-01-19,2027-01-19,null,2026-01-22,null,2026-01-22,null,null,2027-01-05,2027-01-05,null,null,null,TRUE,14,SITE,,,null,null,2027-02-01,2027-02-01,null,null,null,null,null,null,2027-01-27,,2027-02-01,PRO.CPA.1050,Power Block Trim Cooler,07-INA-CLR-01B,07-INA-CLR-01B,null
34420,398,50,oranda.barter@kiewit.com,2026-09-25 14:22:20,null,null,DDP,,Manual,1,0,3,0,"Mocksville, NC",,EA,2027-04-01,2027-04-01,null,null,null,PHASE D UNITS,null,2027-04-27,null,null,2027-04-19,2027-04-19,null,2026-01-22,null,2026-01-22,null,null,2027-04-05,2027-04-05,null,null,null,TRUE,14,SITE,,,null,null,2027-05-01,2027-05-01,null,null,null,null,null,null,2027-04-27,,2027-05-01,PRO.CPA.1060,Power Block Air Compressor,04-INA-CMP-01A,04-INA-CMP-01A,null
34421,398,51,oranda.barter@kiewit.com,2026-09-25 14:22:20,null,null,DDP,,Manual,1,0,3,0,"West Chester, PA",,EA,2027-04-01,2027-04-01,null,null,null,PHASE D UNITS,null,2027-04-27,null,null,2027-04-19,2027-04-19,null,2026-01-22,null,2026-01-22,null,null,2027-04-05,2027-04-05,null,null,null,TRUE,14,SITE,,,null,null,2027-05-01,2027-05-01,null,null,null,null,null,null,2027-04-27,,2027-05-01,PRO.CPA.1060,Power Block Air Dryer,04-INA-ADY-01A,04-INA-ADY-01A,null
34422,398,52,oranda.barter@kiewit.com,2026-09-25 14:22:20,null,null,DDP,,Manual,1,0,3,0,"Charlotte, NC",,EA,2027-04-01,2027-04-01,null,null,null,PHASE D UNITS,null,2027-04-27,null,null,2027-04-19,2027-04-19,null,2026-01-22,null,2026-01-22,null,null,2027-04-05,2027-04-05,null,null,null,TRUE,14,SITE,,,null,null,2027-05-01,2027-05-01,null,null,null,null,null,null,2027-04-27,,2027-05-01,PRO.CPA.1060,Power Block Trim Cooler,04-INA-CLR-01A,04-INA-CLR-01A,null
34423,398,53,oranda.barter@kiewit.com,2026-09-25 14:22:20,null,null,DDP,,Manual,1,0,0,0,"Lebanon, VA",,EA,2027-04-01,2027-04-01,null,null,null,PHASE D UNITS,null,2027-05-03,null,null,2027-04-19,2027-04-19,null,2026-01-22,null,2026-01-22,null,null,2027-04-05,2027-04-05,null,null,null,TRUE,14,SITE,,,null,null,2027-05-06,2027-05-06,null,null,null,null,null,null,2027-05-03,,2027-05-01,PRO.CPA.1060,Power Block Wet Air Receiver,04-INA-REC-01,04-INA-REC-01,null
34424,398,54,oranda.barter@kiewit.com,2026-09-25 14:22:20,null,null,DDP,,Manual,1,0,0,0,"Lebanon, VA",,EA,2027-04-01,2027-04-01,null,null,null,PHASE D UNITS,null,2027-05-03,null,null,2027-04-19,2027-04-19,null,2026-01-22,null,2026-01-22,null,null,2027-04-05,2027-04-05,null,null,null,TRUE,14,SITE,,,null,null,2027-05-06,2027-05-06,null,null,null,null,null,null,2027-05-03,,2027-05-01,PRO.CPA.1060,Power Block Dry Air Receiver,04-INA-REC-02,04-INA-REC-02,null
34425,398,55,oranda.barter@kiewit.com,2026-09-25 14:22:20,null,null,DDP,,Manual,1,0,3,0,"Mocksville, NC",,EA,2027-04-01,2027-04-01,null,null,null,PHASE D UNITS,null,2027-04-27,null,null,2027-04-19,2027-04-19,null,2026-01-22,null,2026-01-22,null,null,2027-04-05,2027-04-05,null,null,null,TRUE,14,SITE,,,null,null,2027-05-01,2027-05-01,null,null,null,null,null,null,2027-04-27,,2027-05-01,PRO.CPA.1060,Power Block Air Compressor,04-INA-CMP-01B,04-INA-CMP-01B,null
34426,398,56,oranda.barter@kiewit.com,2026-09-25 14:22:20,null,null,DDP,,Manual,1,0,3,0,"West Chester, PA",,EA,2027-04-01,2027-04-01,null,null,null,PHASE D UNITS,null,2027-04-27,null,null,2027-04-19,2027-04-19,null,2026-01-22,null,2026-01-22,null,null,2027-04-05,2027-04-05,null,null,null,TRUE,14,SITE,,,null,null,2027-05-01,2027-05-01,null,null,null,null,null,null,2027-04-27,,2027-05-01,PRO.CPA.1060,Power Block Air Dryer,04-INA-ADY-01B,04-INA-ADY-01B,null
34427,398,57,oranda.barter@kiewit.com,2026-09-25 14:22:20,null,null,DDP,,Manual,1,0,3,0,"Charlotte, NC",,EA,2027-04-01,2027-04-01,null,null,null,PHASE D UNITS,null,2027-04-27,null,null,2027-04-19,2027-04-19,null,2026-01-22,null,2026-01-22,null,null,2027-04-05,2027-04-05,null,null,null,TRUE,14,SITE,,,null,null,2027-05-01,2027-05-01,null,null,null,null,null,null,2027-04-27,,2027-05-01,PRO.CPA.1060,Power Block Trim Cooler,04-INA-CLR-01B,04-INA-CLR-01B,null
34428,398,58,oranda.barter@kiewit.com,2026-09-25 14:22:20,null,null,DDP,,Manual,1,0,3,0,"Mocksville, NC",,EA,2027-07-01,2027-07-01,null,null,null,PHASE E UNITS,null,2027-08-02,null,null,2027-07-26,2027-07-19,null,2026-01-22,null,2026-01-22,null,null,2027-07-05,2027-07-05,null,null,null,TRUE,14,SITE,,,null,null,2027-08-06,2027-08-01,null,null,null,null,null,null,2027-08-02,,2027-08-01,PRO.CPA.1070,Power Block Air Compressor,01-INA-CMP-01A,01-INA-CMP-01A,null
34429,398,59,oranda.barter@kiewit.com,2026-09-25 14:22:20,null,null,DDP,,Manual,1,0,3,0,"West Chester, PA",,EA,2027-07-01,2027-07-01,null,null,null,PHASE E UNITS,null,2027-08-02,null,null,2027-07-26,2027-07-19,null,2026-01-22,null,2026-01-22,null,null,2027-07-05,2027-07-05,null,null,null,TRUE,14,SITE,,,null,null,2027-08-06,2027-08-01,null,null,null,null,null,null,2027-08-02,,2027-08-01,PRO.CPA.1070,Power Block Air Dryer,01-INA-ADY-01A,01-INA-ADY-01A,null
34430,398,60,oranda.barter@kiewit.com,2026-09-25 14:22:20,null,null,DDP,,Manual,1,0,3,0,"Charlotte, NC",,EA,2027-07-01,2027-07-01,null,null,null,PHASE E UNITS,null,2027-08-02,null,null,2027-07-26,2027-07-19,null,2026-01-22,null,2026-01-22,null,null,2027-07-05,2027-07-05,null,null,null,TRUE,14,SITE,,,null,null,2027-08-06,2027-08-01,null,null,null,null,null,null,2027-08-02,,2027-08-01,PRO.CPA.1070,Power Block Trim Cooler,01-INA-CLR-01A,01-INA-CLR-01A,null
34431,398,61,oranda.barter@kiewit.com,2026-09-25 14:22:20,null,null,DDP,,Manual,1,0,0,0,"Lebanon, VA",,EA,2027-07-01,2027-07-01,null,null,null,PHASE E UNITS,null,2027-08-02,null,null,2027-07-26,2027-07-19,null,2026-01-22,null,2026-01-22,null,null,2027-07-05,2027-07-05,null,null,null,TRUE,14,SITE,,,null,null,2027-08-06,2027-08-05,null,null,null,null,null,null,2027-08-02,,2027-08-01,PRO.CPA.1070,Power Block Wet Air Receiver,01-INA-REC-01,01-INA-REC-01,null
34432,398,62,oranda.barter@kiewit.com,2026-09-25 14:22:20,null,null,DDP,,Manual,1,0,0,0,"Lebanon, VA",,EA,2027-07-01,2027-07-01,null,null,null,PHASE E UNITS,null,2027-08-02,null,null,2027-07-26,2027-07-19,null,2026-01-22,null,2026-01-22,null,null,2027-07-05,2027-07-05,null,null,null,TRUE,14,SITE,,,null,null,2027-08-06,2027-08-05,null,null,null,null,null,null,2027-08-02,,2027-08-01,PRO.CPA.1070,Power Block Dry Air Receiver,01-INA-REC-02,01-INA-REC-02,null
34433,398,63,oranda.barter@kiewit.com,2026-09-25 14:22:20,null,null,DDP,,Manual,1,0,3,0,"Mocksville, NC",,EA,2027-07-01,2027-07-01,null,null,null,PHASE E UNITS,null,2027-08-02,null,null,2027-07-26,2027-07-19,null,2026-01-22,null,2026-01-22,null,null,2027-07-05,2027-07-05,null,null,null,TRUE,14,SITE,,,null,null,2027-08-06,2027-08-01,null,null,null,null,null,null,2027-08-02,,2027-08-01,PRO.CPA.1070,Power Block Air Compressor,01-INA-CMP-01B,01-INA-CMP-01B,null
34434,398,64,oranda.barter@kiewit.com,2026-09-25 14:22:20,null,null,DDP,,Manual,1,0,3,0,"West Chester, PA",,EA,2027-07-01,2027-07-01,null,null,null,PHASE E UNITS,null,2027-08-02,null,null,2027-07-26,2027-07-19,null,2026-01-22,null,2026-01-22,null,null,2027-07-05,2027-07-05,null,null,null,TRUE,14,SITE,,,null,null,2027-08-06,2027-08-01,null,null,null,null,null,null,2027-08-02,,2027-08-01,PRO.CPA.1070,Power Block Air Dryer,01-INA-ADY-01B,01-INA-ADY-01B,null
34435,398,65,oranda.barter@kiewit.com,2026-09-25 14:22:20,null,null,DDP,,Manual,1,0,3,0,"Charlotte, NC",,EA,2027-07-01,2027-07-01,null,null,null,PHASE E UNITS,null,2027-08-02,null,null,2027-07-26,2027-07-19,null,2026-01-22,null,2026-01-22,null,null,2027-07-05,2027-07-05,null,null,null,TRUE,14,SITE,,,null,null,2027-08-06,2027-08-01,null,null,null,null,null,null,2027-08-02,,2027-08-01,PRO.CPA.1070,Power Block Trim Cooler,01-INA-CLR-01B,01-INA-CLR-01B,null
34442,411,1,oranda.barter@kiewit.com,2026-09-30 13:13:59,null,null,DDP,,Manual,1,0,0,0,,,EA,null,null,null,null,null,,null,2026-12-09,null,null,2026-12-08,2026-12-08,2026-06-04,null,null,null,null,null,2026-06-04,2026-06-04,null,null,null,TRUE,10,SITE,,,null,null,2026-12-11,2026-12-11,null,null,null,null,null,null,2026-12-09,,2026-12-15,,Tepid Water Skid,05-PWS-SKD-01,0X-PWS-SKD-01,null
34443,411,2,oranda.barter@kiewit.com,2026-09-30 13:13:59,null,null,DDP,,Manual,2,0,0,0,,,EA,null,null,null,null,null,,null,2026-09-17,null,null,2026-12-08,2026-12-08,2026-04-10,null,null,null,null,null,2026-04-10,2026-04-10,null,null,null,TRUE,10,SITE,,,null,null,2026-12-11,2026-12-11,null,null,null,null,null,null,2026-09-17,,2026-12-15,,Tepid Water PUMPA/B,05-PWS-PMP-01A/B,0X-PWS-SKD-01,null
34444,411,3,oranda.barter@kiewit.com,2026-09-30 13:13:59,null,null,DDP,,Manual,2,0,0,0,,,EA,null,null,null,null,null,,null,2026-09-10,null,null,2026-12-08,2026-12-08,2026-04-10,null,null,null,null,null,2026-04-10,2026-04-10,null,null,null,TRUE,10,SITE,,,null,null,2026-12-11,2026-12-11,null,null,null,null,null,null,2026-09-10,,2026-12-15,,Tepid Water PUMPA/B MOTOR,05-PWS-MPM-01A/B,0X-PWS-SKD-01,null
34445,411,4,oranda.barter@kiewit.com,2026-09-30 13:13:59,null,null,DDP,,Manual,1,0,0,0,,,EA,null,null,null,null,null,,null,2026-12-09,null,null,2026-12-08,2026-12-08,2026-06-04,null,null,null,null,null,2026-06-04,2026-06-04,null,null,null,TRUE,10,SITE,,,null,null,2026-12-11,2026-12-11,null,null,null,null,null,null,2026-12-09,,2026-12-15,,Tepid Water Skid,06-PWS-SKD-01,0X-PWS-SKD-01,null
34446,411,5,oranda.barter@kiewit.com,2026-09-30 13:13:59,null,null,DDP,,Manual,2,0,0,0,,,EA,null,null,null,null,null,,null,2026-09-17,null,null,2026-12-08,2026-12-08,2026-04-10,null,null,null,null,null,2026-04-10,2026-04-10,null,null,null,TRUE,10,SITE,,,null,null,2026-12-11,2026-12-11,null,null,null,null,null,null,2026-09-17,,2026-12-15,,Tepid Water PUMPA/B,06-PWS-PMP-01A/B,0X-PWS-SKD-01,null
34447,411,6,oranda.barter@kiewit.com,2026-09-30 13:13:59,null,null,DDP,,Manual,2,0,0,0,,,EA,null,null,null,null,null,,null,2026-09-10,null,null,2026-12-08,2026-12-08,2026-04-10,null,null,null,null,null,2026-04-10,2026-04-10,null,null,null,TRUE,10,SITE,,,null,null,2026-12-11,2026-12-11,null,null,null,null,null,null,2026-09-10,,2026-12-15,,Tepid Water PUMPA/B MOTOR,06-PWS-MPM-01A/B,0X-PWS-SKD-01,null
34448,411,7,oranda.barter@kiewit.com,2026-09-30 13:13:59,null,null,DDP,,Manual,1,0,0,0,,,EA,null,null,null,null,null,,null,2027-01-16,null,null,2027-01-02,2027-01-02,null,null,null,null,null,null,2026-08-04,2026-08-04,null,null,null,TRUE,10,SITE,,,null,null,2027-01-19,2027-01-19,null,null,null,null,null,null,2027-01-16,,2027-02-01,,Tepid Water Skid,02-PWS-SKD-01,0X-PWS-SKD-01,null
34449,411,8,oranda.barter@kiewit.com,2026-09-30 13:13:59,null,null,DDP,,Manual,2,0,0,0,,,EA,null,null,null,null,null,,null,2026-09-17,null,null,2027-01-02,2027-01-02,2026-04-10,null,null,null,null,null,2026-04-10,2026-04-10,null,null,null,TRUE,10,SITE,,,null,null,2027-01-19,2027-01-19,null,null,null,null,null,null,2026-09-17,,2027-02-01,,Tepid Water PUMPA/B,02-PWS-PMP-01A/B,0X-PWS-SKD-01,null
34450,411,9,oranda.barter@kiewit.com,2026-09-30 13:13:59,null,null,DDP,,Manual,2,0,1,0,,,EA,null,null,null,null,null,,null,2026-09-10,null,null,2027-01-02,2027-01-02,2026-04-10,null,null,null,null,null,2026-04-10,2026-04-10,null,null,null,TRUE,10,SITE,,,null,null,2027-01-19,2027-01-19,null,null,null,null,null,null,2026-09-10,,2027-02-01,,Tepid Water PUMPA/B MOTOR,02-PWS-MPM-01A/B,0X-PWS-SKD-01,null
34451,411,10,oranda.barter@kiewit.com,2026-09-30 13:13:59,null,null,DDP,,Manual,1,0,1,0,,,EA,null,null,null,null,null,,null,2027-01-16,null,null,2027-01-02,2027-01-02,null,null,null,null,null,null,2026-08-04,2026-08-04,null,null,null,TRUE,10,SITE,,,null,null,2027-01-19,2027-01-19,null,null,null,null,null,null,2027-01-16,,2027-02-01,,Tepid Water Skid,03-PWS-SKD-01,0X-PWS-SKD-01,null
34452,411,11,oranda.barter@kiewit.com,2026-09-30 13:13:59,null,null,DDP,,Manual,2,0,1,0,,,EA,null,null,null,null,null,,null,2026-09-17,null,null,2027-01-02,2027-01-02,2026-04-10,null,null,null,null,null,2026-04-10,2026-04-10,null,null,null,TRUE,10,SITE,,,null,null,2027-01-19,2027-01-19,null,null,null,null,null,null,2026-09-17,,2027-02-01,,Tepid Water PUMPA/B,03-PWS-PMP-01A/B,0X-PWS-SKD-01,null
34453,411,12,oranda.barter@kiewit.com,2026-09-30 13:13:59,null,null,DDP,,Manual,2,0,1,0,,,EA,null,null,null,null,null,,null,2026-09-10,null,null,2027-01-02,2027-01-02,2026-04-10,null,null,null,null,null,2026-04-10,2026-04-10,null,null,null,TRUE,10,SITE,,,null,null,2027-01-19,2027-01-19,null,null,null,null,null,null,2026-09-10,,2027-02-01,,Tepid Water PUMPA/B MOTOR,03-PWS-MPM-01A/B,0X-PWS-SKD-01,null
34454,411,13,oranda.barter@kiewit.com,2026-09-30 13:13:59,null,null,DDP,,Manual,1,0,1,0,,,EA,null,null,null,null,null,,null,2027-03-18,null,null,2027-03-16,2027-03-16,null,null,null,null,null,null,2026-10-05,2026-10-05,null,null,null,TRUE,10,SITE,,,null,null,2027-03-22,2027-03-22,null,null,null,null,null,null,2027-03-18,,2027-04-01,,Tepid Water Skid,07-PWS-SKD-01,0X-PWS-SKD-01,null
34455,411,14,oranda.barter@kiewit.com,2026-09-30 13:13:59,null,null,DDP,,Manual,2,0,1,0,,,EA,null,null,null,null,null,,null,2026-09-17,null,null,2027-03-16,2027-03-16,2026-05-01,null,null,null,null,null,2026-05-01,2026-05-01,null,null,null,TRUE,10,SITE,,,null,null,2027-03-22,2027-03-22,null,null,null,null,null,null,2026-09-17,,2027-04-01,,Tepid Water PUMPA/B,07-PWS-PMP-01A/B,0X-PWS-SKD-01,null
34456,411,15,oranda.barter@kiewit.com,2026-09-30 13:13:59,null,null,DDP,,Manual,2,0,1,0,,,EA,null,null,null,null,null,,null,2026-09-10,null,null,2027-03-10,2027-03-16,2026-05-01,null,null,null,null,null,2026-05-01,2026-05-01,null,null,null,TRUE,10,SITE,,,null,null,2027-03-22,2027-03-22,null,null,null,null,null,null,2026-09-10,,2027-04-01,,Tepid Water PUMPA/B MOTOR,07-PWS-MPM-01A/B,0X-PWS-SKD-01,null
34457,411,16,oranda.barter@kiewit.com,2026-09-30 13:13:59,null,null,DDP,,Manual,1,0,1,0,,,EA,null,null,null,null,null,,null,2027-05-24,null,null,2027-05-20,2027-05-20,null,null,null,null,null,null,2026-12-07,2026-12-07,null,null,null,TRUE,10,SITE,,,null,null,2027-05-26,2027-05-26,null,null,null,null,null,null,2027-05-24,,2027-06-01,,Tepid Water Skid,04-PWS-SKD-01,0X-PWS-SKD-01,null
34458,411,17,oranda.barter@kiewit.com,2026-09-30 13:13:59,null,null,DDP,,Manual,2,0,1,0,,,EA,null,null,null,null,null,,null,2026-09-17,null,null,2027-05-20,2027-05-20,2026-05-01,null,null,null,null,null,2026-05-01,2026-05-01,null,null,null,TRUE,10,SITE,,,null,null,2027-05-26,2027-05-26,null,null,null,null,null,null,2026-09-17,,2027-06-01,,Tepid Water PUMPA/B,04-PWS-PMP-01A/B,0X-PWS-SKD-01,null
34459,411,18,oranda.barter@kiewit.com,2026-09-30 13:13:59,null,null,DDP,,Manual,2,0,0,0,,,EA,null,null,null,null,null,,null,2026-09-10,null,null,2027-05-20,2027-05-20,2026-05-01,null,null,null,null,null,2026-05-01,2026-05-01,null,null,null,TRUE,10,SITE,,,null,null,2027-05-26,2027-05-26,null,null,null,null,null,null,2026-09-10,,2027-06-01,,Tepid Water PUMPA/B MOTOR,04-PWS-MPM-01A/B,0X-PWS-SKD-01,null
34460,411,19,oranda.barter@kiewit.com,2026-09-30 13:13:59,null,null,DDP,,Manual,1,0,0,0,,,EA,null,null,null,null,null,,null,2027-07-19,null,null,2027-07-06,2027-07-06,null,null,null,null,null,null,2026-12-07,2026-12-07,null,null,null,TRUE,10,SITE,,,null,null,2027-07-21,2027-07-21,null,null,null,null,null,null,2027-07-19,,2027-08-01,,Tepid Water Skid,01-PWS-SKD-01,0X-PWS-SKD-01,null
34461,411,20,oranda.barter@kiewit.com,2026-09-30 13:13:59,null,null,DDP,,Manual,2,0,0,0,,,EA,null,null,null,null,null,,null,2027-09-17,null,null,2027-07-06,2027-07-06,2026-05-01,null,null,null,null,null,2026-05-01,2026-05-01,null,null,null,TRUE,10,SITE,,,null,null,2027-07-21,2027-07-21,null,null,null,null,null,null,2026-09-17,,2027-08-01,,Tepid Water PUMPA/B,01-PWS-PMP-01A/B,0X-PWS-SKD-01,null
34462,411,21,oranda.barter@kiewit.com,2026-09-30 13:13:59,null,null,DDP,,Manual,2,0,0,0,,,EA,null,null,null,null,null,,null,2026-09-10,null,null,2027-07-06,2027-07-06,2026-05-01,null,null,null,null,null,2026-05-01,2026-05-01,null,null,null,TRUE,10,SITE,,,null,null,2027-07-21,2027-07-21,null,null,null,null,null,null,2026-09-10,,2027-08-01,,Tepid Water PUMPA/B MOTOR,01-PWS-MPM-01A/B,0X-PWS-SKD-01,null
34463,411,22,oranda.barter@kiewit.com,2026-09-30 13:13:59,null,null,DDP,,Manual,1,0,0,0,,,EA,null,null,null,null,null,,null,2026-12-11,null,null,2026-12-09,2026-12-09,2026-06-05,null,null,null,null,null,2026-06-05,2026-06-05,null,null,null,TRUE,10,SITE,,,null,null,2026-12-15,2026-12-15,null,null,null,null,null,null,2026-12-11,,2026-12-15,,Aqueous Ammonia Forwarding Pump Skid,05-AQA-SKD-01,0X-AQA-SKD-01,null
34464,411,23,oranda.barter@kiewit.com,2026-09-30 13:13:59,null,null,DDP,,Manual,2,0,0,0,,,EA,null,null,null,null,null,,null,2026-09-17,null,null,2026-12-09,2026-12-09,2026-05-01,null,null,null,null,null,2026-05-01,2026-05-01,null,null,null,TRUE,10,SITE,,,null,null,2026-12-15,2026-12-15,null,null,null,null,null,null,2026-09-17,,2026-12-15,,Aqueous Ammonia Forwarding Pumps,05-AQA-PMP-01A/B,0X-AQA-SKD-01,null
34465,411,24,oranda.barter@kiewit.com,2026-09-30 13:13:59,null,null,DDP,,Manual,2,0,0,0,,,EA,null,null,null,null,null,,null,2026-09-10,null,null,2026-12-09,2026-12-09,2026-05-01,null,null,null,null,null,2026-05-01,2026-05-01,null,null,null,TRUE,10,SITE,,,null,null,2026-12-15,2026-12-15,null,null,null,null,null,null,2026-09-10,,2026-12-15,,Aqueous Ammonia Forwarding Pump Motors,05-AQA-MPM-01A/B,0X-AQA-SKD-01,null
34466,411,25,oranda.barter@kiewit.com,2026-09-30 13:13:59,null,null,DDP,,Manual,1,0,0,0,,,EA,null,null,null,null,null,,null,2026-12-11,null,null,2026-12-09,2026-12-09,2026-06-05,null,null,null,null,null,2026-06-05,2026-06-05,null,null,null,TRUE,10,SITE,,,null,null,2026-12-15,2026-12-15,null,null,null,null,null,null,2026-12-11,,2026-12-15,,Aqueous Ammonia Forwarding Pump Skid,06-AQA-SKD-01,0X-AQA-SKD-01,null
34467,411,26,oranda.barter@kiewit.com,2026-09-30 13:13:59,null,null,DDP,,Manual,2,0,0,0,,,EA,null,null,null,null,null,,null,2026-09-17,null,null,2026-12-09,2026-12-09,2026-05-01,null,null,null,null,null,2026-05-01,2026-05-01,null,null,null,TRUE,10,SITE,,,null,null,2026-12-15,2026-12-15,null,null,null,null,null,null,2026-09-17,,2026-12-15,,Aqueous Ammonia Forwarding Pumps,06-AQA-PMP-01A/B,0X-AQA-SKD-01,null
34468,411,27,oranda.barter@kiewit.com,2026-09-30 13:13:59,null,null,DDP,,Manual,2,0,0,0,,,EA,null,null,null,null,null,,null,2026-09-10,null,null,2026-12-09,2026-12-09,2026-05-01,null,null,null,null,null,2026-05-01,2026-05-01,null,null,null,TRUE,10,SITE,,,null,null,2026-12-15,2026-12-15,null,null,null,null,null,null,2026-09-10,,2026-12-15,,Aqueous Ammonia Forwarding Pump Motors,06-AQA-MPM-01A/B,0X-AQA-SKD-01,null
34469,411,28,oranda.barter@kiewit.com,2026-09-30 13:13:59,null,null,DDP,,Manual,1,0,0,0,,,EA,null,null,null,null,null,,null,2027-01-21,null,null,2027-01-15,2027-01-15,null,null,null,null,null,null,2026-08-04,2026-08-04,null,null,null,TRUE,10,SITE,,,null,null,2027-01-25,2027-01-25,null,null,null,null,null,null,2027-01-21,,2027-02-01,,Aqueous Ammonia Forwarding Pump Skid,02-AQA-SKD-01,0X-AQA-SKD-01,null
34470,411,29,oranda.barter@kiewit.com,2026-09-30 13:13:59,null,null,DDP,,Manual,2,0,0,0,,,EA,null,null,null,null,null,,null,2026-09-17,null,null,2027-01-15,2027-01-15,2026-05-01,null,null,null,null,null,2026-05-01,2026-05-01,null,null,null,TRUE,10,SITE,,,null,null,2027-01-25,2027-01-25,null,null,null,null,null,null,2026-09-17,,2027-02-01,,Aqueous Ammonia Forwarding Pumps,02-AQA-PMP-01A/B,0X-AQA-SKD-01,null
34471,411,30,oranda.barter@kiewit.com,2026-09-30 13:13:59,null,null,DDP,,Manual,2,0,0,0,,,EA,null,null,null,null,null,,null,2026-09-10,null,null,2027-01-15,2027-01-15,2026-05-01,null,null,null,null,null,2026-05-01,2026-05-01,null,null,null,TRUE,10,SITE,,,null,null,2027-01-25,2027-01-25,null,null,null,null,null,null,2026-09-10,,2027-02-01,,Aqueous Ammonia Forwarding Pump Motors,02-AQA-MPM-01A/B,0X-AQA-SKD-01,null
34472,411,31,oranda.barter@kiewit.com,2026-09-30 13:13:59,null,null,DDP,,Manual,1,0,0,0,,,EA,null,null,null,null,null,,null,2027-01-12,null,null,2027-01-15,2027-01-15,null,null,null,null,null,null,2026-08-04,2026-08-04,null,null,null,TRUE,10,SITE,,,null,null,2027-01-25,2027-01-25,null,null,null,null,null,null,2027-01-21,,2027-02-01,,Aqueous Ammonia Forwarding Pump Skid,03-AQA-SKD-01,0X-AQA-SKD-01,null
34473,411,32,oranda.barter@kiewit.com,2026-09-30 13:13:59,null,null,DDP,,Manual,2,0,0,0,,,EA,null,null,null,null,null,,null,2026-09-17,null,null,2027-01-15,2027-01-15,2026-05-01,null,null,null,null,null,2026-05-01,2026-05-01,null,null,null,TRUE,10,SITE,,,null,null,2027-01-25,2027-01-25,null,null,null,null,null,null,2026-09-17,,2027-02-01,,Aqueous Ammonia Forwarding Pumps,03-AQA-PMP-01A/B,0X-AQA-SKD-01,null
34474,411,33,oranda.barter@kiewit.com,2026-09-30 13:13:59,null,null,DDP,,Manual,2,0,0,0,,,EA,null,null,null,null,null,,null,2026-09-10,null,null,2027-01-15,2027-01-15,2026-05-01,null,null,null,null,null,2026-05-01,2026-05-01,null,null,null,TRUE,10,SITE,,,null,null,2027-01-25,2027-01-25,null,null,null,null,null,null,2026-09-10,,2027-02-01,,Aqueous Ammonia Forwarding Pump Motors,03-AQA-MPM-01A/B,0X-AQA-SKD-01,null
34475,411,34,oranda.barter@kiewit.com,2026-09-30 13:13:59,null,null,DDP,,Manual,1,0,0,0,,,EA,null,null,null,null,null,,null,2027-03-23,null,null,2027-03-17,2027-03-17,null,null,null,null,null,null,2026-10-05,2026-10-05,null,null,null,TRUE,10,SITE,,,null,null,2027-03-25,2027-03-25,null,null,null,null,null,null,2027-03-23,,2027-04-01,,Aqueous Ammonia Forwarding Pump Skid,07-AQA-SKD-01,0X-AQA-SKD-01,null
34476,411,35,oranda.barter@kiewit.com,2026-09-30 13:13:59,null,null,DDP,,Manual,2,0,0,0,,,EA,null,null,null,null,null,,null,2026-09-17,null,null,2027-03-17,2027-03-17,2026-05-01,null,null,null,null,null,2026-05-01,2026-05-01,null,null,null,TRUE,10,SITE,,,null,null,2027-03-25,2027-03-25,null,null,null,null,null,null,2026-09-17,,2027-04-01,,Aqueous Ammonia Forwarding Pumps,07-AQA-PMP-01A/B,0X-AQA-SKD-01,null
34477,411,36,oranda.barter@kiewit.com,2026-09-30 13:13:59,null,null,DDP,,Manual,2,0,0,0,,,EA,null,null,null,null,null,,null,2026-09-10,null,null,2027-03-17,2027-03-17,2026-05-01,null,null,null,null,null,2026-05-01,2026-05-01,null,null,null,TRUE,10,SITE,,,null,null,2027-03-25,2027-03-25,null,null,null,null,null,null,2026-09-10,,2027-04-01,,Aqueous Ammonia Forwarding Pump Motors,07-AQA-MPM-01A/B,0X-AQA-SKD-01,null
34478,411,37,oranda.barter@kiewit.com,2026-09-30 13:13:59,null,null,DDP,,Manual,1,0,0,0,,,EA,null,null,null,null,null,,null,2027-05-27,null,null,2027-05-21,2027-05-21,null,null,null,null,null,null,2026-12-07,2026-12-07,null,null,null,TRUE,10,SITE,,,null,null,2027-05-31,2027-05-31,null,null,null,null,null,null,2027-05-27,,2027-06-01,,Aqueous Ammonia Forwarding Pump Skid,04-AQA-SKD-01,0X-AQA-SKD-01,null
34479,411,38,oranda.barter@kiewit.com,2026-09-30 13:13:59,null,null,DDP,,Manual,2,0,0,0,,,EA,null,null,null,null,null,,null,2026-09-17,null,null,2027-05-21,2027-05-21,2026-05-01,null,null,null,null,null,2026-05-01,2026-05-01,null,null,null,TRUE,10,SITE,,,null,null,2027-05-31,2027-05-31,null,null,null,null,null,null,2026-09-17,,2027-06-01,,Aqueous Ammonia Forwarding Pumps,04-AQA-PMP-01A/B,0X-AQA-SKD-01,null
34480,411,39,oranda.barter@kiewit.com,2026-09-30 13:13:59,null,null,DDP,,Manual,2,0,0,0,,,EA,null,null,null,null,null,,null,2026-09-10,null,null,2027-05-21,2027-05-21,2026-05-01,null,null,null,null,null,2026-05-01,2026-05-01,null,null,null,TRUE,10,SITE,,,null,null,2027-05-31,2027-05-31,null,null,null,null,null,null,2026-09-10,,2027-06-01,,Aqueous Ammonia Forwarding Pump Motors,04-AQA-MPM-01A/B,0X-AQA-SKD-01,null
34481,411,40,oranda.barter@kiewit.com,2026-09-30 13:13:59,null,null,DDP,,Manual,1,0,0,0,,,EA,null,null,null,null,null,,null,2026-12-11,null,null,2026-12-09,2026-12-09,2026-06-05,null,null,null,null,null,2026-06-05,2026-06-05,null,null,null,TRUE,10,SITE,,,null,null,2026-12-15,2026-12-11,null,null,null,null,null,null,2026-12-15,,2027-08-01,,Aqueous Ammonia Forwarding Pump Skid,01-AQA-SKD-01,0X-AQA-SKD-01,null
34482,411,41,oranda.barter@kiewit.com,2026-09-30 13:13:59,null,null,DDP,,Manual,2,0,0,0,,,EA,null,null,null,null,null,,null,2026-09-17,null,null,2026-12-09,2026-12-09,2026-04-10,null,null,null,null,null,2026-04-10,2026-04-10,null,null,null,TRUE,10,SITE,,,null,null,2026-12-15,2026-12-11,null,null,null,null,null,null,2026-09-17,,2027-08-01,,Aqueous Ammonia Forwarding Pumps,01-AQA-PMP-01A/B,0X-AQA-SKD-01,null
34483,411,42,oranda.barter@kiewit.com,2026-09-30 13:13:59,null,null,DDP,,Manual,2,0,0,0,,,EA,null,null,null,null,null,,null,2026-09-10,null,null,2026-12-09,2026-12-09,2026-04-10,null,null,null,null,null,2026-04-10,2026-04-10,null,null,null,TRUE,10,SITE,,,null,null,2026-12-15,2026-12-11,null,null,null,null,null,null,2026-09-10,,2027-08-01,,Aqueous Ammonia Forwarding Pump Motors,01-AQA-MPM-01A/B,0X-AQA-SKD-01,null
34484,411,43,oranda.barter@kiewit.com,2026-09-30 13:13:59,null,null,DDP,,Manual,1,0,0,0,,,EA,null,null,null,null,null,,null,2026-12-04,null,null,2026-11-19,2026-11-19,null,null,null,null,null,null,2026-10-26,2026-10-26,null,null,null,TRUE,10,SITE,,,null,null,2026-12-10,2026-12-10,null,null,null,null,null,null,2026-12-04,,2026-12-15,,HRSG Blowdown Sump,05-BDN-SMP-01,0X-BDN-SMP-01,null
34485,411,44,oranda.barter@kiewit.com,2026-09-30 13:13:59,null,null,DDP,,Manual,2,0,0,0,,,EA,null,null,null,null,null,,null,2026-12-04,null,null,2026-11-19,2026-11-19,2026-05-01,null,null,null,null,null,2026-05-01,2026-05-01,null,null,null,TRUE,10,SITE,,,null,null,2026-12-10,2026-12-10,null,null,null,null,null,null,2026-12-04,,2026-12-15,,HRSG Blowdown Sump Pump,05-BDN-PMP-01A/B,0X-BDN-SMP-01,null
34486,411,45,oranda.barter@kiewit.com,2026-09-30 13:13:59,null,null,DDP,,Manual,2,0,0,0,,,EA,null,null,null,null,null,,null,2026-12-04,null,null,2026-11-19,2026-11-19,2026-05-01,null,null,null,null,null,2026-05-01,2026-05-01,null,null,null,TRUE,10,SITE,,,null,null,2026-12-10,2026-12-10,null,null,null,null,null,null,2026-12-04,,2026-12-15,,HRSG Blowdown Sump Pump Motor,05-BDN-MPM-01A/B,0X-BDN-SMP-01,null
34487,411,46,oranda.barter@kiewit.com,2026-09-30 13:13:59,null,null,DDP,,Manual,1,0,0,0,,,EA,null,null,null,null,null,,null,2026-12-04,null,null,2026-11-19,2026-11-19,null,null,null,null,null,null,2026-10-26,2026-10-26,null,null,null,TRUE,10,SITE,,,null,null,2026-12-10,2026-12-10,null,null,null,null,null,null,2026-12-04,,2026-12-15,,HRSG Blowdown Sump,06-BDN-SMP-01,0X-BDN-SMP-01,null
34488,411,47,oranda.barter@kiewit.com,2026-09-30 13:13:59,null,null,DDP,,Manual,2,0,0,0,,,EA,null,null,null,null,null,,null,2026-12-04,null,null,2026-11-19,2026-11-19,2026-05-01,null,null,null,null,null,2026-05-01,2026-05-01,null,null,null,TRUE,10,SITE,,,null,null,2026-12-10,2026-12-10,null,null,null,null,null,null,2026-12-04,,2026-12-15,,HRSG Blowdown Sump Pump,06-BDN-PMP-01A/B,0X-BDN-SMP-01,null
34489,411,48,oranda.barter@kiewit.com,2026-09-30 13:13:59,null,null,DDP,,Manual,2,0,0,0,,,EA,null,null,null,null,null,,null,2026-12-04,null,null,2026-11-19,2026-11-19,2026-05-01,null,null,null,null,null,2026-05-01,2026-05-01,null,null,null,TRUE,10,SITE,,,null,null,2026-12-10,2026-12-10,null,null,null,null,null,null,2026-12-04,,2026-12-15,,HRSG Blowdown Sump Pump Motor,06-BDN-MPM-01A/B,0X-BDN-SMP-01,null
34490,411,49,oranda.barter@kiewit.com,2026-09-30 13:13:59,null,null,DDP,,Manual,1,0,2,0,,,EA,null,null,null,null,null,,null,2027-01-22,null,null,2027-01-07,2027-01-07,null,null,null,null,null,null,2026-10-26,2026-10-26,null,null,null,TRUE,10,SITE,,,null,null,2027-01-28,2027-01-28,null,null,null,null,null,null,2027-01-22,,2027-02-01,,HRSG Blowdown Sump,02-BDN-SMP-01,0X-BDN-SMP-01,null
34491,411,50,oranda.barter@kiewit.com,2026-09-30 13:13:59,null,null,DDP,,Manual,2,0,2,0,,,EA,null,null,null,null,null,,null,2026-10-23,null,null,2027-01-07,2027-01-07,2026-05-01,null,null,null,null,null,2026-05-01,2026-05-01,null,null,null,TRUE,10,SITE,,,null,null,2027-01-28,2027-01-28,null,null,null,null,null,null,2026-10-23,,2027-02-01,,HRSG Blowdown Sump Pump,02-BDN-PMP-01A/B,0X-BDN-SMP-01,null
34492,411,51,oranda.barter@kiewit.com,2026-09-30 13:13:59,null,null,DDP,,Manual,2,0,2,0,,,EA,null,null,null,null,null,,null,2026-09-10,null,null,2027-01-07,2027-01-07,2026-05-01,null,null,null,null,null,2026-05-01,2026-05-01,null,null,null,TRUE,10,SITE,,,null,null,2027-01-28,2027-01-28,null,null,null,null,null,null,2026-09-10,,2027-02-01,,HRSG Blowdown Sump Pump Motor,02-BDN-MPM-01A/B,0X-BDN-SMP-01,null
34493,411,52,oranda.barter@kiewit.com,2026-09-30 13:13:59,null,null,DDP,,Manual,1,0,2,0,,,EA,null,null,null,null,null,,null,2027-01-22,null,null,2027-01-07,2027-01-07,null,null,null,null,null,null,2026-10-26,2026-10-26,null,null,null,TRUE,10,SITE,,,null,null,2027-01-28,2027-01-28,null,null,null,null,null,null,2027-01-22,,2027-02-01,,HRSG Blowdown Sump,03-BDN-SMP-01,0X-BDN-SMP-01,null
34494,411,53,oranda.barter@kiewit.com,2026-09-30 13:13:59,null,null,DDP,,Manual,2,0,2,0,,,EA,null,null,null,null,null,,null,2026-10-23,null,null,2027-01-07,2027-01-07,2026-05-01,null,null,null,null,null,2026-05-01,2026-05-01,null,null,null,TRUE,10,SITE,,,null,null,2027-01-28,2027-01-28,null,null,null,null,null,null,2026-10-23,,2027-02-01,,HRSG Blowdown Sump Pump,03-BDN-PMP-01A/B,0X-BDN-SMP-01,null
34495,411,54,oranda.barter@kiewit.com,2026-09-30 13:13:59,null,null,DDP,,Manual,2,0,2,0,,,EA,null,null,null,null,null,,null,2026-09-10,null,null,2027-01-07,2027-01-07,2026-05-01,null,null,null,null,null,2026-05-01,2026-05-01,null,null,null,TRUE,10,SITE,,,null,null,2027-01-28,2027-01-28,null,null,null,null,null,null,2026-09-10,,2027-02-01,,HRSG Blowdown Sump Pump Motor,03-BDN-MPM-01A/B,0X-BDN-SMP-01,null
34496,411,55,oranda.barter@kiewit.com,2026-09-30 13:13:59,null,null,DDP,,Manual,1,0,2,0,,,EA,null,null,null,null,null,,null,2027-03-19,null,null,2027-03-04,2027-03-04,null,null,null,null,null,null,2026-10-26,2026-10-26,null,null,null,TRUE,10,SITE,,,null,null,2027-03-25,2027-03-25,null,null,null,null,null,null,2027-03-19,,2027-04-01,,HRSG Blowdown Sump,07-BDN-SMP-01,0X-BDN-SMP-01,null
34497,411,56,oranda.barter@kiewit.com,2026-09-30 13:13:59,null,null,DDP,,Manual,2,0,2,0,,,EA,null,null,null,null,null,,null,2026-10-23,null,null,2027-03-04,2027-03-04,2026-05-04,null,null,null,null,null,2026-05-04,2026-05-04,null,null,null,TRUE,10,SITE,,,null,null,2027-03-25,2027-03-25,null,null,null,null,null,null,2026-10-23,,2027-04-01,,HRSG Blowdown Sump Pump,07-BDN-PMP-01A/B,0X-BDN-SMP-01,null
34498,411,57,oranda.barter@kiewit.com,2026-09-30 13:13:59,null,null,DDP,,Manual,2,0,2,0,,,EA,null,null,null,null,null,,null,2026-09-10,null,null,2027-03-04,2027-03-04,2026-05-01,null,null,null,null,null,2026-05-01,2026-05-01,null,null,null,TRUE,10,SITE,,,null,null,2027-03-25,2027-03-25,null,null,null,null,null,null,2026-09-10,,2027-04-01,,HRSG Blowdown Sump Pump Motor,07-BDN-MPM-01A/B,0X-BDN-SMP-01,null
34499,411,58,oranda.barter@kiewit.com,2026-09-30 13:13:59,null,null,DDP,,Manual,1,0,2,0,,,EA,null,null,null,null,null,,null,2027-05-14,null,null,2027-04-29,2027-04-29,null,null,null,null,null,null,2026-10-26,2026-10-26,null,null,null,TRUE,10,SITE,,,null,null,2027-05-20,2027-05-20,null,null,null,null,null,null,2027-05-14,,2027-06-01,,HRSG Blowdown Sump,04-BDN-SMP-01,0X-BDN-SMP-01,null
34500,411,59,oranda.barter@kiewit.com,2026-09-30 13:13:59,null,null,DDP,,Manual,2,0,2,0,,,EA,null,null,null,null,null,,null,2026-10-23,null,null,2027-04-29,2027-04-29,2026-05-04,null,null,null,null,null,2026-05-04,2026-05-04,null,null,null,TRUE,10,SITE,,,null,null,2027-05-20,2027-05-20,null,null,null,null,null,null,2026-10-23,,2027-06-01,,HRSG Blowdown Sump Pump,04-BDN-PMP-01A/B,0X-BDN-SMP-01,null
34501,411,60,oranda.barter@kiewit.com,2026-09-30 13:13:59,null,null,DDP,,Manual,2,0,2,0,,,EA,null,null,null,null,null,,null,2026-09-10,null,null,2027-04-29,2027-04-29,2026-05-01,null,null,null,null,null,2026-05-01,2026-05-01,null,null,null,TRUE,10,SITE,,,null,null,2027-05-20,2027-05-20,null,null,null,null,null,null,2026-09-10,,2027-06-01,,HRSG Blowdown Sump Pump Motor,04-BDN-MPM-01A/B,0X-BDN-SMP-01,null
34502,411,61,oranda.barter@kiewit.com,2026-09-30 13:13:59,null,null,DDP,,Manual,1,0,2,0,,,EA,null,null,null,null,null,,null,null,null,null,2027-06-04,null,null,null,null,null,null,null,2027-05-17,null,null,null,null,TRUE,10,SITE,,,null,null,2027-07-08,2027-08-01,null,null,null,null,null,null,2027-07-02,,2027-08-01,,HRSG Blowdown Sump,01-BDN-SMP-01,0X-BDN-SMP-01,null
34503,411,62,oranda.barter@kiewit.com,2026-09-30 13:13:59,null,null,DDP,,Manual,2,0,2,0,,,EA,null,null,null,null,null,,null,null,null,null,2027-06-04,null,null,null,null,null,null,null,2026-05-04,null,null,null,null,TRUE,10,SITE,,,null,null,2027-07-08,2027-08-01,null,null,null,null,null,null,2026-10-23,,2027-08-01,,HRSG Blowdown Sump Pump,01-BDN-PMP-01A/B,0X-BDN-SMP-01,null
34504,411,63,oranda.barter@kiewit.com,2026-09-30 13:13:59,null,null,DDP,,Manual,2,0,2,0,,,EA,null,null,null,null,null,,null,null,null,null,2027-06-04,null,null,null,null,null,null,null,2026-05-01,null,null,null,null,TRUE,10,SITE,,,null,null,2027-07-08,2027-08-01,null,null,null,null,null,null,2026-09-10,,2027-08-01,,HRSG Blowdown Sump Pump Motor,01-BDN-MPM-01A/B,0X-BDN-SMP-01,null
34505,411,64,oranda.barter@kiewit.com,2026-09-30 13:13:59,null,null,DDP,,Manual,1,0,0,0,,,EA,null,null,null,null,null,,null,2027-07-19,null,null,2027-07-12,2027-07-12,null,null,null,null,null,null,2026-12-07,2026-12-07,null,null,null,TRUE,10,SITE,,,null,null,2027-07-21,2027-07-21,null,null,null,null,null,null,2027-07-19,,2026-12-15,,WT Tepid Water Skids,01-PWS-SKD-01,91-PWS-SKD-01,null
34506,411,65,oranda.barter@kiewit.com,2026-09-30 13:13:59,null,null,DDP,,Manual,2,0,0,0,,,EA,null,null,null,null,null,,null,2026-09-17,null,null,2027-07-12,2027-07-12,2026-05-01,null,null,null,null,null,2026-05-01,2026-05-01,null,null,null,TRUE,10,SITE,,,null,null,2027-07-21,2027-07-21,null,null,null,null,null,null,2026-09-17,,2026-12-15,,WT Tepid Water Pumps,01-PWS-PMP-01A/B,91-PWS-SKD-01,null
34507,411,66,oranda.barter@kiewit.com,2026-09-30 13:13:59,null,null,DDP,,Manual,2,0,0,0,,,EA,null,null,null,null,null,,null,2026-09-10,null,null,2027-07-12,2027-07-12,2026-05-01,null,null,null,null,null,2026-05-01,2026-05-01,null,null,null,TRUE,10,SITE,,,null,null,2027-07-21,2027-07-21,null,null,null,null,null,null,2026-09-10,,2026-12-15,,WT Tepid Water Pump Motors,01-PWS-MPM-01A/B,91-PWS-SKD-01,null
34508,411,67,oranda.barter@kiewit.com,2026-09-30 13:13:59,null,null,DDP,,Manual,1,0,2,0,,,EA,null,null,null,null,null,,null,2026-12-04,null,null,2026-11-19,2026-11-19,null,null,null,null,null,null,2026-10-26,2026-10-26,null,null,null,TRUE,10,SITE,,,null,null,2026-12-10,2026-12-10,null,null,null,null,null,null,2026-12-04,,2026-12-15,,UF Backwash EQ Sump,92-DWT-SMP-13,92-DWT-SMP-13,null
34509,411,68,oranda.barter@kiewit.com,2026-09-30 13:13:59,null,null,DDP,,Manual,2,0,2,0,,,EA,null,null,null,null,null,,null,2026-10-23,null,null,2026-11-19,2026-11-19,2026-05-04,null,null,null,null,null,2026-05-04,2026-05-04,null,null,null,TRUE,10,SITE,,,null,null,2026-12-10,2026-12-10,null,null,null,null,null,null,2026-10-23,,2026-12-15,,UF Backwash EQ Sump Pumps,92-DWT-PMP-13A/B,92-DWT-SMP-13,null
34510,411,69,oranda.barter@kiewit.com,2026-09-30 13:13:59,null,null,DDP,,Manual,2,0,2,0,,,EA,null,null,null,null,null,,null,2026-09-10,null,null,2026-11-19,2026-11-19,2026-05-01,null,null,null,null,null,2026-05-01,2026-05-01,null,null,null,TRUE,10,SITE,,,null,null,2026-12-10,2026-12-10,null,null,null,null,null,null,2026-09-10,,2026-12-15,,UF Backwash EQ Sump Pump Motors,92-DWT-MPM-13A/B,92-DWT-SMP-13,null
34511,411,70,oranda.barter@kiewit.com,2026-09-30 13:13:59,null,null,DDP,,Manual,1,0,2,0,,,EA,null,null,null,null,null,,null,2026-12-04,null,null,2026-11-19,2026-11-19,null,null,null,null,null,null,2026-10-26,2026-10-26,null,null,null,TRUE,10,SITE,,,null,null,2026-12-10,2026-12-10,null,null,null,null,null,null,2026-12-04,,2026-12-15,,DWT Recycle Sump ,92-DWT-SMP-11,92-DWT-SMP-11,null
34512,411,71,oranda.barter@kiewit.com,2026-09-30 13:13:59,null,null,DDP,,Manual,2,0,2,0,,,EA,null,null,null,null,null,,null,2026-10-23,null,null,2026-11-19,2026-11-19,2026-05-04,null,null,null,null,null,2026-05-04,2026-05-04,null,null,null,TRUE,10,SITE,,,null,null,2026-12-10,2026-12-10,null,null,null,null,null,null,2026-10-23,,2026-12-15,,DWT Recycle Sump Pumps,92-DWT-PMP-17A/B,92-DWT-SMP-11,null
34513,411,72,oranda.barter@kiewit.com,2026-09-30 13:13:59,null,null,DDP,,Manual,2,0,0,0,,,EA,null,null,null,null,null,,null,2026-09-10,null,null,2026-11-19,2026-11-19,2026-05-01,null,null,null,null,null,2026-05-01,2026-05-01,null,null,null,TRUE,10,SITE,,,null,null,2026-12-10,2026-12-10,null,null,null,null,null,null,2026-09-10,,2026-12-15,,DWT Recycle Sump Pump Motors,92-DWT-MPM-17A/B,92-DWT-SMP-11,null
34514,411,73,oranda.barter@kiewit.com,2026-09-30 13:13:59,null,null,DDP,,Manual,1,0,2,0,,,EA,null,null,null,null,null,,null,2026-12-04,null,null,2026-11-19,2026-11-19,null,null,null,null,null,null,2026-10-26,2026-10-26,null,null,null,TRUE,10,SITE,,,null,null,2026-12-10,2026-12-10,null,null,null,null,null,null,2026-12-04,,2026-12-15,,DWT Wastewater Sump,92-DWT-SMP-10,92-DWT-SMP-10,null
34515,411,74,oranda.barter@kiewit.com,2026-09-30 13:13:59,null,null,DDP,,Manual,2,0,2,0,,,EA,null,null,null,null,null,,null,2026-10-23,null,null,2026-11-19,2026-11-19,2026-05-04,null,null,null,null,null,2026-05-04,2026-05-04,null,null,null,TRUE,10,SITE,,,null,null,2026-12-10,2026-12-10,null,null,null,null,null,null,2026-10-23,,2026-12-15,,DWT Wastewater Sump Pumps,92-DWT-PMP-10A/B,92-DWT-SMP-10,null
34516,411,75,oranda.barter@kiewit.com,2026-09-30 13:13:59,null,null,DDP,,Manual,2,0,2,0,,,EA,null,null,null,null,null,,null,2026-09-10,null,null,2026-11-19,2026-11-19,2026-05-01,null,null,null,null,null,2026-05-01,2026-05-01,null,null,null,TRUE,10,SITE,,,null,null,2026-12-10,2026-12-10,null,null,null,null,null,null,2026-09-10,,2026-12-15,,DWT Wastewater Sump Pump Motors,92-DWT-MPM-10A/B,92-DWT-SMP-10,null
34517,411,76,oranda.barter@kiewit.com,2026-09-30 13:13:59,null,null,DDP,,Manual,1,1,2,1,,,EA,null,null,null,null,null,,null,2026-09-01,2026-08-21,null,2026-08-28,2026-08-28,2026-05-04,null,null,null,null,null,2026-05-04,2026-05-04,null,null,null,TRUE,10,SITE,,,2026-08-28,null,2026-08-31,2026-09-07,null,null,null,null,2026-08-25,null,2026-09-01,,2026-08-17,,Admin Building Sanitary Lift Station Sump,00-SDR-SMP-01,00-SDR-SMP-01,null
34520,411,79,oranda.barter@kiewit.com,2026-09-30 13:13:59,null,null,DDP,,Manual,1,0,2,0,,,EA,null,null,null,null,null,,null,2026-12-24,null,null,2026-12-16,2026-12-16,2026-06-17,null,null,null,null,null,2026-06-17,2026-06-17,null,null,null,TRUE,10,SITE,,,null,null,2026-12-30,2026-12-30,null,null,null,null,null,null,2026-12-24,,2027-01-04,,Service Water Pump Skids,92-SWS-SKD-01,92-SWS-SKD-01,null
34521,411,80,oranda.barter@kiewit.com,2026-09-30 13:13:59,null,null,DDP,,Manual,3,0,2,0,,,EA,null,null,null,null,null,,null,2026-12-24,null,null,2026-12-16,2026-12-16,2026-05-14,null,null,null,null,null,2026-05-14,2026-05-14,null,null,null,TRUE,10,SITE,,,null,null,2026-12-30,2026-12-24,null,null,null,null,null,null,2026-12-24,,2027-01-04,,Service Water Pumps,92-SWS-PMP-01A/B/C,92-SWS-SKD-01,null
34522,411,81,oranda.barter@kiewit.com,2026-09-30 13:13:59,null,null,DDP,,Manual,3,0,2,0,,,EA,null,null,null,null,null,,null,2026-12-24,null,null,2026-12-16,2026-12-16,2026-05-14,null,null,null,null,null,2026-05-14,2026-05-14,null,null,null,TRUE,10,SITE,,,null,null,2026-12-30,2026-12-24,null,null,null,null,null,null,2026-12-24,,2027-01-04,,Service Water Pump Motors,92-SWS-MPM-01A/B/C,92-SWS-SKD-01,null
34523,411,82,oranda.barter@kiewit.com,2026-09-30 13:13:59,null,null,DDP,,Manual,1,1,2,1,,,EA,null,null,null,null,null,,null,2026-09-01,2026-08-21,null,2026-08-28,2026-08-28,2026-05-01,null,null,null,null,null,2026-05-01,2026-05-01,null,null,null,TRUE,10,SITE,,,2026-08-28,null,2026-08-31,2026-09-07,null,null,null,null,2026-08-25,null,2026-09-01,,2026-12-15,,WT Building Sump ,90-SDR-SMP-02,90-SDR-SMP-02,null
34526,411,85,oranda.barter@kiewit.com,2026-09-30 13:13:59,null,null,DDP,,Manual,1,1,2,1,,,EA,null,null,null,null,null,,null,2026-09-01,2026-08-21,null,2026-08-28,2026-08-28,2026-05-01,null,null,null,null,null,2026-05-01,2026-05-01,null,null,null,TRUE,10,SITE,,,2026-08-28,null,2026-08-31,2026-09-07,null,null,null,null,2026-08-25,null,2026-09-01,,2026-12-15,,Guard Shack Sump ,00-SDR-SMP-03,00-SDR-SMP-03,null
34528,411,87,oranda.barter@kiewit.com,2026-09-30 13:13:59,oranda.barter@kiewit.com,2026-09-30 13:16:23,DDP,,Manual,2,2,2,2,,,EA,null,null,null,null,null,,null,2026-09-07,null,null,2026-08-28,2026-08-28,2026-05-04,null,null,null,null,null,2026-05-04,2026-05-04,null,null,null,TRUE,10,SITE,,,2026-09-11,null,2026-09-11,2026-09-07,null,null,null,null,2026-09-09,null,2026-09-07,,2026-12-15,,Guard Shack Motors,00-SDR-MPM-04A/B,00-SDR-SMP-04,null
34529,411,88,oranda.barter@kiewit.com,2026-09-30 13:13:59,null,null,DDP,,Manual,1,1,2,1,,,EA,null,null,null,null,null,,null,2026-09-07,2026-08-21,null,2026-08-28,2026-08-28,2026-05-04,null,null,null,null,null,2026-05-04,2026-05-04,null,null,null,TRUE,10,SITE,,,2026-08-28,null,2026-08-31,2026-09-07,null,null,null,null,2026-08-25,null,2026-09-07,,2026-08-17,,Maintenance Building Sanitary Lift Station Sump,00-SDR-SMP-04,00-SDR-SMP-04,null
34530,411,89,oranda.barter@kiewit.com,2026-09-30 13:13:59,oranda.barter@kiewit.com,2026-09-30 13:16:23,DDP,,Manual,2,2,2,2,,,EA,null,null,null,null,null,,null,2026-09-07,2026-08-28,null,2026-08-28,2026-08-28,2026-05-01,null,null,null,null,null,2026-05-01,2026-05-01,null,null,null,TRUE,10,SITE,,,2026-09-11,null,2026-09-11,2026-09-07,null,null,null,null,2026-09-09,null,2026-09-07,,2026-08-17,,Maintenance Building Sanitary Lift Station Sump Pumps,90-SDR-PMP-02A/B,90-SDR-SMP-02,null
34531,411,90,oranda.barter@kiewit.com,2026-09-30 13:13:59,oranda.barter@kiewit.com,2026-09-30 13:16:23,DDP,,Manual,2,2,2,2,,,EA,null,null,null,null,null,,null,2026-09-07,null,null,2026-08-28,2026-08-28,2026-05-04,null,null,null,null,null,2026-05-04,2026-05-04,null,null,null,TRUE,10,SITE,,,2026-09-11,null,2026-09-11,2026-09-07,null,null,null,null,2026-09-09,null,2026-09-07,,2026-08-17,,Maintenance Building Sanitary Lift Station Motors,90-SDR-MPM-02A/B,90-SDR-SMP-02,null
34532,411,91,oranda.barter@kiewit.com,2026-09-30 13:13:59,null,null,DDP,,Manual,1,0,2,0,,,EA,null,null,null,null,null,,null,2026-12-24,null,null,2026-12-16,2026-12-16,2026-06-17,null,null,null,null,null,2026-06-17,2026-06-17,null,null,null,TRUE,10,SITE,,,null,null,2026-12-30,2026-12-30,null,null,null,null,null,null,2026-12-24,,2027-01-04,,Demineralized Water Forwarding Pump Skids,92-DWS-SKD-01,92-DWS-SKD-01,null
34533,411,92,oranda.barter@kiewit.com,2026-09-30 13:13:59,null,null,DDP,,Manual,3,0,2,0,,,EA,null,null,null,null,null,,null,2026-12-30,null,null,2026-12-16,2026-12-16,2026-05-14,null,null,null,null,null,2026-05-14,2026-05-14,null,null,null,TRUE,10,SITE,,,null,null,2026-12-30,2026-12-30,null,null,null,null,null,null,2026-12-30,,2027-01-04,,Demineralized Water Forwarding Pumps,92-DWS-PMP-01A/B/C,92-DWS-SKD-01,null
34534,411,93,oranda.barter@kiewit.com,2026-09-30 13:13:59,null,null,DDP,,Manual,3,0,2,0,,,EA,null,null,null,null,null,,null,2026-12-30,null,null,2026-12-16,2026-12-16,2026-05-14,null,null,null,null,null,2026-05-14,2026-05-14,null,null,null,TRUE,10,SITE,,,null,null,2026-12-30,2026-12-30,null,null,null,null,null,null,2026-12-30,,2027-01-04,,Demineralized Water Forwarding Pump Motors,92-DWS-MPM-01A/B/C,92-DWS-SKD-01,null
34535,411,94,oranda.barter@kiewit.com,2026-09-30 13:13:59,null,null,DDP,,Manual,1,0,2,0,,,EA,null,null,null,null,null,,null,2026-12-30,null,null,2026-12-15,2026-12-15,null,null,null,null,null,null,2026-11-12,2026-11-12,null,null,null,TRUE,10,SITE,,,null,null,2027-01-05,2026-12-30,null,null,null,null,null,null,2026-12-30,,2027-02-04,,IWT Dewatering Sump Pump Skid,94-IDW-SMP-02 ,94-IDW-SMP-02 ,null
34536,411,95,oranda.barter@kiewit.com,2026-09-30 13:13:59,null,null,DDP,,Manual,2,0,2,0,,,EA,null,null,null,null,null,,null,2026-12-30,null,null,2026-12-15,2026-12-15,2026-05-14,null,null,null,null,null,2026-05-14,2026-05-14,null,null,null,TRUE,10,SITE,,,null,null,2027-01-05,2026-12-30,null,null,null,null,null,null,2026-12-30,,2027-02-04,,IWT Dewatering Sump Pumps,94-IDW-PMP-11A/B,94-IDW-SMP-02 ,null
34537,411,96,oranda.barter@kiewit.com,2026-09-30 13:13:59,null,null,DDP,,Manual,2,0,2,0,,,EA,null,null,null,null,null,,null,2026-12-30,null,null,2026-12-15,2026-12-15,2026-05-14,null,null,null,null,null,2026-05-14,2026-05-14,null,null,null,TRUE,10,SITE,,,null,null,2027-01-05,2026-12-30,null,null,null,null,null,null,2026-12-30,,2027-02-04,,IWT Dewatering Sump Pump Motors,94-IDW-MPM-11A/B,94-IDW-SMP-02 ,null
34538,411,97,oranda.barter@kiewit.com,2026-09-30 13:13:59,null,null,DDP,,Manual,1,0,2,0,,,EA,null,null,null,null,null,,null,2026-12-30,null,null,2026-12-15,2026-12-15,null,null,null,null,null,null,2026-11-12,2026-11-12,null,null,null,TRUE,10,SITE,,,null,null,2027-01-05,2027-01-05,null,null,null,null,null,null,2026-12-30,,2027-02-04,,RWT Building Sump,91-DWT-SMP-02,91-RWT-SMP-02,null
34539,411,98,oranda.barter@kiewit.com,2026-09-30 13:13:59,null,null,DDP,,Manual,2,0,2,0,,,EA,null,null,null,null,null,,null,2027-01-05,null,null,2026-12-15,2026-12-15,2026-05-14,null,null,null,null,null,2026-05-14,2026-05-14,null,null,null,TRUE,10,SITE,,,null,null,2027-01-05,2027-01-05,null,null,null,null,null,null,2027-01-05,,2027-02-04,,RWT Building Sump Pumps,91-DWT-PMP-21A/B,91-RWT-SMP-02,null
34540,411,99,oranda.barter@kiewit.com,2026-09-30 13:13:59,null,null,DDP,,Manual,2,0,2,0,,,EA,null,null,null,null,null,,null,2027-01-05,null,null,2026-12-15,2026-12-15,2026-05-14,null,null,null,null,null,2026-05-14,2026-05-14,null,null,null,TRUE,10,SITE,,,null,null,2027-01-05,2027-01-05,null,null,null,null,null,null,2027-01-05,,2027-02-04,,RWT Building Sump Pump Motors,91-DWT-MPM-21A/B,91-RWT-SMP-02,null
34541,411,100,oranda.barter@kiewit.com,2026-09-30 13:13:59,null,null,DDP,,Manual,1,0,2,0,,,EA,null,null,null,null,null,,null,2026-12-23,null,null,2026-12-08,2026-12-08,null,null,null,null,null,null,2026-11-12,2026-11-12,null,null,null,TRUE,10,SITE,,,null,null,2026-12-29,2026-12-29,null,null,null,null,null,null,2026-12-23,,2027-02-04,,RWT Recovery Sump,91-RWT-SMP-01,91-RWT-SMP-01,null
34542,411,101,oranda.barter@kiewit.com,2026-09-30 13:13:59,null,null,DDP,,Manual,2,0,2,0,,,EA,null,null,null,null,null,,null,2026-11-11,null,null,2026-12-08,2026-12-08,2026-05-14,null,null,null,null,null,2026-05-14,2026-05-14,null,null,null,TRUE,10,SITE,,,null,null,2026-12-29,2026-12-29,null,null,null,null,null,null,2026-11-11,,2027-02-04,,RWT Recovery Sump Pumps,91-RWT-PMP-11A/B,91-RWT-SMP-01,null
34543,411,102,oranda.barter@kiewit.com,2026-09-30 13:13:59,null,null,DDP,,Manual,2,0,2,0,,,EA,null,null,null,null,null,,null,2026-09-10,null,null,2026-12-08,2026-12-08,2026-05-14,null,null,null,null,null,2026-05-14,2026-05-14,null,null,null,TRUE,10,SITE,,,null,null,2026-12-29,2026-12-29,null,null,null,null,null,null,2026-09-10,,2027-02-04,,RWT Recovery Sump Pump Motors,91-RWT-MPM-11A/B,91-RWT-SMP-01,null
34544,411,103,oranda.barter@kiewit.com,2026-09-30 13:13:59,null,null,DDP,,Manual,1,0,2,0,,,EA,null,null,null,null,null,,null,2027-01-08,null,null,2027-01-04,2027-01-04,2026-07-14,null,null,null,null,null,2026-07-14,2026-07-14,null,null,null,TRUE,10,SITE,,,null,null,2027-01-14,2027-01-14,null,null,null,null,null,null,2027-01-08,,2027-01-07,,Potable Water Booster Skid,00-PWS-SKD-01,00-PWS-SKD-01,null
34545,411,104,oranda.barter@kiewit.com,2026-09-30 13:13:59,null,null,DDP,,Manual,2,0,2,0,,,EA,null,null,null,null,null,,null,2026-10-13,null,null,2027-01-04,2027-01-04,2026-06-10,null,null,null,null,null,2026-06-10,2026-06-10,null,null,null,TRUE,10,SITE,,,null,null,2027-01-14,2027-01-14,null,null,null,null,null,null,2026-10-13,,2027-01-07,,Potable Water Booster Pumps,00-PWS-PMP-01A/B,00-PWS-SKD-01,null
34546,411,105,oranda.barter@kiewit.com,2026-09-30 13:13:59,null,null,DDP,,Manual,2,0,2,0,,,EA,null,null,null,null,null,,null,2026-11-10,null,null,2027-01-04,2027-01-04,2026-06-10,null,null,null,null,null,2026-06-10,2026-06-10,null,null,null,TRUE,10,SITE,,,null,null,2027-01-14,2027-01-14,null,null,null,null,null,null,2026-11-10,,2027-01-07,,Potable Water Booster Pump Motors,00-PWS-MPM-01A/B,00-PWS-SKD-01,null
34547,411,106,oranda.barter@kiewit.com,2026-09-30 13:13:59,null,null,DDP,,Manual,1,0,2,0,,,EA,null,null,null,null,null,,null,2027-02-12,null,null,2027-02-08,2027-02-08,2026-07-16,null,null,null,null,null,2026-07-16,2026-07-16,null,null,null,TRUE,10,SITE,,,null,null,2027-02-18,2027-02-18,null,null,null,null,null,null,2027-02-12,,2027-02-18,,Treated Water Forwarding Pump Skid,91-RWT-SKD-15,91-RWT-SKD-15,null
34548,411,107,oranda.barter@kiewit.com,2026-09-30 13:13:59,null,null,DDP,,Manual,2,0,2,0,,,EA,null,null,null,null,null,,null,2027-01-07,null,null,2027-02-08,2027-02-08,2026-06-12,null,null,null,null,null,2026-06-12,2026-06-12,null,null,null,TRUE,10,SITE,,,null,null,2027-02-18,2027-02-18,null,null,null,null,null,null,2027-01-07,,2027-02-18,,Treated Water Forwarding Pump,91-RWT-PMP-15A/B,91-RWT-SKD-15,null
34549,411,108,oranda.barter@kiewit.com,2026-09-30 13:13:59,null,null,DDP,,Manual,2,0,2,0,,,EA,null,null,null,null,null,,null,2026-11-12,null,null,2027-02-08,2027-02-08,2026-06-12,null,null,null,null,null,2026-06-12,2026-06-12,null,null,null,TRUE,10,SITE,,,null,null,2027-02-18,2027-02-18,null,null,null,null,null,null,2026-11-12,,2027-02-18,,Treated Water Forwarding Motor,91-RWT-MPM-15A/B,91-RWT-SKD-15,null
34550,411,109,oranda.barter@kiewit.com,2026-09-30 13:13:59,null,null,DDP,,Manual,1,0,2,0,,,EA,null,null,null,null,null,,null,2027-03-11,null,null,2027-03-03,2027-03-03,2026-06-11,null,null,null,null,null,2026-06-11,2026-06-11,null,null,null,TRUE,10,SITE,,,null,null,2027-03-17,2027-03-17,null,null,null,null,null,null,2027-03-11,,2027-03-25,,ADS Pump Skid,94-IWT-SKD-25,94-IDP-SKD-25,null
34551,411,110,oranda.barter@kiewit.com,2026-09-30 13:13:59,null,null,DDP,,Manual,2,0,2,0,,,EA,null,null,null,null,null,,null,2027-02-17,null,null,2027-03-03,2027-03-03,2026-06-11,null,null,null,null,null,2026-06-11,2026-06-11,null,null,null,TRUE,10,SITE,,,null,null,2027-03-17,2027-03-17,null,null,null,null,null,null,2027-02-17,,2027-03-25,,ADS Pump,94-IWT-PMP-25A/B,94-IDP-SKD-25,null
34552,411,111,oranda.barter@kiewit.com,2026-09-30 13:13:59,null,null,DDP,,Manual,2,0,2,0,,,EA,null,null,null,null,null,,null,2026-11-11,null,null,2027-03-03,2027-03-03,2026-06-11,null,null,null,null,null,2026-06-11,2026-06-11,null,null,null,TRUE,10,SITE,,,null,null,2027-03-17,2027-03-17,null,null,null,null,null,null,2026-11-11,,2027-03-25,,ADS Motor,94-IWT-MPM-25A/B,94-IDP-SKD-25,null
34553,411,112,oranda.barter@kiewit.com,2026-09-30 13:13:59,null,null,DDP,,Manual,1,0,2,0,,,EA,null,null,null,null,null,,null,2026-11-12,null,null,2026-10-28,2026-10-28,2026-05-14,null,null,null,null,null,2026-05-14,2026-05-14,null,null,null,TRUE,10,SITE,,,null,null,2026-11-18,2026-11-18,null,null,null,null,null,null,2026-11-12,,2026-11-19,,IWT Discharge Pump Sump,94-IWT-SMP-13,94-IDF-SMP-13,null
34554,411,113,oranda.barter@kiewit.com,2026-09-30 13:13:59,null,null,DDP,,Manual,2,0,2,0,,,EA,null,null,null,null,null,,null,2026-09-16,null,null,2026-10-28,2026-10-28,2026-05-14,null,null,null,null,null,2026-05-14,2026-05-14,null,null,null,TRUE,10,SITE,,,null,null,2026-11-18,2026-11-18,null,null,null,null,null,null,2026-09-16,,2026-11-19,,IWT Discharge Pump,94-IWT-PMP-13A/B,94-IDF-SMP-13,null
34555,411,114,oranda.barter@kiewit.com,2026-09-30 13:13:59,null,null,DDP,,Manual,2,0,2,0,,,EA,null,null,null,null,null,,null,2026-10-14,null,null,2026-10-28,2026-10-28,2026-05-14,null,null,null,null,null,2026-05-14,2026-05-14,null,null,null,TRUE,10,SITE,,,null,null,2026-11-18,2026-11-18,null,null,null,null,null,null,2026-10-14,,2026-11-19,,IWT Discharge Motor,94-IWT-MPM-13A/B,94-IDF-SMP-13,null
34556,411,115,oranda.barter@kiewit.com,2026-09-30 13:13:59,null,null,DDP,,Manual,1,0,2,0,,,EA,null,null,null,null,null,,null,2027-01-06,null,null,2026-12-22,2026-12-22,null,null,null,null,null,null,2026-11-26,2026-11-26,null,null,null,TRUE,10,SITE,,,null,null,2027-01-12,2027-01-12,null,null,null,null,null,null,2027-01-06,,2027-01-14,,AUX Boiler Blowdown Pump Sump,00-BDN-SMP-02,00-BDN-SMP-02,null
34557,411,116,oranda.barter@kiewit.com,2026-09-30 13:13:59,null,null,DDP,,Manual,2,0,2,0,,,EA,null,null,null,null,null,,null,2026-11-25,null,null,2026-12-22,2026-12-22,2026-05-14,null,null,null,null,null,2026-05-14,2026-05-14,null,null,null,TRUE,10,SITE,,,null,null,2027-01-12,2027-01-12,null,null,null,null,null,null,2026-11-25,,2027-01-14,,AUX Boiler Blowdown Pump,00-BDN-PMP-02A/B,00-BDN-SMP-02,null
34558,411,117,oranda.barter@kiewit.com,2026-09-30 13:13:59,null,null,DDP,,Manual,2,0,2,0,,,EA,null,null,null,null,null,,null,2026-09-10,null,null,2026-12-22,2026-12-22,2026-05-14,null,null,null,null,null,2026-05-14,2026-05-14,null,null,null,TRUE,10,SITE,,,null,null,2027-01-12,2027-01-12,null,null,null,null,null,null,2026-09-10,,2027-01-14,,AUX Boiler Blowdown Motor,00-BDN-MPM-02A/B,00-BDN-SMP-02,null
34559,411,118,oranda.barter@kiewit.com,2026-09-30 13:13:59,null,null,DDP,,Manual,1,0,2,0,,,EA,null,null,null,null,null,,null,2027-06-01,null,null,2027-05-27,2027-05-27,2026-06-11,null,null,null,null,null,2026-06-11,2026-06-11,null,null,null,TRUE,10,SITE,,,null,null,2027-06-07,2027-06-07,null,null,null,null,null,null,2027-06-01,,2027-06-10,,Wastewater Collection Pump Sump,900-WDR-SMP-02,00-WDR-SMP-02,null
34560,411,119,oranda.barter@kiewit.com,2026-09-30 13:13:59,null,null,DDP,,Manual,2,0,2,0,,,EA,null,null,null,null,null,,null,2027-05-25,null,null,2027-05-27,2027-05-27,2026-07-22,null,null,null,null,null,2026-07-22,2026-07-22,null,null,null,TRUE,10,SITE,,,null,null,2027-06-07,2027-06-07,null,null,null,null,null,null,2027-05-25,,2027-06-10,,Wastewater Collection Pump,900-WDR-PMP-02A/B,00-WDR-SMP-02,null
34561,411,120,oranda.barter@kiewit.com,2026-09-30 13:13:59,null,null,DDP,,Manual,2,0,2,0,,,EA,null,null,null,null,null,,null,2026-11-11,null,null,2027-05-27,2027-05-27,2026-07-22,null,null,null,null,null,2026-07-22,2026-07-22,null,null,null,TRUE,10,SITE,,,null,null,2027-06-07,2027-06-07,null,null,null,null,null,null,2026-11-11,,2027-06-10,,Wastewater Collection Motor,900-WDR-MPM-02A/B,00-WDR-SMP-02,null
34562,411,121,oranda.barter@kiewit.com,2026-09-30 13:13:59,null,null,DDP,,Manual,1,0,2,0,,,EA,null,null,null,null,null,,null,null,null,null,null,null,null,null,null,null,null,null,null,null,null,null,null,TRUE,10,SITE,,,null,null,2027-06-10,2027-08-01,null,null,null,null,null,null,null,,2027-06-10,,Firewater Recirc Pump Skid,00-FPS-SKD-01,00-FPS-SKD-01,null
34563,411,122,oranda.barter@kiewit.com,2026-09-30 13:13:59,null,null,DDP,,Manual,2,0,2,0,,,EA,null,null,null,null,null,,null,null,null,null,null,null,null,null,null,null,null,null,null,null,null,null,null,TRUE,10,SITE,,,null,null,2027-06-10,2026-12-15,null,null,null,null,null,null,null,,2027-06-10,,Firewater Recirc Pump,00-FPS-PMP-04A/B,00-FPS-SKD-01,null
34564,411,123,oranda.barter@kiewit.com,2026-09-30 13:13:59,null,null,DDP,,Manual,2,0,2,0,,,EA,null,null,null,null,null,,null,null,null,null,null,null,null,null,null,null,null,null,null,null,null,null,null,TRUE,10,SITE,,,null,null,2027-06-10,2026-12-15,null,null,null,null,null,null,null,,2027-06-10,,Firewater Recirc Motor,00-FPS-MPM-04A/B,00-FPS-SKD-01,null
34565,411,124,oranda.barter@kiewit.com,2026-09-30 13:13:59,null,null,DDP,,Manual,1,0,0,0,,,EA,null,null,null,null,null,,null,2027-02-24,null,null,2027-02-16,2027-02-16,2026-07-21,null,null,null,null,null,2026-07-21,2026-07-21,null,null,null,TRUE,10,SITE,,,null,null,2027-03-02,2027-03-02,null,null,null,null,null,null,2027-02-24,,2027-03-11,,WT Stormwater Pond Pump Sump,91-RWT-SMP-03,91-RWT-SMP-03,null
34566,411,125,oranda.barter@kiewit.com,2026-09-30 13:13:59,null,null,DDP,,Manual,2,0,0,0,,,EA,null,null,null,null,null,,null,2027-02-02,null,null,2027-02-16,2027-02-16,2026-07-22,null,null,null,null,null,2026-07-22,2026-07-22,null,null,null,TRUE,10,SITE,,,null,null,2027-03-02,2027-03-02,null,null,null,null,null,null,2027-02-02,,2027-03-11,,WT Stormwater Pond Sump Pump,91-RWT-PMP-03A/B,91-RWT-SMP-03,null
34567,411,126,oranda.barter@kiewit.com,2026-09-30 13:13:59,null,null,DDP,,Manual,2,0,0,0,,,EA,null,null,null,null,null,,null,2026-11-11,null,null,2027-02-16,2027-02-16,2026-07-22,null,null,null,null,null,2026-07-22,2026-07-22,null,null,null,TRUE,10,SITE,,,null,null,2027-03-02,2027-03-02,null,null,null,null,null,null,2026-11-11,,2027-03-11,,WT Stormwater Pond Sump Pump Motor,91-RWT-MPM-03A/B,91-RWT-SMP-03,null
34568,411,127,oranda.barter@kiewit.com,2026-09-30 13:13:59,null,null,DDP,,Manual,1,0,0,0,,,EA,null,null,null,null,null,,null,2027-02-24,null,null,2027-02-16,2027-02-16,2026-07-22,null,null,null,null,null,2026-07-22,2026-07-22,null,null,null,TRUE,10,SITE,,,null,null,2027-03-02,2027-03-02,null,null,null,null,null,null,2027-02-24,,2027-03-11,,Southern PB Stormwater Collection Sump ,00-WDR-SMP-03,00-WDR-SMP-03,null
34569,411,128,oranda.barter@kiewit.com,2026-09-30 13:13:59,null,null,DDP,,Manual,3,0,0,0,,,EA,null,null,null,null,null,,null,2027-02-02,null,null,2027-02-16,2027-02-16,2026-07-22,null,null,null,null,null,2026-07-22,2026-07-22,null,null,null,TRUE,10,SITE,,,null,null,2027-03-02,2027-03-02,null,null,null,null,null,null,2027-02-02,,2027-03-11,,Southern PB Stormwater Collection Sump Pump,00-WDR-PMP-03A/B/C,00-WDR-SMP-03,null
34570,411,129,oranda.barter@kiewit.com,2026-09-30 13:13:59,null,null,DDP,,Manual,3,0,0,0,,,EA,null,null,null,null,null,,null,2026-11-11,null,null,2027-02-16,2027-02-16,2026-07-22,null,null,null,null,null,2026-07-22,2026-07-22,null,null,null,TRUE,10,SITE,,,null,null,2027-03-02,2027-03-02,null,null,null,null,null,null,2026-11-11,,2027-03-11,,Southern PB Stormwater Collection Sump Pump Motor,00-WDR-MPM-03A/B/C,00-WDR-SMP-03,null
34571,411,130,oranda.barter@kiewit.com,2026-09-30 13:13:59,null,null,DDP,,Manual,1,0,0,0,,,EA,null,null,null,null,null,,null,2027-02-24,null,null,2027-02-16,2027-02-16,2026-07-22,null,null,null,null,null,2026-07-22,2026-07-22,null,null,null,TRUE,10,SITE,,,null,null,2027-03-02,2027-03-02,null,null,null,null,null,null,2027-02-24,,2027-03-11,,Northern PB Stormwater Collection Sump ,00-WDR-SMP-04,00-WDR-SMP-04,null
34572,411,131,oranda.barter@kiewit.com,2026-09-30 13:13:59,null,null,DDP,,Manual,3,0,0,0,,,EA,null,null,null,null,null,,null,2027-02-02,null,null,2027-02-16,2027-02-16,2026-07-22,null,null,null,null,null,2026-07-22,2026-07-22,null,null,null,TRUE,10,SITE,,,null,null,2027-03-02,2027-03-02,null,null,null,null,null,null,2027-02-02,,2027-03-11,,Northern PB Stormwater Collection Sump Pump,00-WDR-PMP-04A/B/C,00-WDR-SMP-04,null
34573,411,132,oranda.barter@kiewit.com,2026-09-30 13:13:59,null,null,DDP,,Manual,3,0,0,0,,,EA,null,null,null,null,null,,null,2026-11-11,null,null,2027-02-16,2027-02-16,2026-07-22,null,null,null,null,null,2026-07-22,2026-07-22,null,null,null,TRUE,10,SITE,,,null,null,2027-03-02,2027-03-02,null,null,null,null,null,null,2026-11-11,,2027-03-11,,Northern PB Stormwater Collection Sump Pump Motor,00-WDR-MPM-04A/B/C,00-WDR-SMP-04,null
34574,390,1,oranda.barter@kiewit.com,2026-09-30 17:07:44,null,null,DDP,,Manual,3,3,0,3,"Osaka, Japan",,EA,2026-03-31,null,null,null,null,PHASE A,null,2026-06-28,2026-05-08,null,2026-05-08,2026-05-08,2026-01-22,2025-10-02,null,null,null,null,2026-01-22,2026-01-22,null,null,2026-03-31,TRUE,20,SITE,,,2026-08-05,null,2026-08-06,2026-08-06,null,null,null,null,2026-06-28,null,2026-06-28,,2026-08-20,,Circulating Water Pumps,05-CWS-PMP-01 A/B/C,05-CWS-PMP-01 A/B/C,null
34575,390,2,oranda.barter@kiewit.com,2026-09-30 17:07:44,null,null,DDP,,Manual,3,3,0,3,Korea,,EA,2026-04-30,null,null,null,null,PHASE A,null,2026-07-05,null,null,null,null,2026-01-22,2025-10-02,null,null,null,null,2026-01-22,2026-01-22,null,null,2026-04-30,TRUE,20,SITE,,,2026-08-19,null,2026-08-19,2026-08-17,null,null,null,null,2026-07-05,null,2026-07-05,,2026-08-20,,Circulating Water Pump Motors,05-CWS-MPM-01 A/B/C,05-CWS-PMP-01 A/B/C,null
34576,390,3,oranda.barter@kiewit.com,2026-09-30 17:07:44,null,null,DDP,,Manual,3,3,0,3,"Osaka, Japan",,EA,2026-03-31,null,null,null,null,PHASE A,null,2026-07-01,2026-05-22,null,2026-05-22,2026-05-22,2026-01-22,2025-10-02,null,null,null,null,2026-01-22,2026-01-22,null,null,2026-03-31,TRUE,20,SITE,,,2026-09-16,null,2026-09-18,2026-08-14,null,null,null,null,2026-07-01,null,2026-07-01,,2026-08-20,,Circulating Water Pumps,06-CWS-PMP-01 A/B/C,06-CWS-PMP-01 A/B/C,null
34577,390,4,oranda.barter@kiewit.com,2026-09-30 17:07:44,null,null,DDP,,Manual,3,3,0,3,Korea,,EA,2026-04-30,null,null,null,null,PHASE A,null,2026-07-05,null,null,null,null,2026-01-22,2025-10-02,null,null,null,null,2026-01-22,2026-01-22,null,null,2026-04-30,TRUE,20,SITE,,,2026-08-25,null,2026-08-25,2026-08-17,null,null,null,null,2026-07-05,null,2026-07-05,,2026-08-20,,Circulating Water Pump Motors,06-CWS-MPM-01 A/B/C,06-CWS-PMP-01 A/B/C,null
34578,390,5,oranda.barter@kiewit.com,2026-09-30 17:07:44,null,null,DDP,,Manual,3,0,0,3,"Osaka, Japan",,EA,2026-03-31,null,null,null,null,PHASE B,null,2026-09-24,2026-09-10,null,2026-08-13,2026-08-13,2026-06-18,2025-10-02,null,null,null,null,2026-06-18,2026-06-18,null,null,2026-03-31,TRUE,20,SITE,,,null,null,2026-11-12,2026-11-12,null,null,null,null,2026-09-18,null,2026-09-24,,2026-11-12,,Circulating Water Pumps,02-CWS-PMP-01 A/B/C,02-CWS-PMP-01 A/B/C,null
34579,390,6,oranda.barter@kiewit.com,2026-09-30 17:07:44,null,null,DDP,,Manual,3,0,0,0,Korea,,EA,2026-04-30,null,null,null,null,PHASE B,null,null,null,null,null,null,2026-06-18,2025-10-02,null,null,null,null,2026-06-18,2026-06-18,null,null,2026-04-30,TRUE,20,SITE,,,null,null,2026-11-12,2026-11-12,null,null,null,null,null,null,2026-09-25,,2026-11-12,,Circulating Water Pump Motors,02-CWS-MPM-01 A/B/C,02-CWS-PMP-01 A/B/C,null
34580,390,7,oranda.barter@kiewit.com,2026-09-30 17:07:44,null,null,DDP,,Manual,3,0,0,3,"Osaka, Japan",,EA,2026-03-31,null,null,null,null,PHASE B,null,2026-09-24,2026-09-10,null,2026-08-13,2026-08-13,2026-06-18,2025-10-02,null,null,null,null,2026-06-18,2026-06-18,null,null,2026-03-31,TRUE,20,SITE,,,null,null,2026-11-26,2026-11-26,null,null,null,null,2026-09-18,null,2026-09-24,,2026-11-12,,Circulating Water Pumps,03-CWS-PMP-01 A/B/C,03-CWS-PMP-01 A/B/C,null
34581,390,8,oranda.barter@kiewit.com,2026-09-30 17:07:44,null,null,DDP,,Manual,3,0,0,0,Korea,,EA,2026-04-30,null,null,null,null,PHASE B,null,null,null,null,null,null,2026-06-18,2025-10-02,null,null,null,null,2026-06-18,2026-06-18,null,null,2026-04-30,TRUE,20,SITE,,,null,null,2026-11-26,2026-11-26,null,null,null,null,null,null,2026-09-25,,2026-11-12,,Circulating Water Pump Motors,03-CWS-MPM-01 A/B/C,03-CWS-PMP-01 A/B/C,null
34582,390,9,oranda.barter@kiewit.com,2026-09-30 17:07:44,null,null,DDP,,Manual,3,0,0,0,"Osaka, Japan",,EA,2026-03-31,null,null,null,null,PHASE C,null,2026-11-12,null,null,2026-10-15,2026-10-15,null,2025-10-02,null,null,null,null,2026-08-27,2026-08-27,null,null,2026-03-31,TRUE,20,SITE,,,null,null,2027-01-21,2027-01-21,null,null,null,null,null,null,2026-11-12,,2027-01-21,,Circulating Water Pumps,07-CWS-PMP-01 A/B/C,07-CWS-PMP-01 A/B/C,null
34583,390,10,oranda.barter@kiewit.com,2026-09-30 17:07:44,null,null,DDP,,Manual,3,0,0,0,Korea,,EA,2026-04-30,null,null,null,null,PHASE C,null,null,null,null,null,null,null,2025-10-02,null,null,null,null,2026-08-27,2026-08-27,null,null,2026-04-30,TRUE,20,SITE,,,null,null,2027-01-21,2027-01-21,null,null,null,null,null,null,2026-11-12,,2027-01-21,,Circulating Water Pump Motors,07-CWS-MPM-01 A/B/C,07-CWS-PMP-01 A/B/C,null
34584,390,11,oranda.barter@kiewit.com,2026-09-30 17:07:44,null,null,DDP,,Manual,3,0,0,0,"Osaka, Japan",,EA,2026-03-31,null,null,null,null, PHASE D,null,2026-11-12,null,null,2026-10-22,2026-10-22,null,2025-10-02,null,null,null,null,2026-09-10,2026-09-10,null,null,2026-03-31,TRUE,20,SITE,,,null,null,2027-01-21,2027-01-21,null,null,null,null,null,null,2026-11-12,,2027-02-25,,Circulating Water Pumps,04-CWS-PMP-01 A/B/C,04-CWS-PMP-01 A/B/C,null
34585,390,12,oranda.barter@kiewit.com,2026-09-30 17:07:44,null,null,DDP,,Manual,3,0,0,0,Korea,,EA,2026-04-30,null,null,null,null, PHASE D,null,null,null,null,null,null,null,2025-10-02,null,null,null,null,2026-09-10,2026-09-10,null,null,2026-04-30,TRUE,20,SITE,,,null,null,2027-02-21,2027-01-21,null,null,null,null,null,null,2026-11-12,,2027-02-25,,Circulating Water Pump Motors,04-CWS-MPM-01 A/B/C,04-CWS-PMP-01 A/B/C,null
34586,390,13,oranda.barter@kiewit.com,2026-09-30 17:07:44,null,null,DDP,,Manual,3,0,0,0,"Osaka, Japan",,EA,2026-03-31,null,null,null,null, PHASE E,null,2027-01-14,null,null,2026-12-17,2026-12-17,null,2025-10-02,null,null,null,null,2026-10-29,2026-10-29,null,null,2026-03-31,TRUE,20,SITE,,,null,null,2027-04-01,2027-04-01,null,null,null,null,null,null,2027-01-04,,2027-04-01,,Circulating Water Pumps,01-CWS-PMP-01 A/B/C,01-CWS-PMP-01 A/B/C,null
34587,390,14,oranda.barter@kiewit.com,2026-09-30 17:07:44,null,null,DDP,,Manual,3,0,0,0,Korea,,EA,2026-04-30,null,null,null,null, PHASE E,null,null,null,null,null,null,null,2025-10-02,null,null,null,null,2026-10-29,2026-10-29,null,null,2026-04-30,TRUE,20,SITE,,,null,null,2027-04-01,2027-04-01,null,null,null,null,null,null,2027-01-04,,2027-04-01,,Circulating Water Pump Motors,01-CWS-MPM-01 A/B/C,01-CWS-PMP-01 A/B/C,null
34588,390,15,oranda.barter@kiewit.com,2026-09-30 17:07:44,null,null,DDP,,Manual,1,1,5,1,"Osaka, Japan",,EA,2026-03-31,null,null,null,null,PHASE A,null,2026-06-28,2026-05-12,null,2026-05-12,2026-05-12,2026-01-22,2025-10-02,null,null,null,null,2026-01-22,2026-01-22,null,null,2026-03-31,TRUE,20,SITE,,,2026-07-31,null,2026-08-06,2026-08-06,null,null,null,null,2026-06-28,null,2026-06-28,,2026-08-20,,Aux Circulating Water Pump,05-CWS-PMP-02,05-CWS-PMP-02,null
34589,390,16,oranda.barter@kiewit.com,2026-09-30 17:07:44,null,null,DDP,,Manual,1,1,0,1,Korea,,EA,2026-04-30,null,null,null,null,PHASE A,null,2026-07-04,null,null,null,null,2026-01-22,2025-10-02,null,null,null,null,2026-01-22,2026-01-22,null,null,2026-04-30,TRUE,20,SITE,,,2026-08-13,null,2026-08-11,2026-08-11,null,null,null,null,2026-07-04,null,2026-07-04,,2026-08-20,,Aux Circulating Water Pump Motor,05-CWS-MPM-02,05-CWS-PMP-02,null
34590,390,17,oranda.barter@kiewit.com,2026-09-30 17:07:44,null,null,DDP,,Manual,1,1,0,1,"Osaka, Japan",,EA,2026-03-31,null,null,null,null,PHASE A,null,2026-07-01,2026-05-21,null,2026-05-21,2026-05-21,2026-01-22,2025-10-02,null,null,null,null,2026-01-22,2026-01-22,null,null,2026-03-31,TRUE,20,SITE,,,2026-09-18,null,2026-09-18,2026-08-14,null,null,null,null,2026-07-01,null,2026-07-01,,2026-08-20,,Aux Circulating Water Pump,06-CWS-PMP-02,06-CWS-PMP-02,null
34591,390,18,oranda.barter@kiewit.com,2026-09-30 17:07:44,null,null,DDP,,Manual,1,1,0,1,Korea,,EA,2026-04-30,null,null,null,null,PHASE A,null,2026-07-04,null,null,null,null,2026-01-22,2025-10-02,null,null,null,null,2026-01-22,2026-01-22,null,null,2026-04-30,TRUE,20,SITE,,,2026-08-13,null,2026-08-11,2026-08-11,null,null,null,null,2026-07-04,null,2026-07-04,,2026-08-20,,Aux Circulating Water Pump Motor,06-CWS-MPM-02,06-CWS-PMP-02,null
34592,390,19,oranda.barter@kiewit.com,2026-09-30 17:07:44,null,null,DDP,,Manual,1,0,0,1,"Osaka, Japan",,EA,2026-03-31,null,null,null,null,PHASE B,null,2026-09-24,2026-09-10,null,2026-08-13,2026-08-13,2026-06-18,2025-10-02,null,null,null,null,2026-06-18,2026-06-18,null,null,2026-03-31,TRUE,20,SITE,,,null,null,2026-11-12,2026-11-12,null,null,null,null,2026-09-18,null,2026-09-24,,2026-11-12,,Aux Circulating Water Pump,02-CWS-PMP-02,02-CWS-PMP-02,null
34593,390,20,oranda.barter@kiewit.com,2026-09-30 17:07:44,null,null,DDP,,Manual,1,0,0,0,Korea,,EA,2026-04-30,null,null,null,null,PHASE B,null,null,null,null,null,null,2026-06-18,2025-10-02,null,null,null,null,2026-06-18,2026-06-18,null,null,2026-04-30,TRUE,20,SITE,,,null,null,2026-11-12,2026-11-12,null,null,null,null,null,null,2026-09-25,,2026-11-12,,Aux Circulating Water Pump Motor,02-CWS-MPM-02,02-CWS-PMP-02,null
34594,390,21,oranda.barter@kiewit.com,2026-09-30 17:07:44,null,null,DDP,,Manual,1,0,0,1,"Osaka, Japan",,EA,2026-03-31,null,null,null,null,PHASE B,null,2026-09-24,2026-09-10,null,2026-08-13,2026-08-13,2026-06-18,2025-10-02,null,null,null,null,2026-06-18,2026-06-18,null,null,2026-03-31,TRUE,20,SITE,,,null,null,2026-11-26,2026-11-26,null,null,null,null,2026-09-18,null,2026-09-24,,2026-11-26,,Aux Circulating Water Pump,03-CWS-PMP-02,03-CWS-PMP-02,null
34595,390,22,oranda.barter@kiewit.com,2026-09-30 17:07:44,null,null,DDP,,Manual,1,0,0,0,Korea,,EA,2026-04-30,null,null,null,null,PHASE B,null,null,null,null,null,null,2026-06-18,2025-10-02,null,null,null,null,2026-06-18,2026-06-18,null,null,2026-04-30,TRUE,20,SITE,,,null,null,2026-11-26,2026-11-26,null,null,null,null,null,null,2026-09-25,,2026-11-26,,Aux Circulating Water Pump Motor,03-CWS-MPM-02,03-CWS-PMP-02,null
34596,390,23,oranda.barter@kiewit.com,2026-09-30 17:07:44,null,null,DDP,,Manual,1,0,0,0,"Osaka, Japan",,EA,2026-03-31,null,null,null,null,PHASE C,null,2026-11-12,null,null,2026-10-15,2026-10-15,null,2025-10-02,null,null,null,null,2026-08-27,2026-08-27,null,null,2026-03-31,TRUE,20,SITE,,,null,null,2027-01-21,2027-01-21,null,null,null,null,null,null,2026-11-12,,2027-01-21,,Aux Circulating Water Pump,07-CWS-PMP-02,07-CWS-PMP-02,null
34597,390,24,oranda.barter@kiewit.com,2026-09-30 17:07:44,null,null,DDP,,Manual,1,0,0,0,Korea,,EA,2026-04-30,null,null,null,null,PHASE C,null,null,null,null,null,null,null,2025-10-02,null,null,null,null,2026-08-27,2026-08-27,null,null,2026-04-30,TRUE,20,SITE,,,null,null,2027-01-21,2027-01-21,null,null,null,null,null,null,2026-11-12,,2027-01-21,,Aux Circulating Water Pump Motor,07-CWS-MPM-02,07-CWS-PMP-02,null
34598,390,25,oranda.barter@kiewit.com,2026-09-30 17:07:44,null,null,DDP,,Manual,1,0,0,0,"Osaka, Japan",,EA,2026-03-31,null,null,null,null, PHASE D,null,2026-11-12,null,null,2026-10-22,2026-10-22,null,2025-10-02,null,null,null,null,2026-09-10,2026-09-10,null,null,2026-03-31,TRUE,20,SITE,,,null,null,2027-01-21,2027-01-21,null,null,null,null,null,null,2026-11-12,,2027-02-25,,Aux Circulating Water Pump,04-CWS-PMP-02,04-CWS-PMP-02,null
34599,390,26,oranda.barter@kiewit.com,2026-09-30 17:07:44,null,null,DDP,,Manual,1,0,0,0,Korea,,EA,2026-04-30,null,null,null,null, PHASE D,null,null,null,null,null,null,null,2025-10-02,null,null,null,null,2026-09-10,2026-09-10,null,null,2026-04-30,TRUE,20,SITE,,,null,null,2027-01-21,2027-01-21,null,null,null,null,null,null,2026-11-12,,2027-02-25,,Aux Circulating Water Pump Motor,04-CWS-MPM-02,04-CWS-PMP-02,null
34600,390,27,oranda.barter@kiewit.com,2026-09-30 17:07:44,null,null,DDP,,Manual,1,0,0,0,"Osaka, Japan",,EA,2026-03-31,null,null,null,null, PHASE E,null,2027-01-14,null,null,2026-12-17,2026-12-17,null,2025-10-02,null,null,null,null,2026-10-29,2026-10-29,null,null,2026-03-31,TRUE,20,SITE,,,null,null,2027-04-01,2027-04-01,null,null,null,null,null,null,2027-01-14,,2027-04-01,,Aux Circulating Water Pump,01-CWS-PMP-02,01-CWS-PMP-02,null
34601,390,28,oranda.barter@kiewit.com,2026-09-30 17:07:44,null,null,DDP,,Manual,1,0,0,0,Korea,,EA,2026-04-30,null,null,null,null, PHASE E,null,null,null,null,null,null,null,2025-10-02,null,null,null,null,2026-10-29,2026-10-29,null,null,2026-04-30,TRUE,20,SITE,,,null,null,2027-04-01,2027-04-01,null,null,null,null,null,null,2027-01-14,,2027-04-01,,Aux Circulating Water Pump Motor,01-CWS-MPM-02,01-CWS-PMP-02,null
34602,390,29,oranda.barter@kiewit.com,2026-09-30 17:07:44,null,null,DDP,,Manual,2,0,0,0,"Osaka, Japan",,EA,2026-04-30,null,null,null,null,,null,2026-10-12,null,null,2026-08-31,2026-08-31,2026-07-01,null,null,null,null,null,2026-07-01,2026-07-01,null,null,2026-04-30,TRUE,20,SITE,,,null,null,2026-12-01,2026-12-01,null,null,null,null,null,null,2026-10-12,,2026-12-01,,Raw Water Intake Pumps,00-RWS-PMP-01A/B/C,00-RWS-PMP-01A/B,null
34603,390,30,oranda.barter@kiewit.com,2026-09-30 17:07:44,null,null,DDP,,Manual,2,0,0,0,Korea,,EA,2026-04-30,null,null,null,null,,null,null,null,null,null,null,2026-07-01,null,null,null,null,null,2026-07-01,2026-07-01,null,null,2026-04-30,TRUE,20,SITE,,,null,null,2026-12-01,2026-12-01,null,null,null,null,null,null,2026-10-12,,2026-12-01,,Raw Water Intake Pump Motors,00-RWS-MPM-01A/B/C,00-RWS-MPM-01A/B,null
34604,390,31,oranda.barter@kiewit.com,2026-09-30 17:07:44,null,null,DDP,,Manual,2,0,0,0,"Osaka, Japan",,EA,2026-04-30,null,null,null,null,,null,2026-10-12,null,null,2026-08-31,2026-08-31,2026-07-01,null,null,null,null,null,2026-07-01,2026-07-01,null,null,2026-04-30,TRUE,20,SITE,,,null,null,2027-01-01,2027-01-01,null,null,null,null,null,null,2026-10-12,,2027-01-01,,Raw Water Intake Pumps,00-RWS-PMP-01D,00-RWS-PMP-01C/D,null
34605,390,32,oranda.barter@kiewit.com,2026-09-30 17:07:44,null,null,DDP,,Manual,2,0,0,0,Korea,,EA,2026-04-30,null,null,null,null,,null,null,null,null,null,null,2026-07-01,null,null,null,null,null,2026-07-01,2026-07-01,null,null,2026-04-30,TRUE,20,SITE,,,null,null,2027-01-01,2027-01-01,null,null,null,null,null,null,2026-10-12,,2027-01-01,,Raw Water Intake Pump Motors,00-RWS-MPM-01D,00-RWS-MPM-01C/D,null
